,Player,Tackles,Inter,Fouls,Clear,Blocks,OwnG,Goals,Assists,SpG,KeyP,Drb,Fouled,Off,Disp,UnsTch,Assists,KeyP,AvgP,PS%,Crosses,LongB,ThrB
0,Marco Festa,0.0,0.0,0.0,1.0,0.0,0.0,0.0,0.0,0.0,0.0,0.0,0.0,0.0,0.0,0.0,0.0,0.0,27.0,81.5,0.0,9.0,0.0
1,Cristiano Ronaldo,0.2,0.2,0.5,0.5,0.1,0.0,29.0,3.0,5.1,1.1,1.8,1.3,0.9,1.0,1.9,3.0,1.1,29.9,82.1,0.4,0.5,0.1
2,Zlatan Ibrahimovic,0.3,0.3,1.7,1.4,0.2,0.0,15.0,2.0,4.3,1.1,0.6,1.3,2.1,0.6,1.7,2.0,1.1,27.5,72.0,0.1,0.6,0.1
3,Lorenzo Insigne,0.7,1.1,0.3,0.1,0.0,0.0,19.0,7.0,4.1,1.8,1.9,1.1,0.3,1.0,1.8,7.0,1.8,48.7,83.7,0.7,3.2,0.2
4,Romelu Lukaku,0.3,0.1,0.9,0.9,0.0,0.0,24.0,11.0,2.7,1.4,1.5,1.3,0.5,1.4,2.6,11.0,1.4,20.4,72.5,0.1,0.4,0.1
5,Domenico Berardi,1.4,0.9,1.4,1.0,0.0,0.0,17.0,7.0,3.8,1.9,1.0,2.0,0.1,1.0,1.8,7.0,1.9,39.4,80.5,1.0,2.0,0.2
6,Rodrigo de Paul,1.1,0.5,0.9,0.3,0.0,0.0,9.0,9.0,2.3,2.3,3.4,3.5,0.0,1.6,2.6,9.0,2.3,51.1,79.8,2.0,4.5,0.2
7,Adam Ounas,0.6,0.2,0.7,0.1,0.1,0.0,4.0,3.0,1.7,1.4,3.8,2.1,0.6,1.5,2.5,3.0,1.4,30.2,83.0,0.5,2.3,0.2
8,Henrikh Mkhitaryan,1.7,1.1,1.1,0.2,0.0,0.0,13.0,10.0,2.4,1.4,1.4,1.4,0.3,0.7,1.5,10.0,1.4,33.9,78.5,0.4,0.9,0.2
9,Sergej Milinkovic-Savic,1.8,1.0,1.8,1.3,0.4,0.0,8.0,9.0,2.0,1.3,0.9,1.6,0.3,1.4,2.5,9.0,1.3,54.1,78.7,0.5,3.7,0.0
10,Theo Hernández,1.5,1.0,1.2,1.5,0.2,0.0,7.0,5.0,1.4,1.3,2.2,2.5,0.2,0.8,1.9,5.0,1.3,48.0,83.1,0.5,1.9,0.0
11,Papu Gómez,0.3,0.1,1.0,0.1,0.1,0.0,4.0,2.0,2.9,1.9,1.5,1.9,0.0,1.0,1.1,2.0,1.9,40.0,84.8,1.1,2.6,0.1
12,Hakan Calhanoglu,0.8,0.5,0.9,0.5,0.2,0.0,4.0,9.0,2.5,3.0,1.1,1.3,0.1,1.1,2.3,9.0,3.0,41.7,84.1,2.2,2.3,0.0
13,Luis Muriel,0.6,0.2,0.5,0.1,0.0,0.0,22.0,9.0,2.4,1.3,1.5,0.6,0.1,1.4,1.6,9.0,1.3,17.4,74.9,0.6,0.5,0.0
14,Federico Chiesa,2.0,0.3,0.7,0.7,0.3,0.0,1.0,1.0,3.3,1.7,2.0,1.0,0.7,1.7,1.7,1.0,1.7,29.3,79.5,1.3,2.0,0.0
15,Andrea Belotti,0.9,0.3,1.7,0.5,0.1,0.0,13.0,6.0,3.1,1.1,1.3,3.9,0.6,1.2,3.1,6.0,1.1,19.6,69.5,0.1,0.7,0.2
16,Lorenzo Pellegrini,1.2,1.3,1.3,0.6,0.1,0.0,7.0,6.0,2.1,1.9,1.3,1.5,0.2,0.6,2.0,6.0,1.9,38.2,82.0,1.7,1.9,0.2
17,Junior Messias,1.7,1.0,0.9,1.1,0.3,0.0,9.0,4.0,2.7,0.9,2.9,2.6,0.1,1.6,3.1,4.0,0.9,29.6,78.5,0.7,1.4,0.0
18,Federico Chiesa,1.6,0.4,1.0,0.5,0.0,0.0,8.0,8.0,2.0,1.5,1.6,1.2,0.4,0.8,1.3,8.0,1.5,23.1,80.4,0.7,1.0,0.1
19,Rafael,0.0,0.0,0.0,0.3,0.0,0.0,0.0,1.0,0.0,0.3,0.0,0.0,0.0,0.0,0.0,1.0,0.3,32.3,71.1,0.0,6.7,0.0
20,Robin Gosens,1.4,1.3,1.6,1.0,0.2,1.0,11.0,6.0,1.6,0.9,0.8,0.8,0.3,0.5,1.3,6.0,0.9,43.1,81.8,0.6,1.1,0.0
21,Lautaro Martínez,0.7,0.7,1.7,0.3,0.0,0.0,17.0,6.0,2.9,1.0,0.9,1.6,0.3,0.9,2.4,6.0,1.0,14.5,68.4,0.1,0.6,0.0
22,Juan Cuadrado,1.4,1.4,1.1,0.5,0.1,0.0,2.0,10.0,0.6,2.0,1.5,2.2,0.1,0.7,1.6,10.0,2.0,49.4,87.7,1.4,2.8,0.0
23,Ruslan Malinovskiy,0.5,0.1,1.3,0.1,0.0,0.0,8.0,12.0,1.9,2.2,1.4,1.5,0.0,1.3,1.8,12.0,2.2,27.6,80.1,1.2,1.5,0.2
24,Piotr Zielinski,0.5,0.5,0.3,0.3,0.1,0.0,8.0,10.0,1.7,1.6,1.6,1.3,0.2,0.9,1.4,10.0,1.6,32.6,85.9,0.6,1.6,0.1
25,Ciro Immobile,0.4,0.2,1.1,0.2,0.0,0.0,20.0,6.0,3.4,1.5,0.8,1.3,0.9,1.0,2.0,6.0,1.5,24.7,74.0,0.1,0.6,0.1
26,Franck Kessié,1.4,1.2,1.8,1.3,0.4,0.0,13.0,4.0,1.3,0.8,1.2,1.1,0.0,1.1,1.4,4.0,0.8,53.9,88.9,0.1,2.8,0.0
27,Cristian Romero,2.0,3.1,2.3,2.2,0.4,0.0,2.0,2.0,0.5,0.3,0.2,1.0,0.0,0.2,0.5,2.0,0.3,42.2,86.2,0.0,2.3,0.0
28,Giovanni Di Lorenzo,2.2,1.0,1.4,1.4,0.4,0.0,3.0,6.0,0.8,1.4,0.8,1.7,0.1,0.4,0.9,6.0,1.4,60.8,86.9,0.4,2.3,0.1
29,Josip Ilicic,0.3,0.1,0.8,0.0,0.0,0.0,6.0,9.0,2.1,2.2,2.0,2.5,0.3,1.6,2.6,9.0,2.2,32.2,77.5,1.0,2.1,0.2
30,Luis Alberto,1.3,0.4,0.6,0.3,0.1,0.0,9.0,2.0,2.0,2.4,1.5,1.1,0.1,1.1,1.4,2.0,2.4,51.7,81.9,0.9,2.6,0.2
31,Victor Osimhen,0.9,0.3,1.4,0.4,0.0,0.0,10.0,3.0,2.8,1.0,0.5,1.5,0.8,0.7,1.9,3.0,1.0,9.8,71.5,0.1,0.2,0.0
32,Manuel Locatelli,2.4,1.5,1.5,1.7,0.4,0.0,4.0,2.0,1.2,1.1,0.8,1.4,0.0,1.0,1.3,2.0,1.1,80.9,88.3,0.3,4.9,0.0
33,Andrea Ranocchia,1.6,1.5,1.6,2.4,0.4,0.0,0.0,1.0,1.1,0.4,0.0,0.9,0.1,0.1,0.4,1.0,0.4,61.8,94.3,0.0,2.5,0.0
34,Gianluca Pegolo,0.0,0.0,0.0,1.0,0.0,0.0,0.0,0.0,0.0,0.0,0.0,0.0,0.0,0.0,0.0,0.0,0.0,20.0,95.0,0.0,0.0,0.0
35,Duván Zapata,0.3,0.2,0.8,0.5,0.1,0.0,15.0,9.0,2.7,1.1,0.9,1.3,0.6,1.8,3.1,9.0,1.1,20.6,79.5,0.2,0.3,0.0
36,Diego Godín,2.1,2.0,1.1,4.0,0.9,0.0,1.0,0.0,0.4,0.3,0.6,1.0,0.1,0.1,0.3,0.0,0.3,55.2,83.6,0.0,4.7,0.0
37,Davide Calabria,3.2,1.2,1.0,2.2,0.3,1.0,2.0,1.0,0.8,0.7,0.6,1.1,0.1,0.4,0.9,1.0,0.7,46.5,79.2,0.5,3.0,0.0
38,Marcelo Brozovic,1.6,1.2,1.0,1.1,0.5,0.0,2.0,6.0,0.8,1.4,0.3,0.4,0.0,0.5,0.8,6.0,1.4,66.7,89.6,1.0,4.3,0.1
39,Danilo,1.8,1.9,0.7,1.8,0.4,0.0,1.0,4.0,0.6,0.7,0.6,0.6,0.1,0.3,0.5,4.0,0.7,67.2,88.9,0.4,3.1,0.1
40,Karlo Letica,0.0,0.0,0.0,2.0,0.0,0.0,0.0,0.0,0.0,0.0,0.0,0.0,0.0,0.0,0.0,0.0,0.0,27.0,85.2,0.0,4.0,0.0
41,Milan Badelj,1.9,2.9,1.1,1.4,0.3,0.0,1.0,4.0,0.6,1.0,1.2,1.1,0.0,0.7,1.0,4.0,1.0,52.4,82.1,0.1,4.2,0.0
42,Simon Kjaer,1.6,1.5,0.9,4.3,0.9,0.0,0.0,2.0,0.6,0.3,0.0,0.4,0.0,0.0,0.4,2.0,0.3,52.8,88.0,0.0,4.2,0.0
43,Paulo Dybala,0.7,0.1,0.5,0.1,0.0,0.0,4.0,3.0,2.6,1.5,1.4,1.5,0.2,0.9,1.8,3.0,1.5,31.7,87.8,0.9,1.5,0.1
44,João Pedro,0.4,0.4,1.2,0.7,0.2,0.0,16.0,3.0,2.1,1.0,1.1,2.6,0.3,0.9,2.0,3.0,1.0,24.7,74.3,0.1,1.2,0.0
45,Remo Freuler,1.9,1.1,1.1,0.7,0.1,0.0,2.0,3.0,0.6,0.9,1.1,0.9,0.0,0.9,1.5,3.0,0.9,61.1,89.0,0.1,2.5,0.0
46,Ignacio Pussetto,1.5,1.2,1.6,0.5,0.0,0.0,3.0,1.0,1.5,0.7,1.4,0.9,0.6,2.1,1.9,1.0,0.7,15.2,67.7,0.1,0.3,0.0
47,Ante Rebic,1.0,0.3,1.2,0.6,0.0,0.0,11.0,4.0,1.6,1.3,0.7,0.5,0.4,1.1,2.4,4.0,1.3,14.8,67.7,0.5,0.3,0.1
48,Fabián Ruiz,1.8,1.1,0.3,0.9,0.1,0.0,3.0,1.0,1.3,1.2,0.8,0.8,0.0,0.6,0.7,1.0,1.2,63.0,90.2,0.2,5.2,0.0
49,Leonardo Spinazzola,0.4,0.9,0.3,1.0,0.0,1.0,2.0,4.0,0.8,1.4,2.2,0.4,0.1,0.3,1.1,4.0,1.4,38.3,80.6,0.9,2.1,0.1
50,Achraf Hakimi,1.4,0.6,0.8,0.4,0.0,0.0,7.0,8.0,1.1,1.0,0.9,1.0,0.2,0.5,1.5,8.0,1.0,32.7,84.5,0.8,0.9,0.0
51,Marten de Roon,2.3,2.0,1.9,1.1,0.3,0.0,1.0,1.0,0.5,0.5,0.3,0.7,0.0,0.3,0.5,1.0,0.5,61.8,85.5,0.1,4.0,0.0
52,Hirving Lozano,0.9,0.6,1.0,0.2,0.0,0.0,11.0,3.0,1.8,1.1,0.9,2.2,0.3,0.7,1.7,3.0,1.1,16.7,76.6,0.4,0.3,0.0
53,Juraj Kucka ,2.4,1.0,2.3,0.8,0.1,0.0,7.0,2.0,2.1,0.6,1.1,2.5,0.1,1.1,1.7,2.0,0.6,32.3,72.4,0.2,1.1,0.1
54,Fikayo Tomori,1.6,1.1,0.8,3.5,1.2,0.0,1.0,0.0,0.3,0.0,0.2,0.1,0.0,0.1,0.5,0.0,0.0,53.6,88.7,0.0,2.8,0.0
55,Nicolò Barella,1.6,0.7,1.2,0.3,0.1,0.0,3.0,7.0,1.0,1.3,1.0,1.5,0.1,0.8,1.8,7.0,1.3,51.1,84.9,0.4,2.2,0.1
56,Alex Sandro,1.4,1.2,1.0,2.0,0.2,1.0,2.0,1.0,0.5,0.7,0.8,1.1,0.0,0.4,0.9,1.0,0.7,48.3,87.7,0.5,2.5,0.0
57,Rodrigo Bentancur,1.9,1.4,1.4,1.2,0.4,0.0,0.0,4.0,0.5,0.9,1.1,0.8,0.1,0.5,0.9,4.0,0.9,55.0,89.8,0.3,3.2,0.0
58,Vlad Chiriches,1.6,2.1,1.3,2.3,0.9,1.0,2.0,1.0,0.5,0.3,0.5,0.6,0.0,0.2,0.5,1.0,0.3,66.7,93.7,0.0,2.3,0.0
59,Roberto Soriano,1.3,0.5,2.0,1.1,0.2,0.0,9.0,6.0,1.6,1.4,1.0,1.3,0.1,0.8,1.7,6.0,1.4,39.4,82.9,0.2,1.1,0.1
60,Marco Faraoni,1.9,1.4,1.4,2.2,0.5,0.0,4.0,7.0,1.0,0.7,0.6,1.1,0.3,0.4,1.4,7.0,0.7,34.3,71.6,0.4,2.3,0.0
61,Daniel Fuzato,0.0,0.0,0.0,0.4,0.0,0.0,0.0,0.0,0.0,0.0,0.0,0.0,0.0,0.0,0.0,0.0,0.0,24.2,68.6,0.0,3.8,0.0
62,Álvaro Morata,0.5,0.2,1.2,0.7,0.1,0.0,11.0,9.0,1.8,1.3,0.7,1.4,0.6,1.3,2.3,9.0,1.3,18.0,76.5,0.2,0.5,0.1
63,Andrea Consigli,0.1,0.0,0.1,0.7,0.0,0.0,0.0,0.0,0.0,0.0,0.0,0.1,0.0,0.0,0.0,0.0,0.0,31.9,78.8,0.0,4.4,0.0
64,Edin Dzeko,0.3,0.0,0.9,0.4,0.1,0.0,7.0,3.0,2.6,1.1,1.0,1.4,0.4,1.1,2.1,3.0,1.1,18.0,68.8,0.1,0.7,0.0
65,Berat Djimsiti,1.2,1.9,0.9,2.5,0.6,0.0,0.0,2.0,0.6,0.6,0.3,0.8,0.0,0.3,0.8,2.0,0.6,52.6,87.4,0.1,2.2,0.0
66,Omar Colley,1.0,2.3,1.2,4.6,1.0,0.0,2.0,0.0,0.4,0.1,0.1,0.8,0.0,0.0,0.3,0.0,0.1,46.6,81.1,0.0,4.4,0.0
67,Federico Dimarco,0.9,1.3,0.9,1.3,0.3,0.0,5.0,3.0,1.1,2.1,0.3,1.4,0.2,0.3,0.8,3.0,2.1,42.1,75.7,2.1,2.5,0.0
68,Dusan Vlahovic,0.4,0.1,1.4,0.4,0.1,0.0,21.0,3.0,2.3,0.5,0.7,1.9,0.7,2.4,2.9,3.0,0.5,16.1,66.3,0.0,0.4,0.0
69,Adrien Rabiot,2.1,1.3,1.3,0.8,0.3,0.0,4.0,2.0,1.0,0.3,1.1,0.6,0.0,0.4,1.1,2.0,0.3,41.6,90.8,0.1,1.2,0.0
70,Joaquín Correa,0.8,0.3,0.9,0.4,0.0,0.0,8.0,3.0,1.9,1.0,1.3,1.9,0.1,1.3,2.3,3.0,1.0,24.4,83.2,0.1,0.9,0.0
71,Milan Skriniar,1.5,0.9,1.1,2.7,0.6,0.0,3.0,0.0,0.5,0.3,0.2,0.8,0.0,0.4,0.6,0.0,0.3,67.5,92.2,0.1,2.6,0.0
72,Gianluca Mancini,1.6,2.2,2.0,2.2,0.6,0.0,4.0,2.0,0.8,0.2,0.5,0.8,0.0,0.2,0.4,2.0,0.2,59.8,88.2,0.1,3.3,0.0
73,Mattia Zaccagni,0.8,0.8,1.0,0.3,0.1,0.0,5.0,5.0,0.9,1.1,1.7,3.0,0.3,1.8,2.1,5.0,1.1,23.7,74.1,0.3,0.9,0.0
74,Stefan de Vrij,0.9,1.3,0.6,2.9,0.6,0.0,1.0,0.0,0.4,0.2,0.2,0.3,0.0,0.1,0.2,0.0,0.2,61.3,93.8,0.0,2.7,0.0
75,Dries Mertens,0.6,0.3,0.5,0.1,0.0,0.0,9.0,8.0,1.9,1.2,0.4,0.3,0.2,0.2,0.6,8.0,1.2,14.6,80.3,0.4,0.3,0.0
76,Morten Thorsby,2.3,0.8,2.2,0.8,0.5,0.0,3.0,1.0,0.7,0.5,0.4,0.7,0.1,0.5,1.2,1.0,0.5,29.2,74.9,0.0,0.5,0.0
77,Rafael Leão,0.4,0.1,0.9,0.4,0.0,0.0,6.0,6.0,1.4,0.9,1.3,0.7,0.1,0.5,1.8,6.0,0.9,15.3,75.7,0.2,0.2,0.0
78,Guglielmo Vicario,0.0,0.0,0.0,0.8,0.0,0.0,0.0,0.0,0.0,0.0,0.0,0.3,0.0,0.0,0.0,0.0,0.0,22.3,62.9,0.0,7.3,0.0
79,Simone Bastoni,2.3,0.7,1.6,1.3,0.0,0.0,1.0,6.0,1.0,1.3,1.1,1.2,0.1,0.9,1.3,6.0,1.3,37.9,76.6,1.3,2.4,0.0
80,Kalidou Koulibaly,1.4,1.1,1.1,2.2,1.0,0.0,0.0,0.0,0.4,0.2,0.7,0.3,0.0,0.2,0.3,0.0,0.2,67.8,88.7,0.1,4.8,0.0
81,Bremer,1.5,2.1,0.9,4.1,0.6,0.0,5.0,0.0,0.8,0.2,0.2,0.5,0.0,0.2,0.7,0.0,0.2,50.2,82.7,0.0,3.5,0.0
82,Ibañez,2.0,2.3,1.8,2.6,0.6,1.0,0.0,1.0,0.5,0.4,0.5,1.0,0.0,0.3,0.8,1.0,0.4,56.6,86.9,0.0,3.2,0.0
83,Alessandro Bastoni,1.1,1.2,1.2,2.2,0.5,0.0,0.0,3.0,0.3,0.4,0.4,0.8,0.0,0.2,0.6,3.0,0.4,68.0,90.5,0.1,4.6,0.0
84,Francesco Acerbi,1.6,2.4,1.0,3.6,0.5,0.0,0.0,1.0,0.3,0.3,0.2,0.8,0.1,0.3,0.7,1.0,0.3,63.7,89.4,0.3,5.3,0.0
85,Antonio Sanabria,0.6,0.4,1.2,0.6,0.0,0.0,5.0,1.0,1.4,0.5,0.8,0.9,0.2,1.4,2.1,1.0,0.5,18.4,75.1,0.1,0.7,0.0
86,Matteo Politano,0.6,0.4,0.4,0.5,0.0,0.0,9.0,4.0,1.7,0.9,1.0,1.3,0.0,0.6,1.2,4.0,0.9,20.5,81.7,0.5,0.9,0.1
87,Jeremie Boga,0.4,0.3,0.3,0.2,0.0,0.0,4.0,2.0,1.2,0.4,3.2,1.3,0.3,1.1,2.1,2.0,0.4,27.5,89.4,0.1,0.6,0.0
88,Hans Hateboer,1.3,0.8,0.9,0.4,0.0,0.0,2.0,1.0,1.2,0.9,0.2,0.4,0.1,0.5,1.3,1.0,0.9,38.7,87.1,0.5,0.8,0.0
89,Kevin Strootman,1.7,1.4,1.4,0.8,0.2,0.0,0.0,4.0,0.3,1.3,0.5,0.7,0.1,0.6,0.9,4.0,1.3,44.0,84.1,0.4,1.7,0.1
90,Wilfried Stephane Singo,1.0,1.0,1.0,1.3,0.1,0.0,1.0,2.0,0.4,0.9,1.9,1.8,0.1,0.5,1.5,2.0,0.9,25.5,79.9,0.6,0.9,0.0
91,Pietro Terracciano,0.0,0.0,0.0,0.5,0.0,0.0,0.0,0.0,0.0,0.0,0.0,0.0,0.0,0.0,0.0,0.0,0.0,19.5,50.0,0.0,7.5,0.0
92,Simone Edera,1.5,0.5,0.5,0.5,0.0,0.0,0.0,0.0,1.5,1.5,1.0,0.5,0.0,0.0,1.0,0.0,1.5,8.5,82.4,1.5,0.5,0.0
93,Gian Marco Ferrari,0.9,1.5,1.2,2.8,1.1,0.0,0.0,4.0,0.7,0.4,0.2,1.1,0.0,0.2,0.5,4.0,0.4,79.6,91.7,0.0,3.4,0.0
94,Ionut Radu,0.0,0.0,0.0,1.0,0.0,0.0,0.0,0.0,0.0,0.0,0.0,0.0,0.0,0.0,0.0,0.0,0.0,22.0,95.5,0.0,0.5,0.0
95,Alberto Paleari,0.0,0.0,0.0,1.0,0.0,0.0,0.0,0.0,0.0,0.0,0.0,0.3,0.0,0.0,0.0,0.0,0.0,22.3,62.7,0.0,3.0,0.0
96,Musa Barrow,0.7,0.3,0.4,0.3,0.1,0.0,8.0,8.0,2.3,1.6,0.9,0.8,0.3,1.4,2.7,8.0,1.6,26.4,77.1,0.9,1.4,0.0
97,Matthijs de Ligt,1.4,1.1,1.5,2.4,0.8,0.0,1.0,1.0,0.7,0.3,0.2,0.9,0.1,0.1,0.4,1.0,0.3,63.9,92.5,0.1,2.6,0.0
98,Nehuén Paz,1.5,1.8,0.5,2.7,0.3,0.0,1.0,0.0,0.3,0.2,0.0,0.3,0.0,0.0,0.3,0.0,0.2,39.0,83.3,0.0,1.2,0.0
99,Koray Günter,0.7,2.6,1.1,3.1,0.9,0.0,0.0,2.0,0.2,0.2,0.3,0.4,0.0,0.0,0.2,2.0,0.2,42.1,88.2,0.0,2.9,0.0
100,Franck Ribéry,0.8,0.1,1.2,0.0,0.1,0.0,2.0,6.0,0.7,1.2,2.2,2.5,0.2,2.9,2.5,6.0,1.2,29.3,89.2,0.1,1.5,0.2
101,Emil Audero,0.0,0.0,0.0,0.6,0.0,0.0,0.0,1.0,0.0,0.0,0.0,0.2,0.0,0.0,0.0,1.0,0.0,28.8,65.6,0.0,7.2,0.0
102,Elseid Hysaj,1.2,1.3,0.7,1.8,0.2,0.0,0.0,2.0,0.3,0.6,0.9,0.8,0.0,0.3,1.0,2.0,0.6,44.1,84.6,0.0,2.0,0.1
103,Marko Rog,2.9,1.4,2.4,0.9,0.4,0.0,0.0,0.0,0.6,0.6,1.4,1.6,0.0,0.9,1.4,0.0,0.6,43.7,88.1,0.1,1.6,0.0
104,Alessio Cragno,0.0,0.0,0.1,0.7,0.0,0.0,0.0,0.0,0.0,0.0,0.0,0.1,0.0,0.0,0.0,0.0,0.0,24.2,64.8,0.0,6.3,0.0
105,Gianluigi Donnarumma,0.0,0.0,0.0,0.9,0.0,0.0,0.0,0.0,0.0,0.0,0.0,0.1,0.0,0.0,0.0,0.0,0.0,29.2,77.0,0.0,5.5,0.0
106,Alexis Sánchez,0.5,0.2,0.6,0.0,0.0,0.0,7.0,5.0,1.0,1.1,0.8,1.1,0.3,1.1,1.4,5.0,1.1,16.0,80.0,0.4,0.9,0.2
107,M'Bala Nzola,0.5,0.1,2.2,0.8,0.0,0.0,11.0,3.0,1.8,0.9,1.1,1.1,1.0,1.6,3.3,3.0,0.9,18.4,84.3,0.0,0.7,0.0
108,Antonio Candreva,0.8,0.3,0.4,0.5,0.1,0.0,5.0,8.0,1.6,1.8,0.8,0.8,0.3,0.3,1.4,8.0,1.8,36.5,77.0,1.5,3.4,0.0
109,Cristián Zapata,1.5,1.3,0.5,4.7,0.9,0.0,0.0,0.0,0.3,0.1,0.1,0.4,0.0,0.2,0.4,0.0,0.1,40.8,87.1,0.0,2.0,0.0
110,Nikola Milenkovic,1.4,1.3,1.6,3.6,1.0,0.0,3.0,1.0,0.6,0.2,0.2,0.5,0.0,0.1,0.4,1.0,0.2,46.6,86.0,0.0,2.5,0.0
111,Mattia Perin,0.0,0.0,0.1,0.6,0.0,0.0,0.0,0.0,0.0,0.0,0.0,0.1,0.0,0.0,0.0,0.0,0.0,31.8,60.4,0.0,7.5,0.0
112,Razvan Marin,1.5,0.8,1.3,0.4,0.3,0.0,3.0,6.0,0.7,1.9,0.9,0.6,0.1,0.7,1.3,6.0,1.9,41.1,87.5,1.4,2.4,0.0
113,Léo Sena,1.4,0.7,0.4,0.2,0.3,0.0,0.0,0.0,0.1,0.1,2.3,3.8,0.0,0.7,0.6,0.0,0.1,38.1,88.7,0.1,5.3,0.0
114,Armando Izzo,1.2,2.1,1.7,2.4,0.4,0.0,2.0,0.0,0.7,0.2,0.5,1.4,0.1,0.3,0.7,0.0,0.2,46.5,81.6,0.3,4.0,0.0
115,Francesco Caputo,0.0,0.0,0.6,0.1,0.0,0.0,11.0,5.0,1.7,0.6,0.2,1.3,0.8,0.5,1.5,5.0,0.6,16.3,77.7,0.0,0.2,0.0
116,Diego Demme,2.3,0.5,1.4,0.6,0.0,0.0,2.0,3.0,0.6,0.8,0.3,1.2,0.0,0.8,0.6,3.0,0.8,51.8,89.2,0.0,2.4,0.0
117,Takehiro Tomiyasu,1.5,1.7,1.0,3.3,0.6,1.0,2.0,0.0,0.5,0.3,0.5,0.4,0.1,0.3,1.0,0.0,0.3,48.7,82.1,0.2,3.0,0.0
118,Bram Nuytinck,1.1,1.3,0.4,3.6,0.9,0.0,1.0,0.0,0.2,0.2,0.2,0.3,0.0,0.1,0.4,0.0,0.2,41.2,84.2,0.1,2.4,0.0
119,Davide Zappacosta,1.3,0.7,0.9,1.5,0.0,0.0,4.0,2.0,1.6,0.5,1.3,0.8,0.3,0.9,1.7,2.0,0.5,32.0,83.6,0.6,0.8,0.0
120,Tiemoué Bakayoko,2.2,1.1,1.1,0.3,0.1,0.0,2.0,1.0,0.5,0.4,0.8,1.6,0.0,0.6,0.8,1.0,0.4,38.2,88.3,0.0,1.4,0.0
121,Stefan Radu,1.4,1.5,0.6,2.3,0.5,0.0,0.0,3.0,0.2,0.6,0.4,0.7,0.0,0.2,0.5,3.0,0.6,49.4,85.3,0.6,3.0,0.0
122,Aaron Ramsey,1.0,0.3,0.9,0.3,0.1,0.0,2.0,4.0,1.1,1.4,0.5,0.8,0.1,0.4,1.4,4.0,1.4,31.8,87.1,0.5,1.5,0.0
123,Alessio gnoli,0.8,1.1,0.9,3.5,1.0,0.0,1.0,1.0,0.7,0.1,0.0,0.5,0.0,0.0,0.3,1.0,0.1,46.5,89.6,0.0,1.4,0.0
124,Cristian Ansaldi,1.5,0.5,0.8,1.0,0.2,0.0,1.0,6.0,0.6,1.2,0.9,0.7,0.0,0.5,0.8,6.0,1.2,20.5,75.4,1.6,2.1,0.0
125,Gianluigi Buffon,0.0,0.0,0.0,0.8,0.0,0.0,0.0,0.0,0.0,0.0,0.0,0.1,0.0,0.0,0.0,0.0,0.0,32.6,82.0,0.0,4.0,0.0
126,David Ospina,0.0,0.0,0.1,0.8,0.0,0.0,0.0,1.0,0.0,0.1,0.0,0.3,0.0,0.0,0.0,1.0,0.1,30.9,81.4,0.0,5.9,0.0
127,Radja Nainggolan,1.9,0.7,1.0,0.7,0.0,0.0,1.0,0.0,2.2,1.0,1.3,1.0,0.0,1.5,1.5,0.0,1.0,34.3,80.0,0.8,3.0,0.0
128,Gianluca Caprari,0.5,0.6,0.8,0.2,0.0,0.0,5.0,6.0,1.6,1.2,1.7,1.8,0.3,1.7,2.4,6.0,1.2,19.7,80.6,0.8,0.8,0.0
129,Yildirim Mert Çetin,1.3,2.3,1.0,2.2,1.0,0.0,0.0,0.0,0.3,0.0,0.5,0.7,0.0,0.3,0.3,0.0,0.0,28.7,79.7,0.0,3.3,0.0
130,Simy,0.2,0.2,1.3,1.3,0.1,0.0,20.0,2.0,1.7,0.7,0.9,1.2,0.6,1.9,3.2,2.0,0.7,18.2,77.1,0.0,0.3,0.0
131,José Luis Palomino,1.9,2.2,1.3,1.5,0.4,0.0,1.0,2.0,0.1,0.3,0.1,0.4,0.1,0.1,0.4,2.0,0.3,42.1,82.8,0.0,2.5,0.0
132,Hernani ,1.5,0.9,1.5,1.1,0.1,0.0,7.0,3.0,1.0,1.1,1.1,0.7,0.0,0.8,1.2,3.0,1.1,29.6,83.4,0.6,2.8,0.0
133,Bartosz Bereszynski,2.1,1.4,0.9,2.2,0.6,0.0,1.0,0.0,0.1,0.3,0.6,0.9,0.0,0.5,0.9,0.0,0.3,39.1,82.2,0.2,1.3,0.0
134,Diogo Dalot,1.5,1.2,1.2,1.8,0.2,0.0,1.0,1.0,0.5,0.4,0.4,0.2,0.1,0.2,0.8,1.0,0.4,23.2,79.1,0.5,1.8,0.0
135,Nahitan Nández,1.8,0.7,1.3,1.5,0.1,0.0,2.0,2.0,1.0,1.0,1.2,1.8,0.3,0.9,1.6,2.0,1.0,30.9,77.7,0.8,1.0,0.0
136,Riccardo Orsolini,1.1,0.3,0.6,0.6,0.1,0.0,7.0,3.0,1.6,0.9,1.1,1.3,0.2,0.5,1.4,3.0,0.9,18.1,69.9,0.8,0.7,0.1
137,Filip Djuricic,1.0,0.3,1.6,0.4,0.1,0.0,5.0,4.0,1.7,1.7,1.1,1.2,0.2,1.5,1.7,4.0,1.7,27.4,78.9,0.1,0.4,0.0
138,Wojciech Szczesny,0.0,0.1,0.0,0.7,0.0,0.0,0.0,1.0,0.0,0.0,0.0,0.0,0.0,0.0,0.0,1.0,0.0,29.4,89.1,0.0,4.3,0.0
139,Fabio Quagliarella,0.4,0.2,0.8,0.3,0.0,0.0,13.0,1.0,2.5,0.6,0.5,1.1,0.5,1.0,1.8,1.0,0.6,15.2,71.1,0.1,0.6,0.0
140,Ismaël Bennacer,1.9,1.0,1.0,0.6,0.0,0.0,0.0,2.0,0.6,0.2,1.4,1.4,0.0,0.7,1.0,2.0,0.2,46.0,87.9,0.0,2.5,0.0
141,Giacomo Bonaventura,1.0,1.1,1.1,0.3,0.1,0.0,3.0,2.0,1.3,0.7,1.2,1.2,0.2,0.9,1.1,2.0,0.7,26.8,82.3,0.3,1.4,0.0
142,Merih Demiral,0.8,1.4,0.7,2.6,0.6,0.0,0.0,1.0,0.4,0.3,0.1,0.1,0.1,0.1,0.2,1.0,0.3,41.3,94.0,0.0,1.3,0.0
143,Lukasz Skorupski,0.0,0.0,0.0,1.2,0.0,0.0,0.0,0.0,0.0,0.0,0.0,0.0,0.0,0.0,0.1,0.0,0.0,28.1,74.7,0.0,4.3,0.0
144,Rodrigo Palacio,0.4,0.2,1.1,0.8,0.0,0.0,5.0,5.0,1.5,1.1,1.0,2.0,1.0,1.3,2.4,5.0,1.1,24.6,79.4,0.3,0.6,0.0
145,Mattia Bani,0.9,2.5,1.2,3.5,1.0,0.0,0.0,0.0,0.5,0.2,0.0,0.6,0.1,0.5,0.2,0.0,0.2,47.5,84.1,0.1,3.7,0.0
146,Giangiacomo Magnani,1.0,1.8,1.8,4.0,0.6,1.0,0.0,0.0,0.5,0.0,0.1,1.2,0.0,0.0,0.6,0.0,0.0,24.2,75.5,0.0,1.6,0.0
147,Yordan Osorio ,1.0,2.3,0.7,3.2,0.8,0.0,0.0,0.0,0.3,0.1,0.7,0.7,0.0,0.5,0.9,0.0,0.1,49.3,88.5,0.0,4.0,0.0
148,Gastón Brugman ,1.3,1.7,1.0,1.2,0.2,0.0,1.0,1.0,0.7,1.0,0.6,0.8,0.0,0.3,0.8,1.0,1.0,39.9,87.5,0.7,3.4,0.1
149,Gian Marco Crespi,0.0,0.0,0.0,0.0,0.0,0.0,0.0,0.0,0.0,0.0,0.0,0.0,0.0,0.0,0.0,0.0,0.0,36.0,86.1,0.0,8.0,0.0
150,Gianluca Scamacca,0.7,0.3,1.2,0.5,0.2,1.0,8.0,2.0,1.8,0.6,0.6,0.7,0.4,1.0,1.7,2.0,0.6,13.0,66.1,0.1,0.8,0.0
151,Arkadiusz Reca,1.1,1.7,1.1,1.9,0.1,0.0,2.0,3.0,1.0,0.9,1.2,0.8,0.2,0.5,1.6,3.0,0.9,25.8,73.3,0.5,0.8,0.0
152,Christian Eriksen,0.5,0.3,0.5,0.4,0.0,0.0,3.0,0.0,1.2,1.2,0.4,0.2,0.0,0.7,0.7,0.0,1.2,36.6,87.3,1.2,2.0,0.0
153,Jerdy Schouten,1.5,2.3,1.4,1.0,0.4,0.0,1.0,1.0,0.3,0.7,1.1,0.7,0.0,0.6,1.0,1.0,0.7,40.6,87.1,0.1,2.2,0.1
154,Antonin Barak,0.9,0.4,1.8,1.1,0.2,0.0,7.0,3.0,1.3,0.7,0.8,0.5,0.1,0.9,1.3,3.0,0.7,37.7,78.8,0.1,1.5,0.0
155,Matteo Gabbia,1.1,0.4,0.6,2.5,0.8,0.0,0.0,0.0,0.6,0.0,0.0,0.6,0.0,0.0,0.3,0.0,0.0,45.0,91.7,0.0,2.8,0.0
156,Dejan Kulusevski,0.9,0.3,1.2,0.1,0.0,0.0,4.0,3.0,1.0,1.5,1.2,0.8,0.1,1.3,1.9,3.0,1.5,20.0,81.3,0.5,0.2,0.1
157,Mattia Destro,0.2,0.1,1.3,0.3,0.0,0.0,11.0,1.0,1.3,0.2,0.8,1.3,0.8,0.7,1.5,1.0,0.2,9.3,69.1,0.0,0.2,0.0
158,Jordan Veretout,0.7,0.4,1.1,0.7,0.1,0.0,10.0,2.0,1.4,0.9,0.4,0.4,0.1,0.3,0.7,2.0,0.9,42.9,88.1,0.5,2.8,0.0
159,Hamed Traore,0.8,0.5,0.7,0.3,0.1,0.0,5.0,2.0,1.2,1.0,1.5,0.5,0.1,0.7,1.6,2.0,1.0,22.3,79.6,0.4,0.7,0.0
160,Erick Pulgar,1.3,1.3,0.7,1.3,0.3,0.0,1.0,3.0,0.5,0.7,0.4,0.7,0.0,0.2,0.8,3.0,0.7,34.5,85.1,0.7,2.1,0.0
161,Weston McKennie,1.0,0.8,1.3,0.7,0.1,0.0,5.0,2.0,0.9,0.8,0.6,0.2,0.1,0.6,1.1,2.0,0.8,22.2,85.4,0.0,0.7,0.0
162,Giuseppe Pezzella ,1.4,0.5,1.0,1.8,0.4,0.0,1.0,4.0,0.3,0.8,1.5,1.0,0.0,1.0,0.8,4.0,0.8,32.3,81.8,0.7,1.8,0.0
163,Domenico Criscito,1.9,1.9,1.0,2.2,0.6,0.0,1.0,0.0,0.3,0.3,0.2,1.1,0.0,0.2,0.4,0.0,0.3,44.2,82.3,0.2,3.3,0.0
164,Albin Ekdal,1.8,1.5,1.5,1.0,0.4,0.0,2.0,1.0,0.4,0.3,0.6,1.8,0.0,0.6,0.7,1.0,0.3,32.7,83.8,0.0,1.2,0.0
165,Ivan Perisic,0.7,0.6,0.4,1.0,0.1,0.0,4.0,4.0,1.1,0.9,0.2,0.1,0.3,0.2,0.7,4.0,0.9,19.0,76.0,0.6,0.9,0.0
166,Pedro,0.9,0.3,0.9,0.0,0.0,0.0,5.0,2.0,1.6,1.1,1.1,1.3,0.3,0.4,1.7,2.0,1.1,22.7,81.4,0.3,1.0,0.0
167,Matteo Scozzarella ,1.3,2.0,1.0,0.0,0.3,0.0,0.0,0.0,0.0,2.0,0.0,0.3,0.0,0.7,0.3,0.0,2.0,31.0,84.9,1.7,2.3,0.0
168,Alex Ferrari,2.3,1.9,0.8,2.1,0.5,0.0,0.0,1.0,0.0,0.3,0.1,0.8,0.0,0.3,0.8,1.0,0.3,36.9,84.2,0.1,2.4,0.0
169,Roberto Pereyra,0.5,0.8,1.1,0.6,0.1,0.0,5.0,7.0,0.8,1.3,1.1,1.7,0.2,1.5,2.4,7.0,1.3,35.4,87.4,0.2,1.0,0.0
170,Ivan Ilic,0.9,0.9,0.8,0.8,0.2,0.0,2.0,0.0,0.4,0.6,1.0,1.0,0.0,0.4,0.9,0.0,0.6,38.1,85.8,0.3,1.5,0.0
171,Rafael Tolói,1.6,1.1,1.2,2.0,0.2,0.0,2.0,0.0,0.9,0.5,0.3,0.5,0.0,0.4,0.7,0.0,0.5,52.0,83.3,0.2,3.1,0.0
172,Manolo Gabbiadini,0.1,0.2,0.8,0.3,0.1,0.0,3.0,2.0,1.8,0.7,0.2,1.1,0.2,0.3,1.1,2.0,0.7,13.3,75.0,0.1,0.6,0.0
173,Lucas Leiva,2.1,1.8,1.5,0.7,0.0,0.0,0.0,0.0,0.4,0.2,0.3,0.8,0.0,0.4,0.4,0.0,0.2,45.7,86.8,0.1,1.7,0.0
174,Luiz Felipe,2.3,1.5,1.0,1.9,0.6,0.0,0.0,0.0,0.3,0.2,0.1,0.6,0.1,0.1,0.5,0.0,0.2,38.8,91.3,0.1,1.6,0.0
175,Gaetano Letizia,1.5,0.8,0.6,1.5,0.1,0.0,3.0,1.0,0.5,0.6,0.5,0.9,0.0,0.5,0.8,1.0,0.6,28.3,80.4,0.9,1.8,0.0
176,Darko Lazovic,0.9,0.6,0.3,0.8,0.2,0.0,3.0,6.0,1.0,1.1,0.6,0.1,0.3,0.5,1.0,6.0,1.1,32.5,76.7,0.9,1.3,0.0
177,Alexis Saelemaekers,1.3,0.8,0.9,0.1,0.0,0.0,2.0,4.0,0.9,0.9,1.2,1.1,0.2,0.6,1.9,4.0,0.9,25.1,82.6,0.3,0.5,0.0
178,Andrea Carboni,2.3,0.9,0.7,3.1,0.3,0.0,0.0,1.0,0.3,0.3,0.2,0.4,0.0,0.1,0.3,1.0,0.3,36.6,79.4,0.4,1.7,0.0
179,Adam Marusic,1.1,1.1,0.5,1.3,0.2,1.0,2.0,3.0,0.8,0.8,0.7,0.4,0.1,0.6,0.7,3.0,0.8,37.3,85.4,0.4,1.6,0.0
180,Georgios Kyriakopoulos,1.5,0.7,0.7,1.4,0.2,0.0,1.0,0.0,1.0,0.6,1.2,0.3,0.0,0.8,1.0,0.0,0.6,36.7,85.7,0.4,1.0,0.0
181,Leonardo Bonucci,0.7,1.2,0.8,2.4,0.5,0.0,2.0,0.0,0.6,0.1,0.1,0.6,0.1,0.1,0.2,0.0,0.1,55.8,90.4,0.0,4.5,0.0
182,Simone Verdi,0.6,0.2,0.7,0.1,0.0,0.0,1.0,5.0,1.2,1.6,1.2,0.7,0.1,0.8,1.0,5.0,1.6,17.1,77.6,1.4,1.3,0.0
183,Lyanco,0.9,2.0,1.0,3.1,1.1,0.0,0.0,0.0,0.5,0.3,0.8,0.6,0.0,0.2,0.4,0.0,0.3,54.4,85.9,0.0,4.8,0.0
184,Adama Soumaoro,1.2,1.0,1.7,3.3,1.2,0.0,1.0,0.0,0.4,0.2,0.3,1.0,0.0,0.1,0.4,0.0,0.2,46.0,88.9,0.0,1.6,0.0
185,Federico Ceccherini,0.6,1.6,1.9,2.4,0.3,0.0,0.0,0.0,0.5,0.2,0.4,1.3,0.0,0.2,0.6,0.0,0.2,35.7,80.9,0.0,1.9,0.0
186,Tomás Rincón,1.9,0.9,2.0,1.1,0.2,0.0,1.0,1.0,0.6,0.4,1.0,1.2,0.0,0.7,1.1,1.0,0.4,37.1,84.6,0.2,2.8,0.0
187,Chris Smalling,0.9,1.8,0.8,2.8,0.7,0.0,0.0,1.0,0.4,0.1,0.3,0.5,0.1,0.3,0.5,1.0,0.1,42.6,90.7,0.0,2.0,0.0
188,Rick Karsdorp,1.1,0.9,1.1,0.9,0.0,0.0,1.0,6.0,0.4,0.8,0.6,0.4,0.1,0.4,0.6,6.0,0.8,32.2,83.8,0.3,1.2,0.0
189,Nicolas Viola,0.9,0.5,0.8,0.4,0.2,0.0,5.0,3.0,1.1,1.1,0.7,1.4,0.0,0.4,1.1,3.0,1.1,26.4,71.4,0.7,1.4,0.1
190,Bryan Cristante,0.8,1.2,0.9,1.8,0.2,1.0,1.0,3.0,0.8,0.5,0.7,0.4,0.1,0.2,0.6,3.0,0.5,44.5,83.1,0.1,3.9,0.1
191,Tolgay Arslan,1.7,0.7,1.3,0.4,0.1,0.0,3.0,0.0,0.7,0.3,1.1,1.5,0.0,0.7,0.7,0.0,0.3,28.9,85.6,0.1,1.3,0.0
192,Andreas Cornelius ,0.4,0.0,1.2,0.9,0.1,0.0,1.0,4.0,1.0,0.8,0.4,1.7,0.5,1.2,1.9,4.0,0.8,20.0,68.2,0.0,0.5,0.1
193,Adrien Tameze,1.2,1.0,1.1,1.2,0.2,0.0,1.0,0.0,0.5,0.4,1.1,0.9,0.1,0.8,1.2,0.0,0.4,30.5,80.0,0.2,1.8,0.0
194,Giorgio Chiellini,0.7,1.6,1.1,3.3,0.8,1.0,0.0,1.0,0.4,0.1,0.1,0.9,0.1,0.1,0.3,1.0,0.1,65.1,92.1,0.1,3.7,0.0
195,Alex Meret,0.0,0.0,0.0,0.6,0.0,0.0,0.0,0.0,0.0,0.0,0.0,0.0,0.0,0.0,0.0,0.0,0.0,23.0,87.8,0.0,3.2,0.0
196,Charalampos Lykogiannis,1.1,1.0,0.9,2.5,0.4,0.0,4.0,2.0,0.9,0.5,0.4,0.8,0.1,0.3,1.1,2.0,0.5,28.1,73.0,0.7,1.3,0.0
197,Lucas Martínez Quarta,1.5,1.9,1.1,2.1,0.4,0.0,1.0,0.0,0.8,0.3,0.7,0.5,0.0,0.3,0.7,0.0,0.3,37.9,80.8,0.1,2.7,0.0
198,Thomas Strakosha,0.1,0.1,0.0,0.6,0.0,0.0,0.0,0.0,0.0,0.0,0.0,0.2,0.0,0.0,0.0,0.0,0.0,32.8,83.1,0.0,7.7,0.0
199,Mario Pasalic,1.0,0.3,0.8,0.2,0.0,0.0,6.0,2.0,0.8,0.7,0.4,0.4,0.0,0.7,1.0,2.0,0.7,26.5,86.1,0.0,1.4,0.0
200,Mário Rui,0.9,1.0,0.6,0.8,0.1,0.0,0.0,2.0,0.7,1.1,0.5,1.5,0.1,0.1,0.9,2.0,1.1,43.4,84.6,0.9,1.8,0.0
201,Julian Chabot,1.9,1.5,1.3,1.7,0.5,0.0,1.0,1.0,0.4,0.2,0.4,1.3,0.0,0.2,0.4,1.0,0.2,42.6,85.2,0.0,3.8,0.0
202,Maya Yoshida,0.5,1.8,0.5,2.8,1.1,0.0,1.0,2.0,0.3,0.2,0.2,0.6,0.0,0.0,0.4,2.0,0.2,37.5,85.1,0.0,3.3,0.0
203,Luca Cigarini,1.9,0.9,1.9,0.6,0.1,0.0,0.0,0.0,1.1,1.1,0.6,1.3,0.0,0.7,0.7,0.0,1.1,51.5,85.3,0.8,4.1,0.0
204,Arthur,0.8,0.8,0.5,0.4,0.0,0.0,1.0,0.0,0.1,0.8,0.9,1.0,0.0,0.5,0.7,0.0,0.8,49.0,94.1,0.0,2.5,0.0
205,Rodrigo Becão,1.7,1.9,1.4,2.6,0.8,0.0,1.0,0.0,0.3,0.2,0.1,1.3,0.0,0.3,0.3,0.0,0.2,38.5,86.7,0.0,1.6,0.0
206,Lorenzo Tonelli,1.4,1.1,1.3,4.0,0.6,0.0,1.0,0.0,0.6,0.0,0.2,1.1,0.0,0.2,0.2,0.0,0.0,39.3,81.3,0.0,3.3,0.0
207,Adam Ounas,0.4,0.4,0.4,0.0,0.0,0.0,0.0,0.0,0.9,1.0,2.7,1.3,0.1,1.4,1.6,0.0,1.0,15.9,72.1,0.4,1.0,0.0
208,Manuel Lazzari,0.8,0.6,0.8,0.8,0.1,1.0,2.0,5.0,0.8,0.9,1.0,1.7,0.1,0.7,1.3,5.0,0.9,26.1,85.0,0.7,0.8,0.0
209,Kastriot Dermaku ,0.5,1.0,1.0,3.5,0.5,0.0,0.0,0.0,0.0,0.0,0.0,1.0,0.0,0.0,0.0,0.0,0.0,20.0,87.5,0.0,0.0,0.0
210,Samir Handanovic,0.0,0.0,0.0,0.2,0.0,1.0,0.0,0.0,0.0,0.0,0.0,0.1,0.0,0.0,0.0,0.0,0.0,24.8,84.8,0.0,3.8,0.0
211,Tommaso Augello,1.1,0.9,0.4,1.7,0.1,0.0,1.0,3.0,0.2,0.8,0.8,0.7,0.1,0.4,1.2,3.0,0.8,43.1,79.5,0.7,1.4,0.0
212,Kamil Glik,1.2,1.7,0.9,4.2,0.9,1.0,2.0,1.0,0.8,0.1,0.1,0.6,0.0,0.1,0.4,1.0,0.1,36.0,88.5,0.0,3.2,0.0
213,Stefano Sturaro,1.8,1.2,2.3,0.3,0.0,0.0,1.0,0.0,0.8,0.7,0.8,2.0,0.3,1.3,2.7,0.0,0.7,35.3,75.0,0.8,2.7,0.0
214,Kostas Manolas,1.0,0.8,0.7,2.5,0.4,0.0,0.0,0.0,0.3,0.2,0.1,0.4,0.0,0.0,0.0,0.0,0.2,51.7,92.8,0.0,3.4,0.0
215,Emmanuel Gyasi,0.8,0.4,1.8,0.2,0.1,0.0,4.0,6.0,0.8,0.7,1.1,1.4,0.8,1.2,2.0,6.0,0.7,24.5,84.5,0.2,0.5,0.0
216,Gervinho ,0.2,0.4,0.3,0.1,0.0,0.0,5.0,1.0,1.2,1.0,2.1,0.4,0.7,0.9,1.7,1.0,1.0,19.2,82.4,0.1,0.2,0.0
217,Tommaso Pobega,1.2,0.5,1.4,1.0,0.1,0.0,6.0,0.0,1.1,0.4,0.2,0.9,0.0,0.3,0.9,0.0,0.4,22.0,77.3,0.1,1.0,0.0
218,Rolando Mandragora,1.1,1.2,1.9,1.1,0.4,0.0,3.0,1.0,1.6,0.9,0.6,1.8,0.1,0.4,1.2,1.0,0.9,41.1,83.7,0.4,1.4,0.1
219,Antonio Mirante,0.0,0.0,0.0,0.7,0.0,0.0,0.0,0.0,0.0,0.0,0.0,0.1,0.0,0.0,0.0,0.0,0.0,27.5,74.9,0.0,5.2,0.0
220,Graziano Pellè ,0.2,0.2,1.5,0.6,0.0,0.0,1.0,2.0,1.1,0.9,0.1,1.0,0.3,0.7,1.2,2.0,0.9,15.1,76.5,0.0,0.5,0.1
221,Riccardo Sottil,0.3,0.2,0.8,0.1,0.0,0.0,2.0,1.0,1.2,0.8,1.9,1.7,0.0,1.0,1.4,1.0,0.8,16.0,81.3,0.3,0.8,0.0
222,Giacomo Raspadori,0.2,0.1,0.3,0.3,0.2,0.0,6.0,0.0,0.9,1.0,0.6,0.9,0.1,0.9,1.3,0.0,1.0,11.5,82.6,0.4,0.3,0.0
223,Brahim Díaz,0.7,0.1,0.5,0.1,0.0,0.0,4.0,3.0,1.0,0.7,0.9,1.1,0.0,0.9,1.6,3.0,0.7,17.3,87.1,0.2,0.5,0.0
224,Mikkel Damsgaard,1.2,0.7,0.7,0.3,0.1,0.0,2.0,4.0,0.7,0.7,1.5,0.8,0.1,0.8,1.5,4.0,0.7,19.2,73.3,0.3,0.5,0.0
225,Arturo Vidal,1.2,1.3,1.2,0.4,0.1,0.0,1.0,1.0,0.9,0.4,0.1,0.7,0.0,0.3,0.7,1.0,0.4,32.1,86.6,0.1,1.8,0.0
226,Nicola Sansone,0.8,0.3,0.9,0.3,0.0,0.0,2.0,2.0,1.2,1.2,1.3,1.5,0.1,1.1,1.4,2.0,1.2,18.2,82.9,0.5,0.5,0.0
227,Yann Karamoh ,1.1,0.2,0.6,0.4,0.0,0.0,2.0,1.0,0.9,0.6,1.6,0.5,0.3,0.9,1.8,1.0,0.6,14.0,80.0,0.2,0.5,0.0
228,Cristiano Biraghi,1.2,0.8,0.8,1.4,0.3,0.0,1.0,5.0,0.7,1.4,0.4,0.7,0.1,0.1,0.9,5.0,1.4,34.2,75.7,1.9,1.5,0.0
229,Pierre Kalulu,1.4,1.5,0.7,1.5,0.2,0.0,1.0,1.0,0.2,0.5,0.2,0.2,0.0,0.1,0.3,1.0,0.5,34.8,87.6,0.1,0.7,0.0
230,Amir Rrahmani,0.8,0.5,0.7,2.4,0.9,0.0,1.0,0.0,0.3,0.0,0.1,0.5,0.0,0.0,0.2,0.0,0.0,37.3,90.9,0.0,1.5,0.0
231,Lucien Agoume,1.5,1.3,1.4,0.6,0.4,0.0,0.0,0.0,0.2,0.2,0.5,0.7,0.0,0.7,0.8,0.0,0.2,40.2,89.6,0.1,3.7,0.0
232,Miguel Veloso,1.2,0.6,0.9,1.0,0.0,0.0,2.0,2.0,0.6,0.5,0.4,0.5,0.0,0.2,1.0,2.0,0.5,38.1,79.5,0.2,2.0,0.0
233,Pau López,0.1,0.0,0.0,0.6,0.0,0.0,0.0,0.0,0.0,0.0,0.0,0.0,0.0,0.0,0.0,0.0,0.0,26.5,76.8,0.0,4.6,0.0
234,Borja Mayoral,0.1,0.0,0.3,0.2,0.0,0.0,10.0,2.0,1.3,0.7,0.3,0.9,0.4,0.7,1.3,2.0,0.7,11.7,79.6,0.0,0.5,0.0
235,Pepe Reina,0.0,0.0,0.0,0.5,0.0,0.0,0.0,0.0,0.0,0.0,0.0,0.0,0.0,0.0,0.0,0.0,0.0,34.6,80.2,0.0,7.4,0.0
236,Samir,1.3,1.9,1.3,1.9,0.6,0.0,1.0,0.0,0.4,0.3,0.2,1.2,0.1,0.5,0.4,0.0,0.3,40.7,88.1,0.1,1.7,0.0
237,Luca Ceppitelli,1.3,1.3,0.8,3.0,0.6,0.0,0.0,0.0,0.4,0.1,0.1,0.7,0.1,0.1,0.5,0.0,0.1,43.3,84.4,0.1,2.8,0.0
238,Koffi Djidji,2.0,1.4,1.1,3.5,1.0,0.0,1.0,0.0,0.2,0.2,0.4,0.1,0.1,0.5,0.7,0.0,0.2,34.8,82.6,0.0,1.7,0.0
239,Roberto Gagliardini,1.1,0.7,0.8,0.5,0.1,0.0,3.0,2.0,0.6,0.3,0.1,0.6,0.0,0.2,0.7,2.0,0.3,21.0,87.4,0.1,0.8,0.0
240,Matteo Darmian,1.2,0.7,0.8,1.2,0.1,0.0,3.0,3.0,0.3,0.4,0.1,0.6,0.1,0.2,0.3,3.0,0.4,14.8,83.9,0.4,0.7,0.0
241,Gonzalo Villar,1.3,0.7,1.5,0.4,0.1,0.0,0.0,1.0,0.3,0.2,1.2,1.5,0.0,0.5,0.8,1.0,0.2,39.5,89.9,0.2,0.9,0.0
242,Gianluca Lapadula,0.6,0.1,1.3,0.4,0.1,0.0,8.0,2.0,2.1,0.9,0.4,1.8,0.9,1.0,1.7,2.0,0.9,12.3,70.0,0.0,0.3,0.0
243,Kevin Agudelo,1.3,0.3,0.7,0.0,0.0,0.0,1.0,2.0,0.7,0.4,1.5,1.1,0.1,0.9,1.2,2.0,0.4,10.8,71.9,0.0,0.6,0.0
244,Matteo Pessina,0.5,0.6,0.9,0.2,0.1,0.0,2.0,2.0,0.8,1.0,0.5,0.8,0.0,0.7,1.3,2.0,1.0,33.1,84.4,0.1,0.9,0.0
245,Bruno Alves ,0.7,1.4,1.1,4.2,0.6,0.0,1.0,0.0,0.5,0.1,0.1,0.5,0.1,0.1,0.1,0.0,0.1,48.3,85.8,0.1,6.8,0.0
246,Nicolo Fagioli,0.0,0.0,1.0,0.0,0.0,0.0,0.0,0.0,0.0,0.0,2.0,2.0,0.0,0.0,0.0,0.0,0.0,19.0,94.7,0.0,0.0,0.0
247,Eldor Shomurodov,0.9,0.2,1.3,0.3,0.1,0.0,8.0,1.0,1.3,0.6,0.5,0.7,0.4,1.0,2.5,1.0,0.6,15.1,70.0,0.1,0.2,0.0
248,Salvador Ferrer,1.1,1.3,0.8,1.9,0.2,0.0,0.0,1.0,0.2,0.8,0.3,0.4,0.0,0.4,0.7,1.0,0.8,38.7,76.1,0.9,2.7,0.0
249,Stephan El Shaarawy,0.4,0.3,0.8,0.2,0.1,0.0,1.0,1.0,1.6,1.7,0.9,0.9,0.1,0.4,1.3,1.0,1.7,22.6,79.2,0.4,0.9,0.1
250,Joakim Maehle,0.9,0.6,0.5,0.2,0.1,0.0,0.0,2.0,1.1,0.7,0.8,0.6,0.0,0.6,1.4,2.0,0.7,29.3,80.5,0.4,0.8,0.0
251,Stefano Okaka,0.5,0.1,1.7,0.9,0.0,0.0,4.0,1.0,1.1,0.4,0.8,1.6,0.6,1.0,2.3,1.0,0.4,13.6,79.3,0.0,0.1,0.0
252,Nikola Maksimovic,1.1,1.2,0.3,2.6,0.4,1.0,0.0,0.0,0.3,0.2,0.2,0.4,0.0,0.2,0.3,0.0,0.2,56.5,92.2,0.0,3.9,0.0
253,Nicola Zalewski,1.0,0.0,0.0,0.0,0.0,0.0,0.0,1.0,0.0,1.0,0.0,1.0,0.0,0.0,0.0,1.0,1.0,6.0,83.3,0.0,0.0,0.0
254,Federico Fazio,0.5,1.2,1.0,2.8,0.5,0.0,1.0,0.0,0.5,0.2,0.5,0.5,0.0,0.2,0.3,0.0,0.2,52.0,86.9,0.0,1.8,0.0
255,Adrien Silva,2.0,1.3,1.5,0.3,0.0,0.0,1.0,1.0,0.3,0.5,0.7,1.0,0.0,0.7,0.9,1.0,0.5,39.0,87.6,0.0,3.6,0.0
256,Jasmin Kurtic ,1.4,1.0,1.3,1.6,0.1,0.0,4.0,0.0,1.0,0.7,0.4,1.1,0.1,0.4,0.9,0.0,0.7,39.0,86.9,0.7,3.1,0.0
257,Marvin Zeegelaar,1.7,1.0,1.6,1.5,0.4,0.0,1.0,0.0,0.4,0.4,0.9,0.3,0.2,0.6,1.1,0.0,0.4,26.5,79.1,0.3,0.9,0.0
258,Andrea Petagna,0.1,0.0,0.7,0.3,0.0,0.0,4.0,3.0,0.9,1.0,0.3,0.7,0.3,0.5,0.7,3.0,1.0,8.8,80.4,0.0,0.3,0.0
259,Federico Bonazzoli,0.0,0.0,1.5,0.0,0.0,0.0,0.0,1.0,2.0,1.0,1.0,1.0,0.0,1.5,1.5,1.0,1.0,13.0,73.1,0.0,1.0,0.0
260,Rogerio,0.9,1.1,1.0,1.5,0.2,0.0,0.0,1.0,0.6,0.4,0.9,0.9,0.0,0.5,1.1,1.0,0.4,38.1,88.5,0.3,1.2,0.0
261,Martin Erlic,0.9,1.5,1.4,2.5,0.6,0.0,3.0,1.0,0.4,0.0,0.1,0.4,0.0,0.0,0.3,1.0,0.0,39.5,84.9,0.0,3.8,0.0
262,Bruno Peres,0.7,0.9,0.8,0.3,0.1,0.0,1.0,2.0,0.4,0.9,0.5,0.5,0.0,0.4,0.8,2.0,0.9,19.9,86.8,0.6,1.2,0.0
263,Felipe Caicedo,0.4,0.2,1.0,0.1,0.0,0.0,8.0,0.0,1.2,0.5,0.4,0.7,0.3,0.2,1.1,0.0,0.5,10.3,71.3,0.0,0.2,0.0
264,Marco Sportiello,0.1,0.1,0.0,0.9,0.0,0.0,0.0,0.0,0.0,0.0,0.0,0.1,0.0,0.0,0.0,0.0,0.0,20.1,80.1,0.0,3.9,0.0
265,Salvatore Molina,1.3,0.6,0.8,1.0,0.3,1.0,1.0,4.0,0.5,0.8,0.9,1.3,0.1,1.0,1.2,4.0,0.8,32.4,80.7,0.8,2.1,0.0
266,Ashley Young,0.6,0.2,0.5,1.0,0.0,0.0,1.0,4.0,0.6,1.1,0.2,0.6,0.1,0.1,0.4,4.0,1.1,20.3,82.2,0.5,0.4,0.0
267,Pierluigi Gollini,0.0,0.0,0.0,0.7,0.0,0.0,0.0,0.0,0.0,0.0,0.0,0.2,0.0,0.0,0.0,0.0,0.0,23.2,73.2,0.0,5.2,0.0
268,Matteo Ricci,1.4,1.2,0.9,0.4,0.1,0.0,0.0,2.0,0.7,0.8,0.4,1.0,0.0,0.4,0.7,2.0,0.8,56.2,86.4,0.3,5.6,0.0
269,Diego Farias,0.3,0.4,0.6,0.1,0.0,0.0,4.0,2.0,1.1,1.1,0.6,0.5,0.1,0.4,0.9,2.0,1.1,21.5,82.9,0.3,1.1,0.0
270,Ebrima Darboe,1.0,1.6,0.6,0.0,0.0,0.0,0.0,0.0,0.6,0.4,0.6,0.6,0.0,0.2,0.6,0.0,0.4,52.8,93.9,0.0,3.0,0.0
271,Leonardo Pavoletti,0.2,0.1,1.3,0.9,0.1,0.0,4.0,3.0,1.3,0.4,0.1,0.9,0.3,0.4,1.2,3.0,0.4,12.3,69.2,0.0,0.2,0.0
272,Nicolò Rovella,1.5,1.0,1.0,0.9,0.0,0.0,0.0,2.0,0.6,0.8,0.6,1.2,0.0,0.3,0.8,2.0,0.8,40.5,86.5,0.4,2.8,0.1
273,Soualiho Meité,1.1,0.5,0.8,0.9,0.1,0.0,0.0,0.0,0.4,0.3,0.6,0.9,0.1,0.7,0.4,0.0,0.3,17.8,84.9,0.0,1.0,0.1
274,Keita Baldé,0.4,0.0,1.3,0.1,0.0,0.0,7.0,1.0,1.8,0.8,0.6,1.4,0.2,0.6,1.8,1.0,0.8,12.2,74.8,0.0,0.1,0.0
275,Maximiliano Olivera,1.0,0.0,0.5,4.0,0.5,0.0,0.0,0.0,0.0,0.0,0.0,0.5,0.0,0.0,0.5,0.0,0.0,14.5,89.7,0.0,2.5,0.0
276,Kevin Bonifazi,1.1,1.7,0.9,2.7,0.7,0.0,0.0,0.0,0.6,0.1,0.4,0.5,0.0,0.1,0.6,0.0,0.1,44.9,88.8,0.0,2.1,0.0
277,Sofyan Amrabat,1.3,0.7,1.9,0.4,0.2,0.0,0.0,0.0,0.3,0.4,1.5,1.4,0.0,1.5,1.1,0.0,0.4,43.7,88.8,0.1,3.7,0.0
278,Mattia Bani ,1.3,2.2,1.1,3.1,0.4,0.0,0.0,0.0,0.5,0.1,0.0,0.5,0.0,0.1,0.2,0.0,0.1,46.9,89.2,0.1,3.1,0.0
279,Daniele Rugani,1.5,0.9,0.9,2.7,0.6,0.0,1.0,1.0,0.2,0.2,0.1,0.3,0.0,0.2,0.3,1.0,0.2,31.1,80.5,0.0,1.2,0.0
280,Nicolas Nkoulou,0.8,1.8,0.8,3.9,0.8,0.0,1.0,0.0,0.2,0.1,0.2,1.4,0.0,0.0,0.3,0.0,0.1,40.0,86.0,0.0,2.7,0.0
281,Gastón Ramírez,1.2,0.2,1.3,0.4,0.1,0.0,0.0,4.0,0.5,0.9,0.7,1.3,0.1,1.0,1.1,4.0,0.9,17.2,78.2,0.5,1.0,0.0
282,Aleksey Miranchuk,1.0,0.1,0.7,0.0,0.0,0.0,4.0,2.0,0.6,0.6,0.6,0.8,0.1,0.5,0.7,2.0,0.6,15.4,79.5,0.2,0.5,0.0
283,Botond Balogh ,3.0,0.7,0.3,2.3,1.0,0.0,0.0,0.0,0.0,0.0,0.3,0.0,0.0,0.0,0.3,0.0,0.0,25.3,75.0,0.0,1.7,0.0
284,Danilo,0.9,1.5,1.1,3.3,1.0,0.0,0.0,1.0,0.5,0.3,0.1,0.4,0.0,0.0,0.3,1.0,0.3,49.9,80.7,0.0,5.1,0.1
285,Gaetano Castrovilli,1.0,1.0,1.2,0.4,0.1,0.0,5.0,3.0,0.9,0.5,0.9,1.9,0.0,1.5,2.0,3.0,0.5,20.8,78.5,0.3,1.2,0.0
286,Mattias Svanberg,1.1,0.9,1.4,0.6,0.1,0.0,5.0,2.0,1.7,0.4,0.6,1.3,0.0,0.5,0.7,2.0,0.4,18.9,79.6,0.0,0.8,0.1
287,Ivan Radovanovic,0.5,1.1,0.8,3.3,0.6,0.0,0.0,0.0,0.2,0.1,0.2,0.8,0.0,0.1,0.2,0.0,0.1,34.4,85.1,0.1,2.9,0.0
288,Nicolás Domínguez,1.7,0.9,0.8,0.7,0.3,0.0,1.0,0.0,0.6,0.7,0.3,0.5,0.0,0.5,0.9,0.0,0.7,24.9,87.1,0.1,1.1,0.0
289,Andrea Masiello,1.3,1.8,0.5,3.4,0.4,0.0,0.0,0.0,0.2,0.2,0.0,0.4,0.0,0.1,0.2,0.0,0.2,46.5,83.8,0.1,3.5,0.0
290,Walace,1.7,1.1,1.0,0.7,0.1,0.0,0.0,0.0,0.6,0.3,0.8,0.9,0.0,0.5,1.3,0.0,0.3,38.4,88.5,0.0,2.3,0.0
291,Riccardo Saponara,0.4,0.1,0.4,0.4,0.0,0.0,2.0,0.0,1.1,0.4,1.0,1.6,0.2,0.2,1.2,0.0,0.4,14.7,81.1,0.0,0.6,0.0
292,Ivan Provedel,0.1,0.1,0.0,0.9,0.0,0.0,0.0,0.0,0.0,0.0,0.0,0.3,0.0,0.0,0.1,0.0,0.0,43.8,72.0,0.0,10.6,0.0
293,Miha Zajc,0.7,0.9,0.9,0.6,0.1,0.0,1.0,3.0,0.6,0.6,0.9,0.9,0.1,0.6,1.6,3.0,0.6,31.7,84.6,0.6,1.3,0.0
294,Riccardo Improta,1.1,0.8,0.7,1.3,0.1,1.0,1.0,0.0,1.0,0.6,0.7,1.6,0.1,0.6,1.0,0.0,0.6,23.1,73.2,0.7,0.9,0.0
295,Riccardo Gagliolo ,1.6,1.3,1.0,1.8,0.3,0.0,2.0,2.0,0.7,0.6,0.4,1.2,0.0,0.2,0.5,2.0,0.6,42.6,81.3,0.5,3.5,0.0
296,Maxime Lopez,0.8,0.6,0.8,0.3,0.0,0.0,2.0,0.0,0.3,0.7,0.6,0.8,0.0,0.4,0.6,0.0,0.7,57.0,94.1,0.2,1.1,0.0
297,Ardian Ismajli,1.1,1.4,1.1,2.9,0.4,0.0,1.0,1.0,0.4,0.1,0.0,0.8,0.0,0.1,0.1,1.0,0.1,43.2,86.8,0.0,3.2,0.0
298,Daniele Verde,0.2,0.4,0.1,0.2,0.0,0.0,6.0,1.0,1.5,0.5,0.3,0.5,0.1,0.3,0.6,1.0,0.5,16.0,84.9,0.2,0.7,0.0
299,Jakub Jankto,0.8,0.7,0.5,0.8,0.0,0.0,6.0,3.0,1.1,1.0,0.3,0.8,0.2,1.0,1.1,3.0,1.0,23.0,73.2,0.4,0.7,0.1
300,Soualiho Meité,0.8,0.7,0.8,0.6,0.1,0.0,1.0,1.0,0.6,0.5,1.6,0.6,0.1,1.5,1.1,1.0,0.5,26.9,83.6,0.0,1.8,0.0
301,Marco Silvestri,0.0,0.0,0.1,0.9,0.0,1.0,0.0,0.0,0.0,0.0,0.0,0.1,0.0,0.0,0.0,0.0,0.0,27.0,41.1,0.0,6.5,0.0
302,Bartlomiej Dragowski,0.0,0.0,0.0,0.8,0.0,0.0,0.0,1.0,0.0,0.0,0.0,0.2,0.0,0.0,0.0,1.0,0.0,24.0,60.7,0.0,6.2,0.0
303,Francesco Magnanelli,0.7,1.3,0.5,0.8,0.2,0.0,0.0,0.0,0.2,0.4,0.1,0.6,0.0,0.0,0.6,0.0,0.4,42.0,86.0,0.0,2.1,0.1
304,Dennis Man ,0.9,0.1,0.4,0.4,0.0,0.0,2.0,1.0,1.4,0.4,0.9,0.5,0.0,0.7,1.4,1.0,0.4,18.1,85.0,0.2,0.9,0.0
305,Nahuel Molina,0.9,0.7,0.6,1.3,0.1,0.0,2.0,5.0,0.6,0.8,0.5,0.4,0.1,0.2,1.0,5.0,0.8,25.5,78.8,0.6,0.8,0.0
306,Sandro Tonali,1.1,0.9,0.7,0.7,0.2,0.0,0.0,0.0,0.4,0.6,0.2,0.7,0.0,0.3,0.6,0.0,0.6,29.6,83.6,0.4,1.4,0.0
307,Giulio Maggiore,1.8,0.6,1.8,0.6,0.2,0.0,3.0,1.0,1.2,0.4,0.5,1.2,0.1,0.4,1.7,1.0,0.4,23.6,70.9,0.1,0.8,0.1
308,Ricardo Rodríguez,1.3,1.3,0.8,2.2,0.3,0.0,0.0,0.0,0.8,0.4,0.3,0.4,0.0,0.3,0.3,0.0,0.4,39.8,86.3,0.1,2.6,0.0
309,Sasa Lukic,1.0,0.5,1.4,0.4,0.2,0.0,3.0,0.0,0.6,0.7,0.7,1.2,0.0,0.7,1.1,0.0,0.7,23.8,81.0,0.4,0.6,0.0
310,Pawel Dawidowicz,1.4,0.9,1.3,2.0,0.6,0.0,0.0,0.0,0.5,0.2,0.2,0.3,0.1,0.1,0.5,0.0,0.2,29.1,83.4,0.0,1.3,0.0
311,Mert Müldür,1.5,1.3,0.7,1.3,0.0,0.0,0.0,0.0,0.5,0.3,0.7,0.5,0.0,0.4,1.0,0.0,0.3,29.7,80.5,0.1,1.1,0.0
312,Juan Brunetta ,0.2,0.1,0.9,0.2,0.0,0.0,1.0,2.0,0.8,0.7,1.1,1.3,0.1,0.7,1.4,2.0,0.7,13.8,86.7,0.7,0.9,0.0
313,Aleksandar Kolarov,0.6,1.0,0.4,0.9,0.0,0.0,0.0,1.0,0.9,0.9,0.0,0.6,0.0,0.0,0.4,1.0,0.9,47.7,88.3,0.4,2.4,0.0
314,Paolo Faragò,1.6,0.8,0.9,1.6,0.3,0.0,0.0,0.0,0.4,0.6,0.3,0.1,0.0,0.1,0.6,0.0,0.6,22.4,86.6,0.6,0.9,0.0
315,Sebastian Walukiewicz,1.4,1.9,0.9,3.0,0.7,0.0,0.0,1.0,0.2,0.1,0.4,0.2,0.0,0.3,0.5,1.0,0.1,42.5,85.9,0.0,2.6,0.0
316,Brian Oddei,0.4,0.0,0.0,0.2,0.0,0.0,0.0,2.0,0.4,0.4,0.6,0.2,0.0,0.2,1.0,2.0,0.4,3.2,68.8,0.8,0.0,0.0
317,Claudio Terzi,1.4,1.4,1.0,2.2,0.5,0.0,1.0,1.0,0.2,0.2,0.1,0.6,0.1,0.1,0.2,1.0,0.2,53.0,84.5,0.0,7.1,0.0
318,Matías Vecino,0.1,0.5,0.4,0.4,0.1,0.0,1.0,1.0,0.8,0.5,0.1,0.3,0.0,0.1,0.0,1.0,0.5,15.5,83.1,0.0,0.8,0.0
319,Samir Ujkani,0.0,0.0,0.0,1.0,0.0,0.0,0.0,0.0,0.0,0.0,0.0,0.0,0.0,0.0,0.0,0.0,0.0,21.0,85.7,0.0,3.0,0.0
320,Fernando Llorente,0.3,0.1,1.5,1.2,0.0,0.0,1.0,0.0,0.8,0.8,0.2,0.8,0.2,0.5,2.0,0.0,0.8,15.9,71.2,0.0,0.4,0.0
321,Germán Pezzella,1.1,1.1,1.0,3.3,0.4,0.0,1.0,0.0,0.5,0.1,0.0,0.5,0.1,0.0,0.4,0.0,0.1,36.6,85.1,0.0,2.0,0.0
322,Antonio Cioffi,0.0,1.0,0.0,0.0,0.0,0.0,0.0,0.0,0.0,1.0,1.0,0.0,0.0,0.0,1.0,0.0,1.0,10.0,90.0,0.0,0.0,0.0
323,Samu Castillejo,0.9,0.2,0.9,0.3,0.0,0.0,1.0,0.0,0.9,0.4,1.1,1.1,0.1,0.8,0.8,0.0,0.4,14.5,84.0,0.3,0.7,0.0
324,Gerard Deulofeu,0.2,0.2,0.5,0.0,0.0,0.0,1.0,1.0,1.3,0.5,0.7,0.5,0.8,0.8,1.6,1.0,0.5,16.3,75.5,0.2,0.2,0.2
325,Gregoire Defrel,0.5,0.3,0.5,0.1,0.0,0.0,3.0,3.0,0.8,0.7,0.5,0.7,0.2,0.5,1.2,3.0,0.7,14.5,88.1,0.0,0.2,0.0
326,Roberto Insigne,0.5,0.2,0.4,0.3,0.0,0.0,2.0,4.0,1.3,1.3,0.6,0.5,0.1,0.5,1.2,4.0,1.3,19.1,82.0,0.8,1.1,0.0
327,Andrea Conti ,1.9,1.5,1.4,1.7,0.4,0.0,0.0,0.0,0.5,0.6,0.2,0.7,0.0,0.4,0.5,0.0,0.6,32.8,83.1,0.5,1.5,0.0
328,Giovanni Simeone,0.7,0.3,0.7,0.5,0.0,0.0,6.0,2.0,1.3,0.4,0.5,0.8,0.5,0.7,1.7,2.0,0.4,10.2,75.4,0.0,0.1,0.0
329,Andreas Skov Olsen,0.7,0.1,0.5,0.7,0.0,0.0,2.0,2.0,1.2,0.8,0.7,0.5,0.1,0.3,1.2,2.0,0.8,18.2,82.0,0.6,0.3,0.0
330,Alessandro Tuia,1.4,1.3,1.0,3.1,0.4,0.0,1.0,0.0,0.3,0.1,0.1,0.4,0.0,0.1,0.3,0.0,0.1,28.1,80.0,0.0,2.4,0.0
331,Lorenzo De Silvestri,1.2,1.0,1.4,1.7,0.3,0.0,2.0,0.0,0.4,0.4,0.1,0.6,0.0,0.4,0.4,0.0,0.4,36.2,75.6,0.3,2.1,0.0
332,Juan Musso,0.0,0.0,0.1,0.3,0.0,0.0,0.0,0.0,0.0,0.0,0.0,0.1,0.0,0.0,0.0,0.0,0.0,24.1,71.1,0.0,5.5,0.0
333,Marash Kumbulla,0.8,1.1,1.2,1.8,0.2,0.0,1.0,0.0,0.3,0.2,0.2,0.7,0.0,0.1,0.3,0.0,0.2,37.3,88.6,0.0,1.4,0.0
334,Pedro Obiang,1.1,0.7,0.7,0.8,0.2,0.0,0.0,1.0,0.5,0.4,0.5,0.6,0.0,0.2,0.4,1.0,0.4,27.5,89.1,0.0,0.8,0.1
335,Pasquale Schiattarella,1.3,1.1,1.2,1.0,0.2,0.0,1.0,1.0,0.4,0.9,0.5,1.9,0.0,0.4,0.7,1.0,0.9,45.9,81.6,0.1,2.5,0.1
336,Matteo Lovato,1.0,1.5,1.0,2.0,0.4,0.0,0.0,0.0,0.0,0.2,0.0,0.4,0.0,0.1,0.6,0.0,0.2,26.2,78.8,0.0,1.5,0.0
337,Jayden Braaf,0.0,0.0,0.5,0.0,0.0,0.0,1.0,0.0,0.5,0.5,1.0,0.3,0.0,0.3,1.5,0.0,0.5,6.8,74.1,0.0,0.0,0.0
338,Ronaldo Vieira,1.3,0.0,1.5,0.5,0.8,0.0,0.0,0.0,0.5,0.5,0.3,1.0,0.0,1.0,0.8,0.0,0.5,29.8,78.2,0.0,0.8,0.0
339,Sebastien De Maio,1.0,1.2,0.7,2.7,0.6,0.0,0.0,0.0,0.4,0.0,0.0,0.2,0.2,0.1,0.3,0.0,0.0,24.3,84.7,0.0,1.3,0.0
340,Federico Bernardeschi,0.3,0.5,0.5,0.2,0.1,0.0,0.0,2.0,0.5,0.9,0.8,0.6,0.1,0.4,1.0,2.0,0.9,17.5,83.9,1.0,0.9,0.0
341,Mergim Vojvoda,1.0,0.8,0.5,1.3,0.2,0.0,2.0,2.0,0.3,0.3,0.4,0.3,0.0,0.5,0.6,2.0,0.3,24.8,82.2,0.4,1.0,0.0
342,Iago Falque,0.4,0.0,0.0,0.1,0.1,0.0,1.0,1.0,1.0,1.2,0.6,0.3,0.0,0.5,1.0,1.0,1.2,16.4,83.3,0.5,0.5,0.1
343,Lennart Czyborra,1.1,1.0,0.6,1.4,0.1,0.0,1.0,0.0,0.3,0.2,0.3,0.2,0.0,0.4,0.9,0.0,0.2,25.8,72.8,0.4,0.9,0.0
344,Carles Pérez,0.4,0.3,0.6,0.0,0.0,0.0,2.0,1.0,1.1,0.7,0.8,0.3,0.0,0.7,1.2,1.0,0.7,13.1,82.6,0.4,0.4,0.0
345,Mato Jajalo,1.0,2.0,0.0,0.0,0.0,0.0,0.0,0.0,0.0,0.0,0.0,1.0,0.0,0.0,0.0,0.0,0.0,32.0,71.9,0.0,0.0,0.0
346,Goran Pandev,0.3,0.1,0.4,0.2,0.0,0.0,7.0,3.0,0.7,0.5,0.5,1.2,0.2,0.8,1.8,3.0,0.5,14.9,77.4,0.0,0.5,0.0
347,Valerio Verre,0.4,0.3,0.9,0.1,0.1,0.0,3.0,3.0,0.9,0.7,0.7,0.8,0.0,0.9,1.6,3.0,0.7,18.7,72.0,0.2,0.9,0.0
348,Mateo Musacchio,0.3,0.5,0.8,1.0,0.5,0.0,0.0,0.0,0.0,0.0,0.3,1.0,0.0,0.3,0.8,0.0,0.0,27.8,91.9,0.0,1.0,0.0
349,Danilo D'Ambrosio,0.8,0.2,0.6,0.7,0.4,0.0,3.0,0.0,0.4,0.2,0.2,0.6,0.0,0.2,0.5,0.0,0.2,23.5,92.2,0.2,0.9,0.0
350,Lorenzo Montipò,0.0,0.0,0.1,1.1,0.0,1.0,0.0,0.0,0.0,0.0,0.0,0.2,0.0,0.0,0.0,0.0,0.0,28.6,59.3,0.0,7.3,0.0
351,Emanuel Vignato,0.6,0.3,0.4,0.2,0.0,0.0,1.0,4.0,0.7,0.8,0.7,0.4,0.1,0.4,0.5,4.0,0.8,20.3,77.9,0.5,0.7,0.1
352,Paolo Ghiglione,1.2,0.6,0.8,1.0,0.1,0.0,0.0,4.0,0.4,0.8,0.3,0.6,0.1,0.3,0.6,4.0,0.8,19.0,69.3,1.0,0.9,0.0
353,Mehdi Bourabia,0.4,0.8,1.0,0.5,0.4,0.0,1.0,0.0,0.6,0.1,0.5,0.4,0.0,0.3,0.6,0.0,0.1,23.7,84.6,0.0,0.7,0.0
354,Jens Stryger Larsen,0.5,0.7,0.4,1.5,0.3,0.0,2.0,0.0,0.7,0.3,0.4,0.4,0.1,0.6,1.0,0.0,0.3,32.5,80.5,0.2,1.4,0.0
355,Joseph Alfred Duncan,0.9,0.8,0.8,0.4,0.0,0.0,0.0,1.0,0.4,0.5,0.9,0.6,0.0,0.4,1.2,1.0,0.5,30.6,82.1,0.1,1.9,0.1
356,Simone Zaza,0.5,0.1,1.2,0.2,0.0,0.0,6.0,0.0,2.0,0.4,0.2,1.1,0.5,0.7,1.9,0.0,0.4,10.8,72.8,0.1,0.3,0.0
357,Marlon Santos,0.8,1.1,1.1,1.8,0.7,0.0,0.0,0.0,0.2,0.0,0.3,0.3,0.0,0.2,0.2,0.0,0.0,67.7,95.1,0.0,2.2,0.0
358,Yayah Kallon,0.0,0.0,0.0,0.0,0.0,0.0,0.0,0.0,2.0,1.0,1.0,0.0,2.0,4.0,0.0,0.0,1.0,8.0,87.5,0.0,0.0,0.0
359,Kaan Ayhan,0.8,0.8,0.4,1.5,0.3,0.0,0.0,0.0,0.3,0.0,0.2,0.1,0.0,0.2,0.1,0.0,0.0,28.2,91.0,0.0,0.6,0.0
360,Lisandro Magallán,1.9,1.6,2.3,2.6,0.5,0.0,1.0,2.0,0.3,0.3,0.3,0.5,0.0,0.2,0.6,2.0,0.3,38.1,81.3,0.0,2.0,0.0
361,Edoardo Goldaniga,1.1,1.5,1.2,2.4,0.3,0.0,0.0,1.0,0.3,0.3,0.2,1.0,0.0,0.1,0.4,1.0,0.3,31.1,75.9,0.3,2.0,0.0
362,Artur Ionita,1.3,0.5,1.6,0.8,0.4,0.0,2.0,0.0,0.6,0.4,0.5,0.6,0.0,0.6,0.8,0.0,0.4,20.1,78.4,0.1,0.6,0.0
363,Giuseppe Cuomo,2.0,1.4,1.2,1.5,0.2,0.0,0.0,0.0,0.2,0.0,0.2,0.5,0.0,0.5,0.5,0.0,0.0,38.5,80.0,0.0,1.5,0.0
364,Kevin Lasagna,0.4,0.1,1.7,0.6,0.1,0.0,2.0,0.0,1.6,0.6,0.4,1.1,1.2,0.9,2.7,0.0,0.6,13.4,70.2,0.1,0.3,0.0
365,Bryan Reynolds,0.8,1.2,1.0,0.6,0.0,0.0,0.0,0.0,0.0,0.2,0.4,0.6,0.0,1.2,1.0,0.0,0.2,22.8,84.2,0.0,1.0,0.0
366,Simone Scuffet,0.0,0.0,0.0,3.0,0.0,0.0,0.0,0.0,0.0,0.0,0.0,0.0,0.0,0.0,0.0,0.0,0.0,23.0,60.9,0.0,10.0,0.0
367,Valentin Eysseric,0.9,0.4,0.8,0.4,0.0,0.0,2.0,0.0,0.8,0.5,0.2,0.7,0.0,0.4,0.7,0.0,0.5,20.0,77.8,0.4,1.6,0.0
368,Stefano Sensi,0.5,0.4,0.6,0.1,0.1,0.0,0.0,0.0,1.0,0.6,0.4,0.8,0.0,0.3,0.8,0.0,0.6,21.7,88.0,0.3,1.2,0.0
369,Gabriele Zappa,1.0,0.7,0.7,1.2,0.1,0.0,0.0,4.0,0.3,0.8,0.6,0.3,0.0,0.4,0.6,4.0,0.8,29.7,78.4,0.6,0.8,0.0
370,Gonzalo Escalante,1.1,0.8,0.6,0.5,0.1,0.0,0.0,1.0,0.3,0.1,0.3,0.3,0.0,0.1,0.3,1.0,0.1,19.8,88.7,0.0,0.9,0.0
371,Alessandro Deiola,1.1,0.9,1.0,0.8,0.2,0.0,0.0,0.0,0.5,0.5,0.1,0.3,0.0,0.3,0.6,0.0,0.5,19.5,82.9,0.3,1.3,0.0
372,Mamadou Coulibaly,3.3,0.3,1.0,0.0,0.0,0.0,0.0,0.0,0.7,0.7,0.7,0.3,0.3,1.3,2.0,0.0,0.7,25.7,75.3,0.3,1.3,0.3
373,Martín Cáceres,1.0,0.5,0.7,1.7,0.5,0.0,2.0,2.0,0.5,0.3,0.1,0.6,0.0,0.3,0.5,2.0,0.3,31.6,80.3,0.3,2.6,0.0
374,Mateo Musacchio,2.0,3.0,1.0,0.0,0.0,0.0,0.0,0.0,0.0,0.0,0.0,0.0,0.0,0.0,1.0,0.0,0.0,20.0,95.0,0.0,1.0,0.0
375,Pedro Pereira,1.4,0.5,0.9,1.4,0.3,0.0,0.0,4.0,0.4,0.6,0.4,0.5,0.1,0.9,1.1,4.0,0.6,19.2,76.8,0.5,0.6,0.0
376,Perparim Hetemaj,1.4,0.7,1.3,0.6,0.2,0.0,0.0,2.0,0.4,0.5,0.6,2.5,0.0,0.9,1.1,2.0,0.5,26.2,78.7,0.2,1.0,0.0
377,Daniele Baselli,0.8,0.6,0.4,0.3,0.0,0.0,0.0,0.0,0.3,0.6,0.3,0.6,0.0,0.1,0.3,0.0,0.6,13.3,79.5,0.3,1.2,0.1
378,Valentin Mihaila ,0.1,0.3,0.3,0.4,0.1,0.0,3.0,0.0,1.2,0.4,0.9,0.5,0.3,0.4,1.3,0.0,0.4,10.8,68.8,0.1,0.3,0.0
379,Mohamed Fares,1.0,0.8,1.3,0.7,0.0,0.0,0.0,1.0,0.7,0.7,0.3,0.3,0.1,0.3,0.9,1.0,0.7,19.7,80.7,0.7,0.7,0.0
380,Luca Pellegrini,0.8,0.7,0.9,0.9,0.2,1.0,0.0,1.0,0.5,0.7,1.6,1.5,0.0,1.5,2.0,1.0,0.7,21.3,73.9,0.5,0.9,0.0
381,Bastos,1.5,0.0,0.5,1.0,0.0,0.0,0.0,0.0,0.0,0.0,1.0,2.0,0.0,1.5,0.0,0.0,0.0,20.5,92.7,0.0,0.5,0.0
382,Gianluca Frabotta,0.5,0.9,0.8,0.8,0.1,0.0,0.0,1.0,0.3,0.3,0.2,0.1,0.0,0.4,0.5,1.0,0.3,25.9,87.1,0.5,1.0,0.0
383,Rade Krunic,0.6,0.4,0.4,0.3,0.1,0.0,1.0,2.0,0.3,0.3,0.2,0.8,0.1,0.2,0.4,2.0,0.3,10.6,86.8,0.0,0.2,0.0
384,Wesley Hoedt,1.3,1.0,0.6,2.8,0.3,0.0,0.0,0.0,0.1,0.2,0.2,0.1,0.0,0.1,0.2,0.0,0.2,39.8,90.0,0.0,5.1,0.0
385,Pol Lirola,1.1,0.5,0.3,0.7,0.3,0.0,0.0,1.0,0.2,0.5,0.8,0.3,0.1,0.3,0.5,1.0,0.5,18.2,74.8,0.3,0.8,0.0
386,Igor Julio,0.7,1.1,1.0,1.6,0.4,0.0,0.0,0.0,0.0,0.1,0.3,0.3,0.0,0.3,0.3,0.0,0.1,37.2,89.6,0.0,1.9,0.0
387,Marco Parolo,1.2,0.8,1.2,1.6,0.3,0.0,0.0,2.0,0.3,0.2,0.0,0.1,0.1,0.1,0.3,2.0,0.2,19.5,83.2,0.1,1.2,0.0
388,Eddie Salcedo,0.3,0.3,0.7,0.3,0.0,0.0,2.0,0.0,1.0,0.2,0.5,0.7,0.1,0.8,1.0,0.0,0.2,11.4,70.7,0.0,0.1,0.0
389,Kevin Malcuit,1.0,0.6,0.8,1.0,0.0,0.0,0.0,0.0,0.4,0.2,0.8,0.2,0.0,0.6,0.6,0.0,0.2,14.2,76.1,0.2,0.4,0.0
390,Ahmad Benali,1.1,0.3,0.7,0.8,0.1,0.0,0.0,1.0,0.6,0.8,0.5,0.9,0.1,0.6,1.2,1.0,0.8,41.7,86.1,0.5,1.7,0.0
391,Karol Linetty,1.4,0.6,1.1,0.2,0.2,0.0,1.0,0.0,0.3,0.6,0.7,1.1,0.0,0.9,1.6,0.0,0.6,26.5,82.8,0.0,1.0,0.0
392,Faouzi Ghoulam,0.5,0.3,0.2,0.1,0.2,0.0,0.0,0.0,0.3,0.6,0.0,0.6,0.1,0.3,0.3,0.0,0.6,19.0,87.6,0.7,0.4,0.0
393,Luigi Sepe ,0.0,0.1,0.0,0.6,0.0,0.0,0.0,0.0,0.0,0.0,0.1,0.1,0.0,0.0,0.0,0.0,0.0,34.9,76.8,0.0,10.1,0.0
394,Manolo Portanova,1.0,0.0,1.0,0.0,0.5,0.0,0.0,0.0,2.5,0.0,0.0,1.5,0.0,1.0,1.0,0.0,0.0,10.0,90.0,0.0,0.0,0.0
395,Alessandro Buongiorno,1.0,0.9,1.4,3.4,0.8,0.0,0.0,0.0,0.3,0.1,0.3,0.9,0.1,0.2,1.1,0.0,0.1,35.8,82.8,0.1,1.3,0.0
396,Manolo Portanova,1.0,0.3,1.0,0.7,0.3,0.0,0.0,0.0,0.3,0.0,0.7,2.0,0.0,1.3,0.3,0.0,0.0,8.0,75.0,0.0,0.7,0.0
397,Andrea Pinamonti,0.0,0.1,0.3,0.3,0.0,0.0,1.0,0.0,0.5,0.3,0.3,0.8,0.1,0.9,1.0,0.0,0.3,6.4,72.5,0.0,0.0,0.0
398,Bryan Dabo,0.4,0.5,0.7,0.6,0.0,0.0,0.0,0.0,0.5,0.3,0.8,0.8,0.0,0.3,1.2,0.0,0.3,22.0,78.5,0.1,0.8,0.0
399,Lukas Lerager,1.5,0.9,1.0,1.5,0.2,0.0,0.0,1.0,0.3,0.5,0.3,1.0,0.2,0.5,1.4,1.0,0.5,30.3,84.1,0.0,1.4,0.0
400,Davide Santon,0.4,0.4,1.1,0.8,0.1,0.0,0.0,1.0,0.5,0.5,0.7,0.3,0.1,0.2,0.8,1.0,0.5,23.0,90.9,0.3,0.9,0.0
401,Jacopo Sala,2.8,0.8,1.2,1.0,0.3,0.0,0.0,0.0,0.0,0.3,0.5,0.7,0.0,0.2,0.3,0.0,0.3,37.8,87.7,0.5,1.3,0.0
402,Cristiano Piccini,1.0,0.0,1.0,0.0,0.0,0.0,0.0,0.0,1.0,0.0,1.0,1.0,0.0,2.0,0.0,0.0,0.0,12.0,66.7,0.0,0.0,0.0
403,Jeremy Toljan,0.8,0.5,0.9,0.9,0.3,0.0,0.0,1.0,0.2,0.5,0.4,0.5,0.2,0.2,1.0,1.0,0.5,29.3,90.0,0.3,0.7,0.0
404,Jens Petter Hauge,0.4,0.1,0.6,0.1,0.0,0.0,2.0,0.0,0.4,0.6,0.5,0.1,0.1,0.6,0.8,0.0,0.6,10.5,80.4,0.0,0.3,0.0
405,Nicola Murru,0.6,0.9,0.9,1.2,0.1,0.0,0.0,0.0,0.4,0.2,0.4,0.9,0.0,0.4,0.4,0.0,0.2,18.5,70.7,0.1,0.9,0.0
406,Roberto Piccoli,0.4,0.1,0.8,0.3,0.0,0.0,5.0,0.0,0.8,0.2,0.3,0.7,0.2,0.6,2.2,0.0,0.2,6.7,67.7,0.0,0.0,0.0
407,Alex Berenguer,1.0,0.0,1.0,0.0,0.0,0.0,0.0,0.0,1.0,0.0,1.0,1.5,0.5,1.0,1.5,0.0,0.0,20.5,75.6,0.5,0.5,0.0
408,Amer Gojak,0.1,0.2,0.8,0.1,0.0,0.0,1.0,1.0,0.5,0.5,0.6,0.6,0.2,0.3,0.5,1.0,0.5,13.8,82.1,0.6,0.7,0.0
409,Luca Caldirola,0.8,0.8,0.8,2.2,0.6,0.0,2.0,0.0,0.3,0.2,0.0,1.0,0.0,0.1,0.1,0.0,0.2,31.3,84.7,0.0,2.2,0.0
410,Alan Empereur,0.3,1.5,0.8,1.8,0.3,0.0,0.0,0.0,0.3,0.0,0.0,0.3,0.0,0.5,0.3,0.0,0.0,28.8,80.0,0.0,1.0,0.0
411,Patric,1.2,0.7,0.8,2.0,0.1,0.0,0.0,1.0,0.3,0.4,0.0,0.2,0.0,0.2,0.5,1.0,0.4,46.8,87.5,0.2,3.8,0.0
412,Nahuel Estévez,0.5,0.7,1.2,0.8,0.2,0.0,0.0,3.0,0.9,1.0,0.4,0.8,0.0,0.5,1.1,3.0,1.0,30.2,80.0,0.7,1.7,0.0
413,Amadou Diambo,0.0,0.0,0.0,0.0,0.0,0.0,0.0,0.0,0.0,0.0,2.0,0.0,0.0,1.0,0.0,0.0,0.0,7.0,100.0,0.0,0.0,0.0
414,Ivor Pandur,0.0,0.0,0.0,0.3,0.0,0.0,0.0,0.0,0.0,0.0,0.0,0.0,0.0,0.0,0.0,0.0,0.0,23.0,52.2,0.0,4.5,0.0
415,Kevin Malcuit,1.0,1.0,0.0,0.5,0.0,0.0,0.0,0.0,0.0,0.0,0.5,0.0,0.0,0.0,1.0,0.0,0.0,11.5,82.6,0.0,0.5,0.0
416,Matteo Darmian ,2.0,2.0,1.0,2.0,0.0,0.0,0.0,0.0,0.0,0.3,0.3,1.0,0.0,0.3,0.3,0.0,0.3,27.3,76.8,0.0,0.7,0.0
417,Federico Barba,1.0,1.5,0.8,2.8,0.6,1.0,0.0,2.0,0.4,0.4,0.2,0.3,0.0,0.2,0.4,2.0,0.4,37.0,80.0,0.2,2.0,0.0
418,Davide Biraschi,1.3,1.6,1.2,1.8,0.5,0.0,0.0,0.0,0.2,0.0,0.5,0.5,0.0,0.4,0.9,0.0,0.0,34.3,80.5,0.2,1.4,0.0
419,Juan Jesus,0.6,0.4,0.8,0.8,0.0,0.0,0.0,0.0,0.0,0.0,0.2,0.0,0.0,0.0,0.0,0.0,0.0,26.2,92.4,0.0,1.6,0.0
420,Ilija Nestorovski,0.3,0.0,0.7,0.3,0.0,0.0,2.0,1.0,1.1,0.6,0.1,0.7,0.2,0.4,0.7,1.0,0.6,8.1,71.3,0.1,0.2,0.0
421,Alberto Grassi ,1.3,1.1,0.7,1.1,0.4,1.0,0.0,0.0,0.4,0.1,0.3,1.2,0.0,0.2,1.0,0.0,0.1,18.7,80.2,0.0,0.6,0.0
422,Jean-Daniel Akpa Akpro,1.2,0.6,1.0,0.4,0.2,0.0,0.0,1.0,0.4,0.4,0.5,0.4,0.0,0.4,0.8,1.0,0.4,10.8,81.7,0.0,0.3,0.0
423,Marko Pjaca,0.4,0.2,0.5,0.3,0.1,0.0,3.0,2.0,0.8,0.4,0.7,0.7,0.1,0.9,1.3,2.0,0.4,13.9,84.6,0.0,0.4,0.0
424,Gastón Pereiro,0.2,0.1,0.1,0.1,0.0,0.0,2.0,2.0,0.9,0.5,0.2,0.2,0.0,0.4,0.3,2.0,0.5,8.2,78.9,0.2,0.3,0.0
425,Riccardo Marchizza,0.8,0.5,0.7,1.0,0.2,0.0,0.0,2.0,0.3,0.6,0.3,0.6,0.1,0.3,1.0,2.0,0.6,31.6,81.7,0.8,2.0,0.0
426,Lautaro Valenti ,0.9,1.0,0.5,2.5,0.3,0.0,0.0,0.0,0.4,0.1,0.2,0.6,0.0,0.0,0.4,0.0,0.1,30.2,80.7,0.1,3.5,0.0
427,Fabio Depaoli,1.7,0.8,1.1,2.1,0.3,1.0,0.0,0.0,0.5,0.5,0.3,0.5,0.1,0.5,0.7,0.0,0.5,21.1,71.2,0.5,1.6,0.0
428,Federico Ceccherini,1.3,2.3,1.7,5.0,1.7,1.0,0.0,0.0,0.0,0.0,0.0,1.0,0.0,0.0,0.7,0.0,0.0,38.0,86.0,0.0,2.7,0.0
429,Bosko Sutalo,0.7,0.3,0.3,0.9,0.1,0.0,0.0,0.0,0.0,0.3,0.3,0.6,0.0,0.1,0.4,0.0,0.3,22.1,78.7,0.0,0.3,0.0
430,Milos Vulic,0.6,0.3,0.5,0.3,0.0,0.0,1.0,1.0,0.7,0.8,0.5,1.3,0.0,0.6,1.2,1.0,0.8,21.8,79.8,0.3,0.5,0.0
431,Rolando Mandragora,0.8,0.6,0.5,0.3,0.3,0.0,0.0,0.0,0.9,0.4,0.2,0.4,0.0,0.5,0.5,0.0,0.4,15.7,79.6,0.1,0.2,0.0
432,Luca Vignali,0.9,1.0,0.8,1.0,0.2,0.0,0.0,0.0,0.2,0.5,0.3,1.0,0.0,0.2,1.4,0.0,0.5,46.5,78.7,0.4,3.2,0.0
433,Ernesto Torregrossa,0.2,0.2,1.2,0.2,0.0,0.0,1.0,0.0,0.7,0.5,0.5,0.2,0.5,0.8,1.3,0.0,0.5,7.2,74.4,0.0,0.2,0.0
434,Javier Pastore,0.3,0.0,0.2,0.0,0.0,0.0,0.0,0.0,0.0,0.7,0.3,0.3,0.0,0.0,0.7,0.0,0.7,10.0,88.3,0.0,0.8,0.3
435,Daam Foulon,1.1,0.6,0.7,1.2,0.1,1.0,0.0,1.0,0.0,0.2,0.3,1.0,0.0,0.2,0.5,1.0,0.2,14.8,75.9,0.2,0.4,0.0
436,Senad Lulic,0.9,0.3,0.8,0.6,0.1,0.0,0.0,0.0,0.4,0.3,0.3,0.2,0.1,0.6,0.8,0.0,0.3,17.8,73.2,0.4,1.0,0.0
437,Kevin Lasagna,0.4,0.4,1.2,0.4,0.0,0.0,2.0,1.0,2.4,0.6,0.3,0.6,0.5,0.7,1.8,1.0,0.6,11.2,73.3,0.2,0.3,0.0
438,Nikola Kalinic,0.3,0.1,1.4,0.4,0.0,0.0,2.0,0.0,1.3,0.4,0.3,1.8,0.5,0.7,1.8,0.0,0.4,11.9,69.5,0.0,0.2,0.0
439,Gary Medel,1.1,0.6,0.5,0.9,0.5,0.0,0.0,1.0,0.0,0.2,0.0,0.9,0.0,0.1,0.5,1.0,0.2,30.7,91.7,0.0,2.0,0.0
440,Mehdi Léris,0.6,0.6,0.7,0.5,0.1,0.0,0.0,0.0,0.1,0.4,0.3,0.2,0.0,0.2,0.5,0.0,0.4,9.9,79.8,0.2,0.3,0.0
441,Lorenzo Venuti,0.9,0.6,0.4,0.6,0.1,1.0,0.0,1.0,0.1,0.5,0.3,0.9,0.0,0.4,0.7,1.0,0.5,21.4,75.4,0.5,0.7,0.0
442,Alex Cordaz,0.0,0.0,0.0,0.4,0.0,0.0,0.0,0.0,0.0,0.0,0.0,0.2,0.0,0.0,0.0,0.0,0.0,35.4,69.2,0.0,7.6,0.0
443,Mitchell Dijks,1.1,0.9,1.6,1.6,0.1,0.0,0.0,0.0,0.1,0.3,1.0,0.8,0.1,0.4,0.9,0.0,0.3,30.3,79.4,0.2,0.7,0.0
444,Christian Pastina,0.0,0.3,0.3,2.7,0.0,0.0,0.0,1.0,0.0,0.3,0.0,0.0,0.0,0.0,0.0,1.0,0.3,21.0,84.1,0.3,2.3,0.0
445,Christian Oliva,1.0,0.8,0.7,0.6,0.1,0.0,0.0,1.0,0.0,0.2,0.2,0.5,0.0,0.5,0.0,1.0,0.2,18.7,81.8,0.0,0.5,0.0
446,Andrea Conti,0.3,0.3,0.7,0.0,0.0,0.0,0.0,0.0,0.0,0.3,0.7,0.3,0.0,0.0,0.7,0.0,0.3,7.0,95.2,0.0,0.3,0.3
447,Léo Duarte,1.0,1.0,0.0,0.0,0.0,0.0,0.0,0.0,0.0,0.0,0.0,0.0,0.0,0.0,0.0,0.0,0.0,12.0,100.0,0.0,0.0,0.0
448,Vincent Laurini ,1.1,1.2,0.9,1.3,0.3,0.0,0.0,0.0,0.1,0.1,0.1,1.3,0.0,0.1,0.6,0.0,0.1,28.8,83.6,0.3,2.0,0.0
449,Jeroen Zoet,0.0,0.0,0.3,0.7,0.0,0.0,0.0,0.0,0.0,0.0,0.0,0.1,0.0,0.0,0.1,0.0,0.0,37.1,70.4,0.0,7.7,0.0
450,José Callejón,0.5,0.2,0.3,0.3,0.1,0.0,0.0,1.0,0.5,0.3,0.3,0.6,0.0,0.3,0.5,1.0,0.3,11.8,81.8,0.4,0.6,0.0
451,Federico Bonazzoli,0.3,0.1,0.6,0.2,0.0,0.0,2.0,2.0,1.1,0.2,0.4,1.0,0.2,0.4,0.8,2.0,0.2,7.7,83.8,0.0,0.6,0.0
452,Gabriele Moncini,0.2,0.2,0.9,0.4,0.0,0.0,0.0,0.0,0.8,0.3,0.4,1.0,0.1,0.3,1.2,0.0,0.3,8.6,60.5,0.0,0.3,0.0
453,Ragnar Klavan,1.0,0.5,0.5,2.1,0.3,0.0,0.0,0.0,0.4,0.1,0.0,0.1,0.0,0.0,0.5,0.0,0.1,26.4,85.6,0.0,1.5,0.0
454,Elio Capradossi,2.0,1.0,1.0,5.0,0.0,0.0,0.0,0.0,1.0,0.0,0.0,0.0,0.0,0.0,1.0,0.0,0.0,45.0,82.2,0.0,1.0,0.0
455,Vittorio Parigini,1.3,0.0,0.0,0.0,0.0,0.0,0.0,0.0,0.3,0.0,0.3,0.5,0.3,0.3,0.3,0.0,0.0,3.5,71.4,0.3,0.0,0.0
456,Fernando Forestieri,0.5,0.1,0.6,0.0,0.0,0.0,1.0,1.0,0.6,0.4,0.5,1.2,0.3,0.4,0.8,1.0,0.4,9.5,80.6,0.2,0.2,0.0
457,Sam Lammers,0.1,0.0,0.3,0.2,0.0,0.0,2.0,0.0,0.6,0.3,0.9,0.3,0.1,0.9,1.1,0.0,0.3,8.1,78.7,0.0,0.0,0.0
458,Eljif Elmas,0.5,0.1,0.3,0.2,0.0,0.0,2.0,1.0,0.4,0.4,0.4,0.2,0.0,0.3,0.5,1.0,0.4,10.5,90.8,0.1,0.2,0.0
459,Vedat Muriqi,0.1,0.1,0.5,0.7,0.1,0.0,1.0,0.0,1.1,0.4,0.1,0.7,0.6,0.6,1.2,0.0,0.4,9.2,69.0,0.0,0.2,0.0
460,Federico Mattiello,0.0,0.0,0.0,0.0,0.0,0.0,0.0,0.0,0.0,0.0,1.0,1.0,0.0,0.0,0.0,0.0,0.0,32.0,68.8,0.0,4.0,0.0
461,Marco Bertini,1.0,0.0,0.0,0.0,0.0,0.0,0.0,0.0,0.0,0.0,1.0,0.0,0.0,0.0,0.0,0.0,0.0,2.0,100.0,0.0,0.0,0.0
462,Mattia De Sciglio,0.0,0.0,1.0,0.0,0.0,0.0,0.0,0.0,1.0,0.0,0.0,0.0,0.0,0.0,0.0,0.0,0.0,11.0,81.8,0.0,0.0,0.0
463,Nicolò Manfredini,0.0,0.0,0.0,2.0,0.0,0.0,0.0,0.0,0.0,0.0,0.0,0.0,0.0,0.0,0.0,0.0,0.0,22.0,81.8,0.0,2.0,0.0
464,Adolfo Gaich,0.6,0.1,1.6,0.3,0.0,0.0,2.0,0.0,1.5,0.3,0.6,1.3,0.2,0.9,1.7,0.0,0.3,8.8,56.8,0.1,0.5,0.0
465,Salvatore Sirigu,0.0,0.0,0.0,0.4,0.0,0.0,0.0,0.0,0.0,0.0,0.0,0.1,0.0,0.0,0.1,0.0,0.0,28.0,67.3,0.0,6.7,0.0
466,Marco Sau,0.3,0.2,0.3,0.1,0.0,0.0,4.0,2.0,0.5,0.8,0.5,0.8,0.0,0.5,1.2,2.0,0.8,9.5,74.4,0.5,0.1,0.0
467,Ibrahima Mbaye,0.8,0.1,0.4,1.1,0.4,0.0,1.0,0.0,0.1,0.1,0.3,0.6,0.1,0.1,0.1,0.0,0.1,21.3,80.0,0.0,0.4,0.0
468,Amadou Diawara,0.7,0.7,0.9,0.3,0.1,0.0,1.0,0.0,0.4,0.1,0.3,0.2,0.0,0.1,0.5,0.0,0.1,25.9,89.7,0.0,1.2,0.1
469,Aaron Hickey,1.1,1.4,1.0,1.1,0.1,0.0,0.0,0.0,0.2,0.2,0.6,1.3,0.0,0.7,1.5,0.0,0.2,29.1,88.4,0.2,1.4,0.0
470,Steeve-Mike Eboa Ebongue,0.7,0.0,0.0,0.0,0.0,0.0,0.0,1.0,0.0,0.7,0.0,0.0,0.0,0.3,0.7,1.0,0.7,9.0,74.1,0.0,0.3,0.0
471,Iyenoma Udogie,1.0,0.3,0.8,0.7,0.0,0.0,0.0,0.0,0.2,0.2,0.3,0.5,0.2,0.0,0.2,0.0,0.2,19.2,83.5,0.0,0.7,0.0
472,Samuel Di Carmine,0.2,0.0,1.5,0.6,0.0,0.0,0.0,0.0,0.8,0.4,0.2,1.8,0.5,1.2,1.6,0.0,0.4,12.5,66.4,0.1,0.0,0.0
473,Ryder,0.0,0.0,0.0,0.0,0.0,0.0,0.0,0.0,0.0,1.0,1.0,2.0,0.0,1.0,0.0,0.0,1.0,6.0,83.3,1.0,0.0,0.0
474,Andrej Galabinov,0.2,0.0,0.4,0.4,0.0,0.0,3.0,1.0,0.7,0.3,0.2,0.3,0.3,1.4,0.8,1.0,0.3,8.3,73.7,0.0,0.3,0.0
475,Andrea Favilli,0.3,0.0,1.3,0.2,0.0,0.0,2.0,0.0,1.2,0.2,0.3,0.7,0.8,1.4,2.0,0.0,0.2,7.3,67.5,0.0,0.2,0.0
476,Antonino La Gumina,0.3,0.3,0.6,0.6,0.1,0.0,0.0,0.0,1.2,0.1,0.6,0.7,0.2,0.6,2.1,0.0,0.1,6.9,72.6,0.0,0.0,0.0
477,Paolo Faragò,1.0,0.0,0.0,0.0,0.0,0.0,0.0,0.0,1.0,0.0,0.0,0.0,0.0,0.0,0.0,0.0,0.0,12.0,83.3,0.0,0.0,0.0
478,Ebrima Colley,0.5,0.3,0.6,0.0,0.0,0.0,1.0,0.0,0.7,0.3,0.8,0.8,0.3,0.8,1.5,0.0,0.3,10.5,75.1,0.1,0.1,0.0
479,Andrés Tello,0.5,0.3,0.3,0.2,0.1,0.0,1.0,0.0,0.4,0.1,0.3,0.2,0.0,0.2,0.5,0.0,0.1,9.2,73.5,0.2,0.4,0.0
480,Jacopo Segre,0.6,0.0,0.2,0.1,0.0,0.0,0.0,0.0,0.4,0.1,0.4,1.0,0.1,0.2,0.1,0.0,0.1,11.7,88.6,0.0,0.6,0.0
481,Kwadwo Asamoah,0.4,0.4,0.0,0.2,0.1,0.0,0.0,0.0,0.2,0.0,0.2,0.4,0.0,0.1,0.1,0.0,0.0,10.8,89.7,0.0,0.8,0.0
482,Daan Dierckx ,0.7,1.9,0.7,2.9,0.9,0.0,0.0,0.0,0.0,0.0,0.0,0.0,0.1,0.0,0.3,0.0,0.0,30.1,87.7,0.0,3.0,0.0
483,Niccolò Zanellato,0.9,0.6,1.1,0.4,0.2,0.0,1.0,1.0,0.2,0.3,0.6,1.3,0.0,0.4,0.6,1.0,0.3,27.8,80.2,0.1,1.2,0.0
484,Valentin Antov,0.8,0.8,0.4,2.2,1.0,0.0,0.0,0.0,0.2,0.2,0.2,0.4,0.0,0.0,0.4,0.0,0.2,23.0,89.6,0.0,1.8,0.0
485,Daniele Padelli,0.0,0.0,0.0,0.0,0.0,0.0,0.0,0.0,0.0,0.0,0.0,0.0,0.0,0.0,0.0,0.0,0.0,12.0,100.0,0.0,0.0,0.0
486,Omar Khailoti,0.0,1.0,0.0,0.0,0.0,0.0,0.0,0.0,0.0,0.0,0.0,0.0,0.0,0.0,0.0,0.0,0.0,19.0,89.5,0.0,0.0,0.0
487,Andrea Poli,0.5,0.4,0.3,0.3,0.1,1.0,1.0,0.0,0.2,0.3,0.3,0.4,0.0,0.2,0.5,0.0,0.3,11.6,90.9,0.1,0.1,0.0
488,Alberto Cerri,0.1,0.1,0.8,0.3,0.1,0.0,1.0,0.0,0.7,0.3,0.3,0.6,0.0,0.5,0.6,0.0,0.3,6.0,61.5,0.0,0.2,0.0
489,Federico Santander,0.0,0.0,0.5,0.0,0.0,0.0,0.0,1.0,1.0,0.3,0.0,0.5,0.0,0.5,0.3,1.0,0.3,4.5,72.2,0.0,0.0,0.0
490,Alessandro Berardi,0.0,0.0,0.0,0.0,0.0,0.0,0.0,0.0,0.0,0.0,0.0,0.0,0.0,0.0,0.0,0.0,0.0,11.0,54.5,0.0,5.0,0.0
491,Edoardo Bove,0.0,0.0,0.0,0.0,0.0,0.0,0.0,0.0,0.0,0.0,0.0,0.0,0.0,0.0,0.0,0.0,0.0,11.0,100.0,0.0,0.0,0.0
492,Luca Siligardi,1.0,0.0,0.0,0.0,0.0,0.0,0.0,0.0,0.5,0.5,0.5,0.3,0.0,0.5,0.5,0.0,0.5,5.0,75.0,0.0,0.0,0.0
493,Daniel Bessa,0.8,0.1,0.9,0.0,0.1,0.0,0.0,2.0,0.4,0.8,0.2,0.3,0.2,0.7,1.0,2.0,0.8,15.7,87.9,0.2,0.6,0.1
494,Ângelo da Costa,0.0,0.0,0.0,0.3,0.0,0.0,0.0,0.0,0.0,0.0,0.0,0.0,0.0,0.0,0.2,0.0,0.0,43.2,86.5,0.0,6.2,0.0
495,Emmanuel Rivière,0.1,0.0,0.5,0.0,0.0,0.0,1.0,1.0,0.6,0.2,0.2,0.9,0.0,0.4,0.9,1.0,0.2,7.0,73.5,0.0,0.1,0.0
496,Christian Kouamé,0.3,0.2,0.8,0.1,0.0,0.0,1.0,1.0,0.5,0.4,0.5,1.0,0.2,0.7,1.5,1.0,0.4,9.6,72.6,0.0,0.1,0.0
497,Luca Marrone,1.2,1.2,1.7,2.6,0.5,1.0,0.0,0.0,0.2,0.0,0.0,0.5,0.0,0.0,0.2,0.0,0.0,48.5,87.5,0.0,2.2,0.0
498,Vanja Milinkovic-Savic,0.2,0.0,0.0,0.3,0.0,0.0,0.0,0.0,0.0,0.0,0.0,0.3,0.0,0.0,0.2,0.0,0.0,26.3,62.7,0.0,3.7,0.0
499,Filippo Melegoni,0.5,0.4,0.2,0.5,0.0,0.0,0.0,0.0,0.3,0.3,0.6,0.4,0.0,0.6,0.9,0.0,0.3,14.9,88.9,0.2,0.6,0.0
500,Maxime Busi ,1.0,0.7,1.0,1.1,0.0,0.0,0.0,1.0,0.3,0.3,0.5,0.3,0.0,0.2,0.9,1.0,0.3,26.9,84.7,0.4,1.7,0.0
501,Arturo Calabresi,0.0,0.0,0.0,0.0,0.0,0.0,0.0,0.0,0.0,0.0,0.5,0.0,0.0,0.0,0.0,0.0,0.0,7.5,73.3,0.0,0.0,0.0
502,Riccardo Saponara,1.0,0.5,0.5,0.0,0.0,0.0,0.0,0.0,0.0,0.5,0.5,0.5,0.0,0.0,1.0,0.0,0.5,20.0,90.0,0.0,0.5,0.0
503,Joshua Zirkzee ,0.5,0.0,1.0,0.3,0.3,0.0,0.0,0.0,0.3,0.3,1.0,0.3,0.0,0.0,1.0,0.0,0.3,8.5,61.8,0.0,0.0,0.0
504,Vladimir Golemic,1.1,1.3,1.0,3.2,0.9,0.0,2.0,0.0,0.2,0.2,0.1,0.3,0.0,0.2,0.4,0.0,0.2,43.1,85.5,0.0,2.0,0.0
505,Lukás Haraslín,0.6,0.0,0.5,0.1,0.0,0.0,0.0,0.0,0.9,0.6,0.4,1.3,0.1,0.2,0.8,0.0,0.6,8.4,75.2,0.2,0.1,0.0
506,Alessandro Deiola,0.5,0.3,0.5,0.1,0.1,0.0,0.0,0.0,0.4,0.7,0.2,0.4,0.0,0.2,0.5,0.0,0.7,12.3,76.2,0.3,0.8,0.0
507,Joseph Alfred Duncan,0.8,0.5,0.5,0.0,0.0,0.0,0.0,0.0,0.3,0.3,0.3,0.5,0.0,0.5,0.5,0.0,0.3,22.0,76.1,0.0,1.8,0.0
508,Thomas Ouwejan,0.3,0.3,0.5,0.4,0.0,0.0,0.0,2.0,0.4,0.7,0.2,0.1,0.0,0.1,0.5,2.0,0.7,11.1,73.7,0.5,0.5,0.0
509,Sebastiano Luperto,1.7,1.2,1.2,3.1,0.3,0.0,0.0,0.0,0.2,0.3,0.2,0.8,0.0,0.1,0.5,0.0,0.3,43.9,81.9,0.0,1.9,0.0
510,Roberto Inglese ,0.4,0.0,1.0,0.2,0.0,0.0,0.0,2.0,0.6,0.3,0.6,0.7,0.6,0.9,2.8,2.0,0.3,8.0,66.1,0.0,0.1,0.1
511,Mario Mandzukic,0.7,0.2,0.9,0.3,0.0,0.0,0.0,0.0,0.5,0.2,0.0,0.2,0.2,0.1,0.1,0.0,0.2,4.9,71.4,0.0,0.1,0.0
512,Gennaro Acampora,0.4,0.3,0.7,0.3,0.1,0.0,0.0,0.0,0.6,0.1,0.7,0.9,0.1,0.9,0.9,0.0,0.1,15.3,86.0,0.1,1.2,0.0
513,Francesco Cassata,0.9,0.4,1.3,0.1,0.0,0.0,0.0,0.0,0.1,0.1,0.4,1.0,0.0,0.4,0.5,0.0,0.1,9.1,71.2,0.0,0.3,0.0
514,Alessandro Tripaldelli,1.3,0.3,0.9,1.5,0.1,0.0,0.0,0.0,0.0,0.1,0.1,0.4,0.0,0.1,0.4,0.0,0.1,7.3,69.9,0.0,0.1,0.0
515,Johan Mojica,0.4,0.6,0.4,0.4,0.0,0.0,0.0,0.0,0.4,0.4,0.2,0.1,0.0,0.5,0.7,0.0,0.4,16.5,85.1,0.4,0.5,0.0
516,Borja Valero,0.7,0.3,0.5,0.1,0.1,0.0,0.0,0.0,0.3,0.1,0.3,0.8,0.1,0.6,0.6,0.0,0.1,14.6,91.4,0.0,0.6,0.0
517,Danilo Cataldi,0.4,0.5,0.5,0.3,0.1,0.0,0.0,0.0,0.3,0.3,0.4,0.2,0.0,0.1,0.3,0.0,0.3,20.7,86.3,0.4,0.7,0.0
518,Mattia Pagliuca,0.0,1.0,0.0,0.0,0.0,0.0,0.0,0.0,0.0,1.0,0.0,1.0,0.0,0.0,0.0,0.0,1.0,3.0,33.3,0.0,0.0,0.0
519,Andrea Danzi,0.0,1.5,0.5,0.5,0.0,0.0,0.0,0.0,0.5,0.5,0.0,0.0,0.0,0.0,1.0,0.0,0.5,17.0,61.8,0.0,1.0,0.5
520,Douglas Costa,0.5,0.0,0.0,0.0,0.0,0.0,0.0,0.0,0.0,0.5,0.0,0.0,0.0,0.5,1.0,0.0,0.5,10.5,85.7,0.5,0.5,0.0
521,Giacomo Ricci ,1.0,0.3,0.0,1.3,0.7,0.0,0.0,0.0,0.0,0.0,0.0,0.0,0.0,0.3,0.3,0.0,0.0,6.7,75.0,0.3,0.7,0.0
522,Wylan Cyprien ,0.7,0.4,0.5,0.4,0.6,0.0,0.0,0.0,0.5,0.3,0.2,0.5,0.0,0.3,0.4,0.0,0.3,21.5,87.1,0.4,1.1,0.0
523,Alessandro Di Pardo,0.0,0.0,0.0,0.0,0.3,0.0,0.0,0.0,0.0,0.3,0.5,0.3,0.0,0.0,0.0,0.0,0.3,1.0,75.0,0.0,0.0,0.0
524,Stefano Denswil,0.4,0.2,0.0,0.0,0.0,0.0,0.0,0.0,0.0,0.0,0.0,0.4,0.0,0.0,0.0,0.0,0.0,15.6,78.2,0.0,1.4,0.0
525,Jacopo Petriccione,0.7,0.4,0.9,0.5,0.1,0.0,0.0,0.0,0.2,0.4,0.1,0.9,0.0,0.2,0.2,0.0,0.4,24.4,86.5,0.1,1.8,0.1
526,Kevin Rüegg,0.1,0.3,0.3,0.4,0.1,0.0,0.0,0.0,0.1,0.0,0.3,0.1,0.1,0.3,0.7,0.0,0.0,9.0,63.5,0.1,0.4,0.0
527,Mattia Caldara,0.2,0.7,0.5,0.3,0.3,0.0,0.0,0.0,0.3,0.0,0.0,0.2,0.0,0.2,0.2,0.0,0.0,9.5,89.5,0.0,1.0,0.0
528,Juan Ramos,0.8,0.3,0.5,0.8,0.0,0.0,0.0,0.0,0.2,0.7,0.2,0.3,0.2,0.3,1.5,0.0,0.7,20.7,77.4,0.7,0.5,0.0
529,Matteo Ruggeri,0.5,0.7,0.5,0.2,0.0,0.0,0.0,0.0,0.3,0.2,0.2,0.0,0.0,0.0,0.5,0.0,0.2,17.0,85.3,0.3,0.5,0.0
530,Simone Iacoponi ,1.4,0.7,0.9,2.4,0.3,2.0,0.0,0.0,0.2,0.0,0.2,0.9,0.1,0.0,0.5,0.0,0.0,42.8,87.2,0.0,4.4,0.0
531,Paolo Bartolomei,1.0,0.2,0.7,0.2,0.0,0.0,0.0,1.0,0.7,0.8,0.7,0.2,0.0,0.5,1.0,1.0,0.8,18.3,80.0,0.3,0.7,0.0
532,Denis Vavro,0.0,1.0,0.0,3.0,0.0,0.0,0.0,0.0,0.0,0.0,0.0,0.0,0.0,0.0,0.0,0.0,0.0,16.0,100.0,0.0,1.0,0.0
533,Valon Behrami,0.8,0.3,1.1,0.3,0.2,0.0,0.0,0.0,0.2,0.1,0.0,0.8,0.0,0.1,0.3,0.0,0.1,8.2,75.5,0.0,0.3,0.0
534,Vasilios Zagaritis ,0.0,0.0,0.0,0.0,0.0,0.0,0.0,0.0,0.0,0.5,1.0,0.5,0.5,0.0,1.0,0.0,0.5,19.0,94.7,0.0,0.5,0.0
535,Jean-Victor Makengo,0.5,0.3,0.7,0.4,0.1,0.0,0.0,0.0,0.2,0.1,0.4,0.2,0.0,0.6,0.8,0.0,0.1,11.0,80.7,0.0,0.4,0.0
536,Federico Peluso,0.1,0.4,0.3,1.7,0.3,0.0,0.0,0.0,0.0,0.0,0.0,0.1,0.0,0.3,0.0,0.0,0.0,23.3,92.6,0.0,0.7,0.0
537,Felix Correia,0.0,0.0,1.0,1.0,0.0,0.0,0.0,0.0,0.0,0.0,0.0,0.0,0.0,0.0,0.0,0.0,0.0,7.0,85.7,0.0,0.0,0.0
538,Stefano Sturaro,0.4,0.5,1.7,0.8,0.1,0.0,0.0,0.0,0.1,0.0,0.1,0.6,0.0,0.6,0.4,0.0,0.0,17.3,76.3,0.1,1.2,0.0
539,Lorenzo Colombo,0.5,0.0,0.3,0.8,0.0,0.0,0.0,0.0,1.0,0.0,0.3,0.0,0.8,0.3,0.5,0.0,0.0,3.0,50.0,0.3,0.0,0.0
540,Carlo Pinsoglio,0.0,0.0,0.0,0.0,0.0,0.0,0.0,0.0,0.0,0.0,0.0,0.0,0.0,0.0,0.0,0.0,0.0,5.5,90.9,0.0,0.0,0.0
541,Drissa Camara ,0.0,0.0,0.0,0.0,0.0,0.0,0.0,0.0,0.0,0.0,1.0,0.0,0.0,0.0,0.0,0.0,0.0,8.0,87.5,0.0,0.0,0.0
542,Federico Ricci,0.0,0.0,1.0,0.0,0.0,0.0,0.0,0.0,0.0,0.0,1.0,0.0,0.0,0.0,1.0,0.0,0.0,4.0,100.0,0.0,0.0,0.0
543,Lubomir Tupta,0.0,0.0,0.0,0.0,0.0,0.0,0.0,0.0,1.0,0.0,0.0,0.5,0.0,0.5,0.0,0.0,0.0,5.0,80.0,0.0,0.5,0.0
544,Andreas Pereira,0.2,0.0,0.5,0.1,0.0,0.0,1.0,2.0,0.5,0.5,0.3,0.3,0.1,0.4,0.5,2.0,0.5,8.9,76.6,0.3,0.7,0.0
545,Andri Fannar Baldursson,0.8,0.4,0.9,0.9,0.1,0.0,0.0,0.0,0.3,0.1,0.1,0.4,0.1,0.5,0.8,0.0,0.1,9.1,74.0,0.0,0.0,0.0
546,Simon Sohm ,1.0,0.3,0.4,0.3,0.0,0.0,1.0,0.0,0.3,0.2,0.4,0.2,0.1,0.8,0.7,0.0,0.2,23.3,84.5,0.0,0.8,0.0
547,Fernando Llorente,0.0,0.0,1.0,0.0,0.0,0.0,0.0,0.0,0.7,0.3,0.0,0.3,0.0,0.7,1.3,0.0,0.3,7.3,59.1,0.0,0.3,0.0
548,Giuseppe Caso,0.0,0.0,1.0,0.0,0.0,0.0,0.0,0.0,0.0,0.0,1.0,1.0,0.0,0.0,2.0,0.0,0.0,8.0,62.5,0.0,0.0,0.0
549,Fabio Depaoli,0.6,0.6,1.0,0.4,0.0,0.0,0.0,0.0,0.0,0.6,0.2,0.2,0.0,0.6,1.0,0.0,0.6,17.0,82.4,0.0,0.4,0.0
550,Samuel Di Carmine,0.2,0.0,0.5,0.5,0.0,0.0,0.0,0.0,0.5,0.0,0.0,1.4,0.0,0.5,0.7,0.0,0.0,8.5,78.7,0.0,0.4,0.0
551,Hidde ter Avest,0.8,0.3,0.5,0.7,0.2,0.0,0.0,0.0,0.0,0.0,0.5,0.3,0.2,0.0,1.2,0.0,0.0,26.5,78.0,0.0,1.3,0.2
552,Luca Mora,0.8,0.0,0.5,0.5,0.3,0.0,0.0,0.0,0.3,0.0,0.3,0.5,0.0,0.8,1.0,0.0,0.0,14.5,65.5,0.0,0.0,0.0
553,Giovanni Crociata,0.5,0.0,1.0,0.0,0.0,0.0,0.0,0.0,0.0,0.5,1.0,0.5,0.0,0.5,1.5,0.0,0.5,6.5,76.9,0.0,0.0,0.0
554,Radja Nainggolan,0.0,0.3,0.3,0.0,0.0,0.0,0.0,0.0,0.8,0.0,0.0,0.0,0.0,0.3,0.3,0.0,0.0,9.5,81.6,0.0,0.3,0.0
555,Daniel Maldini,0.2,0.0,0.6,0.0,0.0,0.0,0.0,0.0,0.2,0.0,0.4,0.2,0.0,0.0,0.4,0.0,0.0,2.6,92.3,0.2,0.2,0.0
556,Fabio Pisacane,0.6,0.2,0.4,1.6,1.0,0.0,0.0,0.0,0.0,0.0,0.0,0.0,0.0,0.2,0.0,0.0,0.0,18.0,85.6,0.0,0.6,0.0
557,Luis Rojas,0.1,0.1,0.3,0.0,0.0,0.0,0.0,0.0,0.1,0.1,0.9,0.0,0.0,0.9,1.3,0.0,0.1,6.4,77.8,0.0,0.0,0.0
558,Mattia Sprocati ,1.0,1.0,0.0,0.0,0.0,0.0,0.0,0.0,0.0,0.0,0.0,0.0,0.0,0.0,0.0,0.0,0.0,4.0,100.0,0.0,0.0,0.0
559,Giuseppe Di Serio,0.1,0.0,0.8,0.2,0.0,0.0,0.0,0.0,0.3,0.1,0.4,1.1,0.1,0.8,0.6,0.0,0.1,4.6,75.3,0.0,0.1,0.0
560,Musa Juwara,0.4,0.0,0.2,0.0,0.0,0.0,0.0,0.0,0.2,0.0,0.4,0.4,0.0,0.4,0.6,0.0,0.0,4.4,81.8,0.0,0.2,0.0
561,Kiril Despodov,1.0,0.0,1.0,0.0,0.0,0.0,0.0,0.0,0.0,0.0,0.0,0.0,0.0,0.0,1.0,0.0,0.0,0.0,0.0,0.0,0.0,0.0
562,Fabrizio Caligara,0.6,0.3,1.0,0.2,0.2,0.0,0.0,0.0,0.0,0.2,0.1,0.2,0.0,0.3,0.5,0.0,0.2,5.1,76.5,0.3,0.3,0.0
563,Vasco Regini,0.7,0.3,0.3,1.0,0.3,1.0,0.0,0.0,0.0,0.3,0.0,0.3,0.0,0.0,0.0,0.0,0.3,10.3,90.3,0.3,0.7,0.0
564,Stanislav Lobotka,0.1,0.0,0.3,0.1,0.1,0.0,0.0,0.0,0.0,0.0,0.1,0.1,0.0,0.1,0.0,0.0,0.0,8.5,90.6,0.0,0.3,0.0
565,Eduardo Henrique,0.3,0.4,1.0,0.4,0.1,0.0,1.0,0.0,0.5,0.3,0.7,0.8,0.1,0.9,0.5,0.0,0.3,21.8,82.2,0.0,0.4,0.0
566,Viktor Kovalenko,0.0,0.0,0.0,1.0,0.0,0.0,0.0,0.0,0.0,0.0,0.0,0.0,0.0,0.0,1.0,0.0,0.0,1.0,100.0,0.0,0.0,0.0
567,Vincenzo Millico,0.0,0.0,0.0,0.0,0.0,0.0,0.0,0.0,0.0,0.3,0.0,0.0,0.0,0.0,0.0,0.0,0.3,2.7,75.0,0.3,0.3,0.0
568,Cristian Dell'Orco,0.1,0.9,0.1,0.9,0.6,0.0,0.0,0.0,0.1,0.0,0.0,0.3,0.0,0.1,0.4,0.0,0.0,15.8,77.0,0.0,0.9,0.0
569,Matteo Tramoni,0.7,0.2,0.2,0.0,0.0,0.0,0.0,0.0,0.2,0.0,0.0,0.2,0.0,0.2,0.3,0.0,0.0,2.7,68.8,0.0,0.0,0.0
570,Davide Ghislandi,0.0,0.0,0.0,1.0,0.0,0.0,0.0,0.0,0.0,0.0,0.0,0.0,0.0,0.0,0.0,0.0,0.0,3.0,100.0,0.0,0.0,0.0
571,Emmanuel Gyabuaa,0.0,0.0,0.0,0.0,0.0,0.0,0.0,0.0,0.0,0.0,0.0,0.0,0.0,0.0,0.0,0.0,0.0,1.0,100.0,0.0,0.0,0.0
572,Jacopo Dezi ,2.0,0.0,0.5,0.0,0.0,0.0,0.0,0.0,0.5,0.5,0.0,1.5,0.0,0.5,1.5,0.0,0.5,20.0,82.5,0.0,1.0,0.0
573,Antonio Barreca,0.3,0.0,0.3,0.3,0.0,0.0,0.0,0.0,0.7,0.3,0.0,0.0,0.3,0.0,0.3,0.0,0.3,10.0,80.0,0.3,0.7,0.0
574,Fabio Depaoli,0.5,0.5,2.5,0.5,0.0,0.0,0.0,0.0,1.0,0.5,0.5,1.0,1.0,0.0,2.0,0.0,0.5,7.0,71.4,0.0,0.5,0.0
575,Kristoffer Askildsen,0.0,0.5,0.5,0.5,0.0,0.0,0.0,0.0,0.2,0.0,0.2,0.2,0.0,0.5,0.5,0.0,0.0,3.0,55.6,0.0,0.2,0.0
576,Philip Yeboah Ankrah,0.0,0.0,0.0,0.0,0.0,0.0,0.0,0.0,0.0,0.0,0.0,1.0,0.0,0.0,0.0,0.0,0.0,0.0,0.0,0.0,0.0,0.0
577,Andrea Rispoli,0.3,0.3,0.4,0.6,0.2,0.0,0.0,0.0,0.2,0.5,0.1,0.2,0.1,0.2,0.4,0.0,0.5,12.8,72.0,0.4,0.4,0.0
578,Amad Diallo,0.0,0.0,1.0,0.0,0.0,0.0,0.0,0.0,1.0,1.0,0.0,2.0,0.0,0.0,0.0,0.0,1.0,10.0,90.0,0.0,1.0,0.0
579,Denis Dragus,0.3,0.1,0.4,0.0,0.0,0.0,0.0,0.0,0.4,0.0,0.6,0.4,0.2,0.7,1.0,0.0,0.0,7.4,70.1,0.1,0.1,0.0
580,Jérôme Onguéné,0.5,0.5,0.8,2.0,0.0,0.0,0.0,0.0,0.0,0.0,0.0,0.3,0.0,0.0,0.5,0.0,0.0,24.0,84.4,0.0,0.5,0.0
581,Márk Kosznovszky ,2.0,1.0,2.0,1.0,0.0,0.0,0.0,0.0,1.0,0.0,0.0,0.0,0.0,0.0,0.0,0.0,0.0,38.0,97.4,0.0,0.0,0.0
582,Siriki Sanogo,0.0,0.0,0.0,0.0,0.0,0.0,0.0,0.0,0.0,0.0,0.0,0.0,0.0,0.0,0.0,0.0,0.0,7.0,100.0,0.0,1.0,0.0
583,Wisdom Amey,0.0,0.0,0.0,0.0,0.0,0.0,0.0,0.0,0.0,0.0,0.0,0.0,0.0,0.0,0.0,0.0,0.0,3.0,100.0,0.0,1.0,0.0
584,Luca Siligardi ,0.0,0.0,0.0,0.0,0.0,0.0,0.0,0.0,0.0,1.0,0.0,0.0,0.0,1.5,1.0,0.0,1.0,7.0,71.4,0.5,0.0,0.0
585,Christian Maggio,1.1,0.3,0.8,0.5,0.1,0.0,0.0,0.0,0.3,0.0,0.4,0.9,0.0,0.3,0.1,0.0,0.0,14.0,75.9,0.0,0.5,0.0
586,Kacper Urbanski,0.0,0.0,0.0,0.0,0.0,0.0,0.0,0.0,0.0,0.0,0.0,0.0,0.0,0.0,0.0,0.0,0.0,7.0,85.7,0.0,1.0,0.0
587,Manuel Gasparini,0.0,0.0,0.0,0.0,0.0,0.0,0.0,0.0,0.0,0.0,0.0,0.0,0.0,0.0,0.0,0.0,0.0,2.0,100.0,0.0,1.0,0.0
588,Tomislav Gomelt,0.5,0.5,0.0,0.0,0.0,0.0,0.0,0.0,0.0,0.0,0.0,0.0,0.0,1.0,0.0,0.0,0.0,9.0,94.4,0.0,1.0,0.0
589,Giuseppe Mastinu,0.3,0.0,0.3,0.0,0.0,0.0,0.0,0.0,0.0,0.0,0.3,0.3,0.0,0.3,0.7,0.0,0.0,4.0,75.0,0.0,0.3,0.0
590,Patrick Cutrone,0.4,0.1,0.7,0.0,0.0,0.0,0.0,0.0,0.3,0.0,0.0,0.3,0.0,0.6,0.4,0.0,0.0,4.5,78.0,0.0,0.0,0.0
591,Antonio Raimondo,0.0,0.0,0.0,0.0,0.0,0.0,0.0,0.0,0.0,0.0,0.0,0.0,0.0,0.0,0.0,0.0,0.0,1.0,0.0,0.0,0.0,0.0
592,Giacomo Vrioni,0.0,0.0,0.0,0.0,0.0,0.0,0.0,0.0,0.0,1.0,0.0,0.0,0.0,0.0,1.0,0.0,1.0,2.0,100.0,0.0,0.0,0.0
593,Isaac Karamoko,1.0,0.0,0.0,0.0,0.0,0.0,0.0,0.0,0.0,0.0,0.0,0.0,0.0,1.0,0.0,0.0,0.0,1.0,100.0,0.0,0.0,0.0
594,Nikita Contini,0.0,0.0,0.0,0.0,0.0,0.0,0.0,0.0,0.0,0.0,0.0,0.0,0.0,0.0,0.0,0.0,0.0,0.0,0.0,0.0,0.0,0.0
595,Radu Dragusin,0.0,0.0,2.0,0.0,0.0,0.0,0.0,0.0,0.0,0.0,0.0,0.0,0.0,0.0,0.0,0.0,0.0,2.0,50.0,0.0,0.0,0.0
596,Stefano Turati,0.0,0.0,0.0,0.0,0.0,0.0,0.0,0.0,0.0,0.0,0.0,0.0,0.0,0.0,0.0,0.0,0.0,0.0,0.0,0.0,0.0,0.0
597,Justin Kluivert,0.0,0.0,0.5,0.0,0.0,0.0,0.0,0.0,0.5,0.0,0.0,0.0,0.0,0.5,0.5,0.0,0.0,4.5,66.7,0.0,1.5,0.0
598,Simone Rabbi,0.0,0.0,0.8,0.0,0.0,0.0,0.0,1.0,0.0,0.5,0.0,0.3,0.3,0.5,1.0,1.0,0.5,1.8,57.1,0.0,0.0,0.0
599,Tòfol Montiel,0.0,0.0,0.0,0.0,0.0,0.0,0.0,0.0,0.0,0.0,0.0,0.5,0.0,0.5,0.0,0.0,0.0,1.5,66.7,0.0,0.5,0.0
600,Arturo Calabresi,0.0,0.0,0.0,2.0,0.0,0.0,0.0,0.0,0.0,0.0,0.0,0.0,0.0,0.0,0.0,0.0,0.0,3.0,66.7,0.0,1.0,0.0
601,Nicolò Armini,0.0,0.0,1.0,0.0,0.0,0.0,0.0,0.0,0.0,0.0,0.0,0.0,0.0,0.0,0.0,0.0,0.0,4.0,75.0,0.0,1.0,0.0
602,Federico Ravaglia,0.0,0.0,0.3,0.5,0.0,0.0,0.0,0.0,0.0,0.0,0.0,0.0,0.0,0.0,0.0,0.0,0.0,30.0,82.5,0.0,4.0,0.0
603,Edoardo Vergani,0.0,0.0,0.0,0.0,0.0,0.0,0.0,0.0,0.0,0.0,0.0,0.0,0.0,0.0,1.0,0.0,0.0,2.0,100.0,0.0,0.0,0.0
604,Federico Marchetti,0.3,0.0,0.0,1.0,0.0,0.0,0.0,0.0,0.0,0.0,0.0,0.0,0.0,0.0,0.0,0.0,0.0,30.0,80.8,0.0,3.8,0.0
605,Aleksandr Kokorin,0.3,0.0,0.3,0.0,0.0,0.0,0.0,0.0,0.0,0.0,0.0,0.0,0.0,0.3,0.0,0.0,0.0,7.5,83.3,0.0,0.0,0.0
606,Antonio Palumbo,0.0,0.0,0.0,0.0,0.0,0.0,0.0,0.0,1.0,0.0,0.0,0.0,0.0,0.0,0.0,0.0,0.0,1.0,100.0,0.0,0.0,0.0
607,Nicolás Schiappacasse,0.0,0.0,0.0,0.0,0.0,0.0,0.0,0.0,0.0,0.0,0.0,0.0,0.0,0.0,1.0,0.0,0.0,1.0,100.0,0.0,0.0,0.0
608,Martin Palumbo,0.0,0.3,0.3,0.0,0.0,0.0,0.0,0.0,0.0,0.0,0.0,0.0,0.0,0.3,0.0,0.0,0.0,4.0,41.7,0.0,0.0,0.0
609,Petar Micin,0.0,0.0,1.0,0.0,0.0,0.0,0.0,0.0,0.0,0.0,0.0,0.0,0.0,0.0,0.0,0.0,0.0,9.0,88.9,0.0,1.0,0.0
610,Djavan Anderson,0.0,0.3,0.3,0.0,0.0,0.0,0.0,0.0,0.0,0.0,0.0,0.3,0.0,0.3,0.3,0.0,0.0,7.7,78.3,0.0,0.0,0.0
611,Antonio Mazzotta,0.5,0.0,1.0,0.5,0.0,0.0,0.0,0.0,0.0,0.0,0.5,0.0,0.0,0.0,1.0,0.0,0.0,4.0,75.0,0.0,0.0,0.0
612,Raul Moro,0.0,0.0,0.0,0.0,0.0,0.0,0.0,0.0,0.0,0.0,0.0,0.0,0.0,0.0,1.0,0.0,0.0,1.0,0.0,0.0,0.0,0.0
613,Riccardo Calafiori,0.3,0.0,2.0,0.0,0.0,0.0,0.0,0.0,0.0,0.0,0.0,0.7,0.0,0.3,0.7,0.0,0.0,12.3,78.4,0.0,0.0,0.0
614,Augustus Kargbo,0.0,0.0,0.0,0.0,0.0,0.0,0.0,0.0,0.0,0.0,1.0,1.0,0.0,3.0,5.0,0.0,0.0,7.0,85.7,0.0,0.0,0.0
615,Andrea Adorante ,0.0,0.0,0.0,0.0,0.0,0.0,0.0,0.0,0.0,0.0,0.0,0.0,0.0,2.0,0.0,0.0,0.0,1.0,100.0,0.0,0.0,0.0
616,Lorenzo Del Pinto,0.0,0.0,0.0,0.0,0.0,0.0,0.0,0.0,0.0,0.0,0.0,0.0,0.0,1.0,0.0,0.0,0.0,8.0,62.5,0.0,1.0,0.0
617,Simone Colombi ,0.0,0.0,0.0,1.0,0.0,0.0,0.0,0.0,0.0,0.0,0.0,0.0,0.0,0.0,0.0,0.0,0.0,23.0,69.6,0.0,9.0,0.0
618,Chaka Traorè ,0.0,0.0,0.0,0.3,0.0,0.0,0.0,0.0,0.3,0.0,0.0,1.0,0.0,0.3,1.3,0.0,0.0,3.3,60.0,0.0,0.0,0.0
619,Nícolas,0.0,0.0,0.0,0.0,0.0,0.0,0.0,0.0,0.0,0.0,0.0,0.0,0.0,0.0,0.0,0.0,0.0,17.0,82.4,0.0,4.0,0.0
620,Ciprian Tatarusanu,0.0,0.0,0.0,0.0,0.0,0.0,0.0,0.0,0.0,0.0,0.0,0.0,0.0,0.0,0.0,0.0,0.0,18.0,88.9,0.0,2.0,0.0
