result,date,home_team_name,away_team_name,referee,home_ppg,away_ppg,home_team_goal_count,away_team_goal_count,total_goal_count,total_goals_at_half_time,home_team_goal_count_half_time,away_team_goal_count_half_time,home_team_corner_count,away_team_corner_count,home_team_yellow_cards,home_team_red_cards,away_team_yellow_cards,away_team_red_cards,home_team_first_half_cards,home_team_second_half_cards,away_team_first_half_cards,away_team_second_half_cards,home_team_shots,away_team_shots,home_team_shots_on_target,away_team_shots_on_target,home_team_shots_off_target,away_team_shots_off_target,home_team_fouls,away_team_fouls,home_team_possession,away_team_possession,team_a_xg,team_b_xg,average_goals_per_match_pre_match,btts_percentage_pre_match,over_15_percentage_pre_match,over_25_percentage_pre_match,over_35_percentage_pre_match,over_45_percentage_pre_match,over_15_HT_FHG_percentage_pre_match,over_05_HT_FHG_percentage_pre_match,over_15_2HG_percentage_pre_match,over_05_2HG_percentage_pre_match,average_corners_per_match_pre_match,average_cards_per_match_pre_match,odds_ft_home_team_win,odds_ft_draw,odds_ft_away_team_win,odds_ft_over15,odds_ft_over25,odds_ft_over35,odds_ft_over45,odds_btts_yes,odds_btts_no
L,Sep 12 2020 - 11:30am,Fulham,Arsenal,Chris Kavanagh,0.53,1.74,0,3,3,1,0,1,2,3,2,0,2,0,1,1,1,1,6,14,3,6,3,8,6,8,45,55,0.93,1.64,0,0,0,0,0,0,0,0,0,0,0,0,6,4.55,1.53,1.24,1.74,2.9,5.4,1.8,1.87
W,Sep 12 2020 - 2:00pm,Crystal Palace,Southampton,Jonathan Moss,1.21,0.84,1,0,1,1,1,0,7,3,2,0,1,0,1,1,0,1,7,9,4,6,3,3,10,7,29,71,1.04,1.41,0,0,0,0,0,0,0,0,0,0,0,0,3.2,3.3,2.5,1.38,2.15,4,8,1.83,1.83
W,Sep 12 2020 - 4:30pm,Liverpool,Leeds United,Michael Oliver,1.74,1.58,4,3,7,5,3,2,9,0,1,0,0,0,0,1,0,0,23,7,7,4,16,3,9,6,48,52,2.46,0.96,0,0,0,0,0,0,0,0,0,0,0,0,1.33,6.1,8.75,1.16,1.53,2.35,4.05,1.8,1.87
L,Sep 12 2020 - 7:00pm,West Ham United,Newcastle United,Stuart Attwell,1.79,1.16,0,2,2,0,0,0,8,7,2,0,2,0,0,2,1,1,9,10,4,3,5,7,13,7,58,42,1.19,1.17,0,0,0,0,0,0,0,0,0,0,0,0,1.91,3.85,4.35,1.27,1.87,3.2,6.1,1.71,1.95
L,Sep 13 2020 - 1:00pm,West Bromwich Albion,Leicester City,Anthony Taylor,0.79,2,0,3,3,0,0,0,2,5,1,0,1,0,0,1,1,0,8,14,2,8,6,6,12,9,35,65,0.89,1.79,0,0,0,0,0,0,0,0,0,0,0,0,3.85,3.65,1.95,1.3,1.95,3.4,6.55,1.77,1.91
L,Sep 13 2020 - 3:30pm,Tottenham Hotspur,Everton,Martin Atkinson,1.74,1.95,0,1,1,0,0,0,5,3,1,0,0,0,0,1,0,0,7,12,6,5,1,7,15,7,51,49,1.31,1.34,0,0,0,0,0,0,0,0,0,0,0,0,2.15,3.35,3.7,1.33,2.05,3.65,7,1.77,1.91
L,Sep 14 2020 - 5:00pm,Sheffield United,Wolverhampton Wanderers,Mike Dean,0.84,1.05,0,2,2,2,0,2,12,5,2,0,1,0,2,0,0,1,8,10,3,5,5,5,13,7,55,45,1.42,1.2,0,0,0,0,0,0,0,0,0,0,0,0,3.3,2.95,2.5,1.65,3,6.4,13.75,2.35,1.51
L,Sep 14 2020 - 7:15pm,Brighton & Hove Albion,Chelsea,Craig Pawson,1.11,1.79,1,3,4,1,0,1,4,3,1,0,0,0,0,1,0,0,10,8,4,6,6,2,8,13,52,48,1.27,1.13,0,0,0,0,0,0,0,0,0,0,0,0,5.9,4.3,1.56,1.24,1.74,2.9,5.4,1.8,1.87
W,Sep 19 2020 - 11:30am,Everton,West Bromwich Albion,Mike Dean,1.16,0.58,5,2,7,3,2,1,11,1,1,0,0,1,1,0,1,0,13,6,8,5,5,1,9,11,71,29,1.92,0.94,0,0,0,0,0,0,0,0,0,0,0,0,1.53,4.5,6.85,1.27,1.87,3.2,6.1,1.95,1.74
W,Sep 19 2020 - 2:00pm,Leeds United,Fulham,Anthony Taylor,1.53,0.95,4,3,7,3,2,1,5,3,1,0,2,0,0,1,0,2,10,12,8,7,2,5,13,17,50,50,1.55,1.61,0,0,0,0,0,0,0,0,0,0,0,0,1.8,3.8,4.8,1.31,1.95,3.45,6.7,1.83,1.83
L,Sep 19 2020 - 4:30pm,Manchester United,Crystal Palace,Martin Atkinson,1.63,1.11,1,3,4,1,0,1,9,3,2,0,1,0,0,2,0,1,9,11,5,6,4,5,13,9,75,25,1.62,1.33,0,0,0,0,0,0,0,0,0,0,0,0,1.33,5.4,9.25,1.22,1.69,2.75,5.05,2,1.71
W,Sep 19 2020 - 7:00pm,Arsenal,West Ham United,Michael Oliver,1.47,1.63,2,1,3,2,1,1,7,5,0,0,1,0,0,0,1,0,8,17,4,6,4,11,11,13,62,38,1.19,1.81,0,0,0,0,0,0,0,0,0,0,0,0,1.61,4.2,5.6,1.2,1.62,2.6,4.65,1.62,2.1
L,Sep 20 2020 - 11:00am,Southampton,Tottenham Hotspur,David Coote,1.42,1.53,2,5,7,2,1,1,3,2,4,0,3,0,3,1,1,2,14,10,7,7,7,3,16,18,52,48,1.72,1.29,0,0,0,0,0,0,0,0,0,0,0,0,3.2,3.4,2.3,1.31,1.95,3.45,6.7,1.71,1.95
L,Sep 20 2020 - 1:00pm,Newcastle United,Brighton & Hove Albion,Kevin Friend,1.21,1.05,0,3,3,2,0,2,7,1,3,0,0,1,3,0,0,1,7,13,0,6,7,7,11,15,47,53,0.68,1.5,0,0,0,0,0,0,0,0,0,0,0,0,2.65,3.2,2.9,1.44,2.35,4.55,9.25,1.95,1.74
L,Sep 20 2020 - 3:30pm,Chelsea,Liverpool,Paul Tierney,1.74,1.89,0,2,2,0,0,0,1,11,0,1,0,0,1,0,0,0,4,17,2,6,2,11,10,5,38,62,0.56,2.22,0,0,0,0,0,0,0,0,0,0,0,0,3.3,3.8,2.1,1.19,1.62,2.55,4.6,1.53,2.35
W,Sep 20 2020 - 6:00pm,Leicester City,Burnley,Lee Mason,1.47,1.11,4,2,6,2,1,1,15,4,1,0,2,0,1,0,1,1,14,17,6,6,8,11,11,14,67,33,1.85,1.83,0,0,0,0,0,0,0,0,0,0,0,0,1.59,4.05,6.15,1.31,1.95,3.5,6.8,1.95,1.74
W,Sep 21 2020 - 5:00pm,Aston Villa,Sheffield United,Graham Scott,1.32,0.37,1,0,1,0,0,0,10,4,3,0,1,1,1,2,2,0,18,5,3,2,15,3,12,13,71,29,1.95,0.62,0,0,0,0,0,0,0,0,0,0,0,0,2.65,3.2,2.9,1.41,2.25,4.25,8.5,1.87,1.8
L,Sep 21 2020 - 7:15pm,Wolverhampton Wanderers,Manchester City,Andre Marriner,1.32,2.37,1,3,4,2,0,2,4,6,0,0,3,0,0,0,2,1,11,15,2,10,9,5,6,8,34,66,1,1.93,0,0,0,0,0,0,0,0,0,0,0,0,7.25,4.65,1.44,1.24,1.77,2.95,5.5,1.91,1.77
L,Sep 26 2020 - 11:30am,Brighton & Hove Albion,Manchester United,Chris Kavanagh,1.11,2.26,2,3,5,2,1,1,7,1,4,0,2,0,1,3,2,0,19,8,6,4,13,4,18,14,53,47,2.14,1,2,50,50,50,50,0,0,50,50,50,4,1,5.25,3.95,1.67,1.26,1.8,3.05,5.75,1.77,1.91
L,Sep 26 2020 - 2:00pm,Crystal Palace,Everton,Kevin Friend,1.21,1.95,1,2,3,3,1,2,7,6,3,0,1,0,2,1,0,1,9,11,2,5,7,6,14,18,42,58,1.18,1.34,1,0,0,0,0,0,0,50,0,50,10,2,3.45,3.25,2.25,1.34,2.05,3.7,7.25,1.77,1.91
D,Sep 26 2020 - 4:30pm,West Bromwich Albion,Chelsea,Jonathan Moss,0.79,1.79,3,3,6,3,3,0,3,9,1,0,3,0,0,1,2,1,9,23,4,11,5,12,7,16,24,76,1.11,2.77,3.5,50,100,100,50,0,0,50,100,100,5,1,6.85,4.65,1.47,1.18,1.59,2.5,4.45,1.71,2
L,Sep 26 2020 - 7:00pm,Burnley,Southampton,Andre Marriner,0.95,0.84,0,1,1,1,0,1,8,2,1,0,0,0,0,1,0,0,9,6,3,2,6,4,8,10,53,47,1.12,0.75,0.5,0,0,0,0,0,0,50,0,0,3,1,3.15,3.3,2.35,1.33,2,3.6,7,1.74,1.95
L,Sep 27 2020 - 11:00am,Sheffield United,Leeds United,Paul Tierney,0.84,1.58,0,1,1,0,0,0,5,7,2,0,1,0,0,2,1,0,15,19,5,11,10,8,18,5,36,64,1.61,2.41,4.5,50,100,50,50,50,100,100,50,50,12,2,2.8,3.35,2.6,1.33,2.05,3.65,7,1.77,1.95
D,Sep 27 2020 - 1:00pm,Tottenham Hotspur,Newcastle United,Peter Bankes,1.74,1.16,1,1,2,1,1,0,10,4,1,0,4,0,0,1,1,3,24,7,13,2,11,5,14,9,65,35,2.88,0.79,1.5,0,50,0,0,0,0,0,50,100,12,3,1.43,4.75,7.25,1.22,1.71,2.8,5.15,1.87,1.83
L,Sep 27 2020 - 3:30pm,Manchester City,Leicester City,Michael Oliver,2.16,2,2,5,7,2,1,1,3,3,1,0,3,0,0,1,1,2,17,8,6,8,11,0,10,8,71,29,2.06,1.18,1.5,0,50,50,0,0,0,0,50,50,5,1,1.34,5.7,8.5,1.13,1.44,2.1,3.55,1.69,2
W,Sep 27 2020 - 6:00pm,West Ham United,Wolverhampton Wanderers,Martin Atkinson,1.79,1.05,4,0,4,1,1,0,1,3,0,0,1,0,0,0,0,1,15,11,8,3,7,8,7,12,36,64,1.84,1.29,2,0,100,0,0,0,50,50,50,50,13,3,3.35,3.3,2.25,1.37,2.15,3.95,7.75,1.83,1.83
L,Sep 28 2020 - 4:45pm,Fulham,Aston Villa,Stuart Attwell,0.53,1.58,0,3,3,2,0,2,5,3,6,0,3,0,3,3,1,2,18,13,3,5,15,8,18,14,65,35,1.87,1.43,1.5,0,50,50,0,0,0,50,50,50,2,2,3.05,3.35,2.4,1.33,2.05,3.65,7,1.77,1.91
W,Sep 28 2020 - 7:00pm,Liverpool,Arsenal,Craig Pawson,1.74,1.74,3,1,4,3,2,1,7,3,2,0,2,0,1,1,0,2,23,5,10,4,13,1,11,7,66,34,2.64,0.72,5,50,100,100,50,50,50,100,100,100,12,3,1.54,4.8,5.5,1.13,1.44,2.1,3.55,1.51,2.35
W,Oct 03 2020 - 11:30am,Chelsea,Crystal Palace,Michael Oliver,1.74,1.11,4,0,4,0,0,0,8,5,2,0,0,0,0,2,0,0,18,5,7,0,11,5,8,6,70,30,1.99,0.58,3,50,100,50,50,0,0,50,100,100,4,3,1.38,5.1,7.75,1.18,1.57,2.45,4.3,1.74,1.95
W,Oct 03 2020 - 2:00pm,Everton,Brighton & Hove Albion,Simon Hooper,1.16,1.05,4,2,6,3,2,1,3,10,0,0,1,0,0,0,1,0,12,12,7,4,5,8,12,15,43,57,1.55,1.46,5,50,100,100,50,50,100,100,50,100,12,3,1.83,3.65,4.6,1.25,1.74,2.95,5.6,1.65,2.05
D,Oct 03 2020 - 4:30pm,Leeds United,Manchester City,Mike Dean,1.53,2.37,1,1,2,1,0,1,7,10,2,0,1,0,1,1,1,0,13,24,8,3,5,21,6,11,52,48,1.63,2.2,5.5,100,100,100,100,50,100,100,100,100,11,4,7.75,6.3,1.32,1.1,1.35,1.91,3,1.61,2.15
W,Oct 03 2020 - 7:00pm,Newcastle United,Burnley,David Coote,1.21,1.11,3,1,4,1,1,0,3,4,2,0,3,0,1,1,2,1,12,9,7,5,5,4,1,0,47,53,1.66,1.28,4.5,50,100,100,50,50,100,100,50,100,11,5,2.55,3.2,2.95,1.38,2.15,4,8,1.83,1.83
L,Oct 04 2020 - 11:00am,Leicester City,West Ham United,Andy Madley,1.47,1.63,0,3,3,2,0,2,6,4,2,0,2,0,1,1,0,2,5,15,0,7,5,8,11,8,69,31,0.76,1.65,4.5,100,100,100,50,50,100,100,50,100,20,2,1.67,4.2,4.9,1.2,1.65,2.6,4.7,1.62,2.1
W,Oct 04 2020 - 11:00am,Southampton,West Bromwich Albion,Chris Kavanagh,1.42,0.58,2,0,2,1,1,0,5,1,2,0,1,0,0,2,1,0,17,8,9,4,8,4,18,11,61,39,1.97,1.02,7,100,100,100,100,100,100,100,100,100,4,6,1.77,3.8,4.6,1.26,1.8,3.05,5.75,1.71,2
W,Oct 04 2020 - 1:00pm,Arsenal,Sheffield United,Lee Mason,1.47,0.37,2,1,3,0,0,0,2,4,0,0,1,0,0,0,1,0,7,8,6,3,1,5,3,9,64,36,1.18,1.1,2,50,50,50,0,0,50,50,0,100,11,3,1.53,4.15,6.65,1.28,1.87,3.25,6.2,1.91,1.77
W,Oct 04 2020 - 1:00pm,Wolverhampton Wanderers,Fulham,Darren England,1.32,0.95,1,0,1,0,0,0,6,2,1,0,1,0,0,1,0,1,15,10,6,3,9,7,15,8,47,53,1.72,1.24,5.5,100,100,100,100,50,100,100,100,100,7,2,1.5,4.15,7,1.35,2.1,3.75,7.5,2.15,1.61
L,Oct 04 2020 - 3:30pm,Manchester United,Tottenham Hotspur,Anthony Taylor,1.63,1.53,1,6,7,5,1,4,2,4,2,1,1,0,1,2,1,0,6,23,3,9,3,14,14,9,38,62,0.87,2.34,5.5,100,100,100,100,50,50,100,100,100,11,5,2.05,3.55,3.75,1.24,1.77,2.95,5.5,1.61,2.15
W,Oct 04 2020 - 6:15pm,Aston Villa,Liverpool,Martin Atkinson,1.32,1.89,7,2,9,5,4,1,2,7,2,0,1,0,0,2,1,0,20,15,13,9,7,6,7,10,30,70,2.44,2.13,1.5,0,50,0,0,0,0,0,50,100,21,3,6.95,4.7,1.45,1.16,1.51,2.3,3.95,1.62,2.1
D,Oct 17 2020 - 11:30am,Everton,Liverpool,Michael Oliver,1.16,1.89,2,2,4,2,1,1,2,5,3,1,2,0,1,3,0,2,13,23,6,9,7,14,14,8,41,59,1.48,2.55,6,75,100,75,75,75,75,75,100,100,16,1,3.9,4.15,1.83,1.16,1.51,2.3,3.95,1.49,2.45
D,Oct 17 2020 - 2:00pm,Chelsea,Southampton,Peter Bankes,1.74,0.84,3,3,6,3,2,1,6,2,1,0,1,0,0,1,0,1,14,15,8,7,6,8,11,8,53,47,1.75,1.89,2,0,50,25,25,0,0,50,50,50,7,2.5,1.51,4.6,6.15,1.18,1.57,2.45,4.3,1.65,2.1
W,Oct 17 2020 - 4:30pm,Manchester City,Arsenal,Chris Kavanagh,2.16,1.74,1,0,1,1,1,0,6,6,4,0,1,0,1,3,0,1,14,12,6,4,8,8,13,11,58,42,1.73,1.25,5.25,75,100,100,75,50,75,100,75,100,6,3,1.47,4.75,6.55,1.19,1.61,2.55,4.5,1.71,2
L,Oct 17 2020 - 7:00pm,Newcastle United,Manchester United,Craig Pawson,1.21,2.26,1,4,5,2,1,1,0,7,1,0,1,0,0,1,1,0,4,22,4,14,0,8,6,13,36,64,0.56,2.67,4.25,75,100,100,75,50,75,100,75,100,6,4.5,4.75,4.4,1.67,1.2,1.62,2.6,4.65,1.65,2.1
D,Oct 18 2020 - 11:00am,Sheffield United,Fulham,Andre Marriner,0.84,0.95,1,1,2,0,0,0,2,5,0,0,2,0,0,0,1,1,8,13,4,4,4,9,3,8,41,59,1.19,1.47,2.75,25,50,25,25,25,50,50,25,75,11,3.5,2.15,3.25,3.8,1.42,2.3,4.35,8.75,1.91,1.77
D,Oct 18 2020 - 1:00pm,Crystal Palace,Brighton & Hove Albion,Stuart Attwell,1.21,1.05,1,1,2,1,1,0,2,5,3,0,2,1,0,3,2,1,2,21,2,4,0,17,13,12,34,66,0.45,2.14,3.25,50,75,75,25,25,75,100,25,50,12.5,4,2.8,3.3,2.6,1.36,2.1,3.9,7.75,1.8,1.87
D,Oct 18 2020 - 3:30pm,Tottenham Hotspur,West Ham United,Paul Tierney,1.74,1.63,3,3,6,3,3,0,3,7,0,0,5,0,0,0,1,4,12,13,7,4,5,9,12,12,51,49,1.5,1.54,2.25,50,75,50,0,0,50,75,0,100,12,2.5,1.59,4.2,5.65,1.17,1.57,2.4,4.25,1.57,2.2
L,Oct 18 2020 - 6:15pm,Leicester City,Aston Villa,Jonathan Moss,1.47,1.58,0,1,1,0,0,0,2,7,4,0,3,0,2,2,2,1,11,11,5,5,6,6,19,19,50,50,1.4,1.42,3.75,25,100,100,25,25,100,100,25,100,13.5,4.5,2.15,3.6,3.4,1.2,1.65,2.6,4.7,1.53,2.35
D,Oct 19 2020 - 4:30pm,West Bromwich Albion,Burnley,Anthony Taylor,0.79,1.11,0,0,0,0,0,0,8,2,2,0,2,0,0,2,1,1,14,10,5,6,9,4,16,16,56,44,1.57,1.38,4.75,75,100,100,75,50,50,75,100,100,6.5,3.5,2.4,3.25,3.15,1.34,2.05,3.75,7.25,1.77,1.91
L,Oct 19 2020 - 7:00pm,Leeds United,Wolverhampton Wanderers,David Coote,1.53,1.05,0,1,1,0,0,0,8,3,2,0,1,0,1,1,0,1,14,7,3,3,11,4,13,12,67,33,1.68,0.87,3.75,50,100,50,50,25,50,100,50,75,10,2.5,2.45,3.3,3,1.39,1.83,3.35,6.45,1.69,2.05
L,Oct 23 2020 - 7:00pm,Aston Villa,Leeds United,Paul Tierney,1.32,1.58,0,3,3,0,0,0,6,5,2,0,2,0,0,2,1,1,12,26,3,7,9,19,10,17,40,60,1.28,2.63,4.5,50,50,50,50,50,50,50,50,100,9.5,3,2.1,3.7,3.3,1.18,1.57,2.45,4.3,1.49,2.4
D,Oct 24 2020 - 11:30am,West Ham United,Manchester City,Anthony Taylor,1.79,2.37,1,1,2,1,1,0,2,10,2,0,0,0,0,2,0,0,7,14,3,7,4,7,14,6,30,70,0.87,1.89,3,50,100,50,50,0,25,75,75,100,12.5,3,7,5.2,1.41,1.11,1.4,2,3.25,1.53,2.3
L,Oct 24 2020 - 2:00pm,Fulham,Crystal Palace,Graham Scott,0.53,1.11,1,2,3,1,0,1,4,4,0,1,1,0,0,1,0,1,18,13,4,9,14,4,11,11,64,36,2,1.72,3.5,25,100,100,50,0,25,75,75,100,7.5,4.5,2.6,3.15,2.95,1.42,2.3,4.35,8.75,1.91,1.77
D,Oct 24 2020 - 4:30pm,Manchester United,Chelsea,Martin Atkinson,1.63,1.79,0,0,0,0,0,0,9,6,3,0,1,0,1,2,1,0,15,8,5,3,10,5,8,6,50,50,1.71,1.03,5.25,100,100,100,100,50,50,100,100,100,11.5,4.5,2.55,3.5,2.75,1.21,1.67,2.7,4.9,1.53,2.3
W,Oct 24 2020 - 7:00pm,Liverpool,Sheffield United,Mike Dean,1.74,0.37,2,1,3,2,1,1,7,3,0,0,3,0,0,0,1,2,18,14,6,4,12,10,7,15,62,38,2.08,1.67,3.75,75,75,75,50,25,50,50,50,100,12,3.5,1.26,6.3,11,1.13,1.47,2.15,3.5,1.77,1.91
W,Oct 25 2020 - 2:00pm,Southampton,Everton,Kevin Friend,1.42,1.95,2,0,2,2,2,0,4,5,1,0,2,1,0,1,0,3,13,7,7,3,6,4,11,10,54,46,1.69,0.91,3.25,50,75,50,25,25,50,75,25,75,8.5,3.5,3.05,3.55,2.3,1.23,1.74,2.85,5.3,1.57,2.2
D,Oct 25 2020 - 4:30pm,Wolverhampton Wanderers,Newcastle United,Lee Mason,1.32,1.16,1,1,2,0,0,0,2,3,0,0,1,0,0,0,1,0,18,6,5,3,13,3,10,10,63,37,1.98,0.78,2.25,50,75,25,25,0,25,50,50,100,10.5,3.5,1.77,3.5,5.2,1.42,2.25,4.3,8.75,2.05,1.67
L,Oct 25 2020 - 7:15pm,Arsenal,Leicester City,Craig Pawson,1.47,2,0,1,1,0,0,0,9,3,3,0,5,0,1,2,2,3,12,8,3,4,9,4,13,9,56,44,1.32,1.01,4,75,100,100,25,25,50,50,75,100,8.5,2,1.95,3.65,3.85,1.24,1.77,2.95,5.5,1.62,2.1
D,Oct 26 2020 - 5:30pm,Brighton & Hove Albion,West Bromwich Albion,Jonathan Moss,1.11,0.58,1,1,2,1,1,0,6,2,2,0,0,0,1,1,0,0,7,11,5,5,2,6,8,7,49,51,1.15,1.45,4.5,75,100,75,75,50,50,100,75,100,6.5,4,1.69,4.05,4.9,1.27,1.87,3.2,6.1,1.77,1.91
L,Oct 26 2020 - 8:00pm,Burnley,Tottenham Hotspur,Michael Oliver,0.95,1.53,0,1,1,0,0,0,4,5,2,0,0,0,1,1,0,0,14,10,5,4,9,6,9,7,38,62,1.5,1.22,4,50,50,50,50,50,50,100,50,50,11,3,5.5,4.2,1.66,1.25,1.77,3.3,5.05,1.8,1.87
W,Oct 30 2020 - 8:00pm,Wolverhampton Wanderers,Crystal Palace,Martin Atkinson,1.32,1.11,2,0,2,2,2,0,7,6,0,0,2,1,0,0,1,2,16,10,7,3,9,7,13,5,45,55,1.97,1.16,3,67,84,67,50,0,17,50,84,100,8,1,1.86,3.05,4.05,1.45,2.35,5.5,13,2.25,1.57
L,Oct 31 2020 - 12:30pm,Sheffield United,Manchester City,Michael Oliver,0.84,2.37,0,1,1,1,0,1,2,5,0,0,0,0,0,0,0,0,5,16,2,8,3,8,14,6,35,65,0.78,2.06,2.17,67,84,17,17,0,33,67,33,84,15,2.66,9.25,6,1.31,1.16,1.51,2.25,3.85,1.83,1.87
L,Oct 31 2020 - 3:00pm,Burnley,Chelsea,David Coote,0.95,1.79,0,3,3,1,0,1,3,4,1,0,0,0,0,1,0,0,6,15,0,10,6,5,10,15,36,64,0.61,2.03,2.17,34,34,34,34,17,17,59,34,59,12,2.83,5.5,4.35,1.61,1.25,1.77,2.9,5.5,1.8,1.91
W,Oct 31 2020 - 5:30pm,Liverpool,West Ham United,Kevin Friend,1.74,1.63,2,1,3,2,1,1,1,2,0,0,1,0,0,0,0,1,10,5,6,4,4,1,13,14,72,28,1.54,0.82,4.34,84,100,100,50,33,100,100,33,100,13,3.67,1.39,5.5,7.5,1.12,1.4,2,3.25,1.57,2.25
L,Nov 01 2020 - 12:00pm,Aston Villa,Southampton,Darren England,1.32,0.84,3,4,7,3,0,3,11,1,1,0,2,0,1,0,1,1,19,10,10,5,9,5,12,17,56,44,2.44,1.09,3.5,33,50,50,33,33,33,67,50,67,8.33,3,2.45,3.6,2.85,1.22,1.69,2.7,4.9,1.54,2.3
W,Nov 01 2020 - 2:00pm,Newcastle United,Everton,Stuart Attwell,1.21,1.95,2,1,3,0,0,0,5,4,2,0,4,0,0,2,1,3,12,17,5,6,7,11,10,10,37,63,1.34,1.93,3,50,84,67,34,17,67,84,34,67,8,3.67,3.35,3.35,2.3,1.34,2.05,3.6,7.5,1.77,1.95
L,Nov 01 2020 - 4:30pm,Manchester United,Arsenal,Mike Dean,1.63,1.74,0,1,1,0,0,0,6,3,3,0,3,0,1,2,2,1,9,8,3,3,6,5,12,14,53,47,1.14,1.1,3.17,50,67,67,50,17,33,84,50,67,10.67,4.67,2,3.75,3.8,1.26,1.8,2.95,5.75,1.65,2.1
W,Nov 01 2020 - 7:15pm,Tottenham Hotspur,Brighton & Hove Albion,Graham Scott,1.74,1.05,2,1,3,1,1,0,4,5,2,0,1,0,2,0,1,0,11,8,5,3,6,5,13,13,43,57,1.35,1.03,3.34,67,84,50,33,33,50,84,33,100,11.33,3,1.65,4.05,5.5,1.24,1.71,2.8,5.25,1.71,2.05
W,Nov 02 2020 - 5:30pm,Fulham,West Bromwich Albion,Simon Hooper,0.53,0.58,2,0,2,2,2,0,5,2,3,0,2,0,0,3,0,2,16,13,6,3,10,10,13,11,45,55,1.82,1.36,3.34,50,100,67,17,17,33,100,50,100,5,4.33,2.5,3.25,3.05,1.36,2.1,3.75,7.75,1.8,1.91
L,Nov 02 2020 - 8:00pm,Leeds United,Leicester City,Andre Marriner,1.53,2,1,4,5,2,0,2,10,3,1,0,1,0,0,1,0,1,9,11,5,9,4,2,9,5,67,33,1.41,1.62,3.5,50,67,50,33,33,33,50,50,100,10.34,4.67,2.63,3.29,2.41,1.23,2.15,2.99,4.75,1.53,2.35
D,Nov 06 2020 - 5:30pm,Brighton & Hove Albion,Burnley,Mike Dean,1.11,1.11,0,0,0,0,0,0,5,3,1,0,0,0,0,1,0,0,21,5,5,2,16,3,11,6,58,42,2.27,0.65,3.5,84,84,67,67,33,33,84,67,84,9,4.66,1.91,3.45,4.5,1.37,2.15,3.9,8.25,1.91,1.8
W,Nov 06 2020 - 8:00pm,Southampton,Newcastle United,Peter Bankes,1.42,1.16,2,0,2,1,1,0,7,3,1,0,2,0,1,0,1,1,15,5,8,3,7,2,13,11,60,40,1.75,0.82,2.84,50,100,17,17,17,34,67,50,84,8.67,4.66,1.73,3.95,4.65,1.26,1.75,3.05,6,1.67,2.1
L,Nov 07 2020 - 12:30pm,Everton,Manchester United,Paul Tierney,1.16,2.26,1,3,4,3,1,2,5,2,4,0,2,0,2,2,0,2,8,15,2,7,6,8,12,19,54,46,1.08,1.73,5.34,100,100,100,100,84,100,100,100,100,9.33,3.5,3,3.6,2.35,1.24,1.71,2.75,5.25,1.57,2.25
W,Nov 07 2020 - 3:00pm,Crystal Palace,Leeds United,Chris Kavanagh,1.21,1.58,4,1,5,4,3,1,3,6,0,0,2,0,0,0,0,2,12,10,8,4,4,6,10,16,35,65,1.64,1.4,2.84,50,67,50,17,17,33,67,34,67,9.33,3.67,2.85,3.45,2.55,1.27,1.83,3.05,6,1.65,2.15
W,Nov 07 2020 - 5:30pm,Chelsea,Sheffield United,Jonathan Moss,1.74,0.37,4,1,5,3,2,1,6,7,0,0,2,0,0,0,1,1,21,7,10,4,11,3,6,12,70,30,2.29,0.88,3.17,50,84,67,34,17,33,33,67,100,8.67,4,1.38,4.95,8.5,1.25,1.77,2.9,5.5,2,1.71
W,Nov 07 2020 - 8:00pm,West Ham United,Fulham,Robert Jones,1.79,0.95,1,0,1,0,0,0,9,5,2,0,2,0,0,2,0,2,6,10,3,3,3,7,10,9,53,47,0.97,1.14,3,50,84,33,33,17,17,50,67,100,7,3,1.87,3.75,4.35,1.28,1.83,3.1,6,1.71,2
L,Nov 08 2020 - 12:00pm,West Bromwich Albion,Tottenham Hotspur,Andy Madley,0.79,1.53,0,1,1,0,0,0,9,6,1,0,0,0,1,0,0,0,11,16,0,8,11,8,17,13,41,59,1.2,2.08,4,50,67,67,50,50,50,50,67,84,8,2.66,6.75,4.7,1.47,1.21,1.67,2.65,4.75,1.8,1.95
W,Nov 08 2020 - 2:00pm,Leicester City,Wolverhampton Wanderers,Anthony Taylor,1.47,1.05,1,0,1,1,1,0,6,3,2,0,3,0,0,2,1,2,10,8,3,3,7,5,13,5,49,51,1.2,1.02,2.83,17,67,50,33,17,50,67,33,84,11.34,3.33,2.4,3.1,3.35,1.44,2.35,4.45,9.75,1.95,1.77
D,Nov 08 2020 - 4:30pm,Manchester City,Liverpool,Craig Pawson,2.16,1.89,1,1,2,2,1,1,1,2,3,0,1,0,0,3,0,1,8,11,3,4,5,7,19,10,54,46,1.05,1.28,4.5,59,75,59,59,42,59,84,75,75,12.17,3.5,1.87,4.4,4.2,1.15,1.48,2.2,3.65,1.44,2.55
L,Nov 08 2020 - 7:15pm,Arsenal,Aston Villa,Martin Atkinson,1.47,1.58,0,3,3,1,0,1,3,8,0,0,0,0,0,0,0,0,15,15,3,5,12,10,11,13,58,42,1.5,1.6,2.17,34,59,59,0,0,42,42,17,100,11,4,1.65,4.2,5.25,1.21,1.65,2.6,4.7,1.65,2.15
L,Nov 21 2020 - 12:30pm,Newcastle United,Chelsea,Craig Pawson,1.21,1.79,0,2,2,1,0,1,7,4,2,0,0,0,2,0,0,0,9,15,2,4,7,11,11,12,28,72,0.98,1.55,3.5,63,88,88,50,25,38,75,75,88,9.25,3,6.5,4.6,1.5,1.22,1.67,2.65,4.85,1.77,1.95
L,Nov 21 2020 - 3:00pm,Aston Villa,Brighton & Hove Albion,Michael Oliver,1.32,1.05,1,2,3,1,0,1,12,3,2,0,2,1,1,1,0,3,16,21,6,4,10,17,5,18,55,45,2.01,1.84,4.25,63,88,75,38,38,50,75,63,100,12.5,4,2.3,3.5,3.15,1.22,1.67,2.65,4.85,1.53,2.35
W,Nov 21 2020 - 5:30pm,Tottenham Hotspur,Manchester City,Mike Dean,1.74,2.37,2,0,2,1,1,0,0,10,2,0,2,0,1,1,0,2,5,22,3,5,2,17,12,19,33,67,0.65,2.36,2.63,75,75,38,25,13,25,88,38,88,13.25,2,4,4.05,1.87,1.19,1.57,2.45,4.25,1.53,2.35
W,Nov 21 2020 - 8:00pm,Manchester United,West Bromwich Albion,David Coote,1.63,0.58,1,0,1,0,0,0,8,2,1,0,1,0,0,1,0,1,18,7,8,2,10,5,12,17,63,37,2.1,0.7,3.13,50,75,38,38,25,38,75,38,75,8,4.25,1.38,5.5,7.75,1.2,1.61,2.5,4.45,1.83,1.87
L,Nov 22 2020 - 12:00pm,Fulham,Everton,Andy Madley,0.53,1.95,2,3,5,4,1,3,2,5,2,0,0,0,1,1,0,0,16,10,8,8,8,2,14,10,54,46,2.15,1.46,2.5,38,88,63,0,0,50,75,38,63,8.5,5.5,4.05,3.9,1.87,1.25,1.74,2.85,5.5,1.67,2.1
L,Nov 22 2020 - 2:00pm,Sheffield United,West Ham United,Martin Atkinson,0.84,1.63,0,1,1,0,0,0,2,6,0,0,0,0,0,0,0,0,10,14,6,3,4,11,10,6,50,50,1.47,1.58,2.63,50,75,50,13,13,63,75,25,75,9.75,3.25,3.4,3.25,2.3,1.38,2.15,3.95,8.5,1.87,1.83
D,Nov 22 2020 - 4:30pm,Leeds United,Arsenal,Anthony Taylor,1.53,1.74,0,0,0,0,0,0,5,3,3,0,0,1,1,2,0,1,26,10,5,3,21,7,9,7,66,34,2.48,1.02,3,50,63,50,38,25,38,75,38,88,11.25,3.5,3.05,3.7,2.25,1.24,1.71,2.8,5.25,1.59,2.2
W,Nov 22 2020 - 7:15pm,Liverpool,Leicester City,Chris Kavanagh,1.74,2,3,0,3,2,2,0,10,3,0,0,2,0,0,0,1,1,23,11,12,4,11,7,15,6,56,44,2.72,1.32,4.13,75,88,88,50,38,75,75,50,100,9.5,3.25,1.87,4.05,3.95,1.18,1.56,2.4,4.15,1.51,2.4
W,Nov 23 2020 - 5:30pm,Burnley,Crystal Palace,Kevin Friend,0.95,1.11,1,0,1,1,1,0,4,7,2,0,0,0,0,2,0,0,12,16,5,6,7,10,13,10,46,54,1.3,1.83,2.46,25,67,54,25,0,13,71,54,71,9.5,2.83,2.95,3.05,2.75,1.47,2.4,4.65,10.5,2,1.74
D,Nov 23 2020 - 8:00pm,Wolverhampton Wanderers,Southampton,Andre Marriner,1.32,0.84,1,1,2,0,0,0,7,4,2,0,0,0,2,0,0,0,22,8,11,3,11,5,15,13,45,55,2.58,0.93,3,50,63,38,38,25,50,75,50,63,6.75,1.25,2.4,3.1,3.3,1.38,2.15,4.65,10.5,1.95,1.8
L,Nov 27 2020 - 8:00pm,Crystal Palace,Newcastle United,Graham Scott,1.21,1.16,0,2,2,0,0,0,7,3,2,0,2,0,0,2,1,1,15,15,5,8,10,7,9,10,57,43,1.68,1.74,2.38,63,88,25,13,13,25,75,25,75,9,4.25,2.38,3.1,3.25,1.32,1.62,4.6,10.25,2.05,1.71
D,Nov 28 2020 - 12:30pm,Brighton & Hove Albion,Liverpool,Stuart Attwell,1.11,1.89,1,1,2,0,0,0,4,3,2,0,1,0,1,1,0,1,12,7,4,3,8,4,12,11,40,60,1.37,0.96,3.5,75,88,50,50,25,50,75,63,75,11.75,3,5.25,4.25,1.62,1.2,1.54,2.5,4.45,1.62,2.15
W,Nov 28 2020 - 3:00pm,Manchester City,Burnley,Lee Mason,2.16,1.11,5,0,5,3,3,0,6,4,0,0,0,0,0,0,0,0,20,7,8,2,12,5,12,6,68,32,2.18,0.77,2.92,59,59,42,42,29,46,75,42,42,6.58,4.42,1.13,10.25,16,1.13,1.42,2.05,3.3,2.3,1.56
L,Nov 28 2020 - 5:30pm,Everton,Leeds United,Chris Kavanagh,1.16,1.58,0,1,1,0,0,0,4,2,1,0,2,0,0,1,1,1,17,23,10,8,7,15,8,14,41,59,2.2,2.57,4.63,75,88,88,75,50,75,75,63,100,9.75,3.75,2.1,3.8,3.35,1.17,1.54,2.35,4,1.45,2.5
W,Nov 28 2020 - 8:00pm,West Bromwich Albion,Sheffield United,Mike Dean,0.79,0.37,1,0,1,1,1,0,14,9,2,0,3,0,1,1,2,1,17,21,6,7,11,14,10,9,48,52,1.79,2.18,2.75,50,63,63,25,25,38,38,50,88,10,3.5,2.65,3.15,2.9,1.45,2.35,4.5,10.25,1.95,1.77
L,Nov 29 2020 - 2:00pm,Southampton,Manchester United,Jonathan Moss,1.42,2.26,2,3,5,2,2,0,5,9,1,0,0,0,1,0,0,0,11,17,6,8,5,9,12,12,49,51,1.39,1.96,3.96,63,100,63,63,46,75,100,46,88,8.08,3.67,3.8,3.75,2,1.25,1.77,2.9,5.5,1.65,2.1
D,Nov 29 2020 - 4:30pm,Chelsea,Tottenham Hotspur,Paul Tierney,1.74,1.53,0,0,0,0,0,0,3,3,4,0,2,0,1,3,0,2,14,6,4,2,10,4,19,8,60,40,1.57,0.74,4.13,50,75,63,63,50,50,50,75,100,9.5,2.25,2.1,3.55,3.6,1.26,1.8,3,5.75,1.65,2.1
L,Nov 29 2020 - 7:15pm,Arsenal,Wolverhampton Wanderers,Michael Oliver,1.47,1.05,1,2,3,3,1,2,8,4,3,0,4,0,0,3,0,4,14,12,3,6,11,6,13,13,56,44,1.57,1.44,2.25,25,63,50,13,0,25,63,38,75,8.75,2.25,2.15,3.25,3.8,1.47,2.4,4.6,10.25,2.05,1.69
L,Nov 30 2020 - 5:30pm,Leicester City,Fulham,Simon Hooper,1.47,0.95,1,2,3,2,0,2,6,5,0,0,2,0,0,0,1,1,17,13,5,7,12,6,9,19,68,32,1.85,1.52,2.75,38,50,38,25,25,38,50,38,88,11,4,1.49,4.5,7,1.25,1.74,2.85,5.5,1.83,1.87
W,Nov 30 2020 - 8:00pm,West Ham United,Aston Villa,Peter Bankes,1.79,1.58,2,1,3,2,1,1,3,7,1,0,1,0,0,1,0,1,7,16,3,6,4,10,20,7,34,66,0.8,1.94,2.29,13,71,46,13,0,17,59,42,100,11,3.5,2.35,3.55,3,1.25,1.74,2.7,5,1.56,2.3
D,Dec 05 2020 - 12:30pm,Burnley,Everton,Anthony Taylor,0.95,1.95,1,1,2,2,1,1,8,4,0,0,0,0,0,0,0,0,9,18,4,8,5,10,6,10,41,59,1.22,2.06,2.15,30,53,43,10,10,30,68,23,55,9.35,3.3,4.1,3.6,1.95,1.33,2,3.45,7,1.83,1.91
W,Dec 05 2020 - 3:00pm,Manchester City,Fulham,Jonathan Moss,2.16,0.95,2,0,2,2,2,0,9,3,0,0,0,0,0,0,0,0,18,7,7,2,11,5,7,6,68,32,2.08,0.74,3.28,55,68,45,35,35,58,70,45,75,8,3.8,1.14,9.5,18,1.11,1.34,1.87,2.9,2.1,1.67
L,Dec 05 2020 - 5:30pm,West Ham United,Manchester United,Andre Marriner,1.79,2.26,1,3,4,1,1,0,5,4,0,0,0,0,0,0,0,0,20,16,7,7,13,9,9,10,39,61,2.11,1.71,3.58,70,90,70,60,38,60,80,58,100,9.35,2.65,3.7,3.75,2,1.26,1.8,3,5.75,1.67,2.1
W,Dec 05 2020 - 8:00pm,Chelsea,Leeds United,Kevin Friend,1.74,1.58,3,1,4,2,1,1,8,4,0,0,2,0,0,0,0,2,24,10,11,5,13,5,12,8,45,55,2.71,1.31,3.4,40,70,60,50,40,40,40,60,90,8.8,3.2,1.49,4.9,6.25,1.13,1.43,2.05,3.35,1.5,2.4
L,Dec 06 2020 - 12:00pm,West Bromwich Albion,Crystal Palace,Paul Tierney,0.79,1.11,1,5,6,2,1,1,4,6,2,1,2,0,2,1,0,2,11,18,6,7,5,11,10,16,50,50,1.43,2.03,2.5,30,60,50,30,10,20,60,50,60,12.2,2.6,3,3.25,2.5,1.39,2.2,4.05,8.75,1.87,1.83
L,Dec 06 2020 - 2:15pm,Sheffield United,Leicester City,Stuart Attwell,0.84,2,1,2,3,2,1,1,6,5,1,0,3,0,1,0,0,3,5,14,2,5,3,9,13,6,29,71,0.82,1.7,2.6,30,60,40,20,20,40,50,40,80,8,3.2,3.8,3.45,2.05,1.34,2.05,3.65,7.5,1.83,1.87
W,Dec 06 2020 - 4:30pm,Tottenham Hotspur,Arsenal,Martin Atkinson,1.74,1.74,2,0,2,2,2,0,3,9,1,0,2,0,1,0,0,2,7,12,4,3,3,9,16,12,30,70,0.79,1.66,2.3,40,60,40,20,10,20,70,30,80,8,3.2,2.15,3.5,3.4,1.29,1.87,3.2,6.25,1.67,2.1
W,Dec 06 2020 - 7:15pm,Liverpool,Wolverhampton Wanderers,Craig Pawson,1.74,1.05,4,0,4,1,1,0,4,6,1,0,1,0,1,0,0,1,13,10,7,4,6,6,8,13,60,40,1.69,1.23,3.1,50,80,70,30,10,70,90,20,70,10.4,2.6,1.54,4.3,6.25,1.24,1.69,2.7,5,1.67,2.05
L,Dec 07 2020 - 8:00pm,Brighton & Hove Albion,Southampton,David Coote,1.11,0.84,1,2,3,2,1,1,4,3,3,0,3,0,0,3,1,2,13,11,5,4,8,7,12,12,47,53,1.51,1.41,3,70,70,40,40,30,30,70,60,70,7.6,2.8,2.45,3.35,3,1.31,1.95,3.35,6.75,1.71,2.05
L,Dec 11 2020 - 8:00pm,Leeds United,West Ham United,Michael Oliver,1.53,1.63,1,2,3,2,1,1,5,6,1,0,2,0,1,0,1,1,14,20,8,9,6,11,12,10,64,36,1.83,2.16,3.1,60,70,60,30,30,60,70,30,90,11.8,3.6,2.25,3.65,3.15,1.16,1.51,2.3,3.9,1.43,2.6
L,Dec 12 2020 - 12:30pm,Wolverhampton Wanderers,Aston Villa,Mike Dean,1.32,1.58,0,1,1,0,0,0,5,8,3,1,6,1,1,3,3,4,18,14,9,3,9,11,23,15,50,50,2.1,1.63,2.35,43,78,48,10,0,45,58,43,90,11.45,2.35,2.45,3.3,3.1,1.32,1.95,3.45,7,1.71,2
W,Dec 12 2020 - 3:00pm,Newcastle United,West Bromwich Albion,Darren England,1.21,0.58,2,1,3,1,1,0,4,3,2,0,3,0,1,1,1,2,13,14,7,3,6,11,9,12,45,55,1.62,1.47,3.1,50,90,50,30,20,40,80,40,90,6,3.2,2.4,3.3,3.25,1.35,2.1,3.75,7.75,1.8,1.91
D,Dec 12 2020 - 5:30pm,Manchester United,Manchester City,Chris Kavanagh,1.63,2.37,0,0,0,0,0,0,4,3,1,0,1,0,0,1,0,1,11,10,2,3,9,7,13,6,46,54,1,1.22,2.4,50,60,30,30,10,20,70,30,80,15,3.8,4.65,4.35,1.69,1.2,1.62,2.55,4.55,1.62,2.15
W,Dec 12 2020 - 8:00pm,Everton,Chelsea,Jonathan Moss,1.16,1.79,1,0,1,1,1,0,6,6,2,0,3,0,1,1,1,2,10,10,5,3,5,7,11,10,28,72,1.28,1.38,3.7,60,80,70,60,30,50,80,60,90,10.2,3,4.85,4.35,1.67,1.2,1.61,2.5,4.45,1.62,2.15
W,Dec 13 2020 - 12:00pm,Southampton,Sheffield United,Andy Madley,1.42,0.37,3,0,3,1,1,0,8,4,0,0,1,0,0,0,1,0,17,4,7,0,10,4,8,14,68,32,1.91,0.57,3.1,50,80,50,30,30,50,80,40,80,10.2,4.2,1.71,3.95,5,1.3,1.91,3.3,6.5,1.87,1.87
D,Dec 13 2020 - 2:15pm,Crystal Palace,Tottenham Hotspur,Kevin Friend,1.21,1.53,1,1,2,1,0,1,4,7,1,0,1,0,1,0,1,0,17,15,6,7,11,8,15,11,42,58,1.84,1.84,2.9,50,60,40,30,30,40,60,30,70,9.2,3.2,4.45,3.75,1.83,1.28,1.87,3.2,6.25,1.77,1.95
D,Dec 13 2020 - 4:30pm,Fulham,Liverpool,Andre Marriner,0.53,1.89,1,1,2,1,1,0,6,8,3,0,1,0,1,2,1,0,11,12,6,6,5,6,9,6,24,76,1.52,1.66,3.5,60,100,60,30,20,60,80,60,80,9.2,4,8,5.75,1.35,1.15,1.48,2.2,3.65,1.69,2.05
L,Dec 13 2020 - 7:15pm,Arsenal,Burnley,Graham Scott,1.47,1.11,0,1,1,0,0,0,13,4,2,1,1,0,0,3,1,0,20,13,8,3,12,10,5,12,64,36,2.3,1.26,2.8,50,70,70,30,20,40,60,50,70,9.2,2.6,1.47,4.45,7.25,1.28,1.87,3.2,6.25,2,1.71
W,Dec 13 2020 - 7:15pm,Leicester City,Brighton & Hove Albion,Martin Atkinson,1.47,1.05,3,0,3,3,3,0,9,5,2,0,1,0,1,1,0,1,17,14,7,5,10,9,9,12,54,46,1.97,1.55,3.1,60,80,70,20,20,50,90,40,90,11.8,4,2,3.5,3.9,1.3,1.95,3.35,6.75,1.74,2
W,Dec 15 2020 - 6:00pm,Wolverhampton Wanderers,Chelsea,Stuart Attwell,1.32,1.79,2,1,3,0,0,0,5,6,2,0,2,0,0,2,0,2,16,17,6,5,10,12,12,12,45,55,1.76,1.96,2.34,42,67,34,25,9,25,58,50,75,10.5,2.34,5.75,3.85,1.67,1.36,2.1,3.75,7.75,2,1.71
D,Dec 15 2020 - 8:00pm,Manchester City,West Bromwich Albion,Peter Bankes,2.16,0.58,1,1,2,2,1,1,13,2,2,0,3,0,1,1,1,2,27,6,8,2,19,4,5,9,77,23,2.85,0.62,3.12,45,82,37,29,29,57,92,37,62,6.83,3.1,1.11,10.75,22,1.1,1.34,1.87,2.9,2.2,1.59
D,Dec 16 2020 - 6:00pm,Arsenal,Southampton,Paul Tierney,1.47,0.84,1,1,2,1,0,1,2,7,2,1,3,0,1,2,2,1,10,16,5,6,5,10,13,12,35,65,1.18,1.85,2.83,59,67,59,17,17,42,67,42,75,9.5,2.84,2.15,3.5,3.45,1.25,1.77,2.9,5.5,1.61,2.2
W,Dec 16 2020 - 6:00pm,Leeds United,Newcastle United,Simon Hooper,1.53,1.16,5,2,7,2,1,1,7,4,3,0,1,0,1,2,0,1,29,10,11,5,18,5,10,13,68,32,3.21,1.27,2.5,54,84,25,17,17,25,54,47,92,10.67,3.87,1.74,4.1,4.5,1.2,1.62,2.55,4.55,1.61,2.2
L,Dec 16 2020 - 6:00pm,Leicester City,Everton,Lee Mason,1.47,1.95,0,2,2,1,0,1,4,6,2,0,3,0,1,1,0,3,14,12,3,6,11,6,10,10,61,39,1.43,1.45,2.75,50,75,59,17,17,67,75,17,59,11.83,3.33,2.15,3.45,3.55,1.24,1.69,2.7,5,1.56,2.3
D,Dec 16 2020 - 8:00pm,Fulham,Brighton & Hove Albion,Robert Jones,0.53,1.05,0,0,0,0,0,0,1,8,1,0,0,0,0,1,0,0,9,10,5,5,4,5,15,10,46,54,1.28,1.43,3.17,59,100,75,17,17,50,100,42,83,8.83,5,2.85,3.4,2.55,1.34,2.05,3.6,7.5,1.77,1.95
D,Dec 16 2020 - 8:00pm,West Ham United,Crystal Palace,David Coote,1.79,1.11,1,1,2,1,0,1,5,3,0,0,2,1,0,0,1,2,10,8,4,4,6,4,8,12,51,49,1.24,1.12,3,50,83,59,42,9,25,75,59,84,9.84,2.5,2.25,3.35,3.4,1.32,1.95,3.45,7,1.74,2
W,Dec 16 2020 - 8:00pm,Liverpool,Tottenham Hotspur,Anthony Taylor,1.74,1.53,2,1,3,2,1,1,7,4,0,0,2,0,0,0,0,2,19,10,13,4,6,6,8,9,75,25,2.78,1.01,3.5,59,75,67,42,25,58,75,33,92,10.83,1.84,1.83,3.95,4.2,1.21,1.65,2.55,4.6,1.57,2.25
D,Dec 17 2020 - 6:00pm,Aston Villa,Burnley,Craig Pawson,1.32,1.11,0,0,0,0,0,0,10,1,1,0,1,0,0,1,1,0,30,7,9,5,21,2,17,18,59,41,2.93,0.98,3.64,47,65,65,45,37,37,55,65,84,11.7,3.33,1.77,3.9,4.6,1.27,1.83,3.05,6,1.74,1.95
L,Dec 17 2020 - 8:00pm,Sheffield United,Manchester United,Michael Oliver,0.84,2.26,2,3,5,3,1,2,6,3,3,0,2,0,0,3,0,2,13,16,7,9,6,7,17,8,40,60,1.7,1.92,3.14,67,75,59,50,30,57,75,49,84,9.43,1.83,7.25,4.65,1.44,1.22,1.69,2.7,4.9,1.83,1.87
L,Dec 19 2020 - 12:30pm,Crystal Palace,Liverpool,Jonathan Moss,1.21,1.89,0,7,7,3,0,3,5,4,1,0,0,0,1,0,0,0,6,14,4,8,2,6,6,11,35,65,0.96,1.67,3,75,92,33,25,17,42,75,42,75,11,2.83,5.75,4.25,1.61,1.22,1.69,2.7,4.9,1.71,2.05
L,Dec 19 2020 - 3:00pm,Southampton,Manchester City,Mike Dean,1.42,2.37,0,1,1,1,0,1,6,6,2,0,2,0,2,0,1,1,10,12,4,6,6,6,10,11,48,52,1.2,1.52,2.67,42,84,34,25,17,34,92,34,75,12.66,2.67,6,4.6,1.51,1.21,1.65,2.55,4.6,1.74,2
W,Dec 19 2020 - 5:30pm,Everton,Arsenal,Andre Marriner,1.16,1.74,2,1,3,3,2,1,4,3,1,0,3,0,0,1,2,1,10,13,3,2,7,11,9,9,42,58,1.15,1.46,2.83,42,59,50,42,17,50,75,34,67,9.67,4.17,2.7,3.35,2.7,1.3,1.91,3.3,6.5,1.69,2.05
D,Dec 19 2020 - 8:00pm,Newcastle United,Fulham,Graham Scott,1.21,0.95,1,1,2,1,0,1,2,9,1,0,3,1,0,1,0,4,12,12,6,6,6,6,7,16,49,51,1.45,1.52,3,59,84,58,25,17,42,67,50,92,8.16,3.5,2.9,3.3,2.6,1.31,1.95,3.4,6.75,1.71,2
D,Dec 20 2020 - 12:00pm,Brighton & Hove Albion,Sheffield United,Peter Bankes,1.11,0.37,1,1,2,0,0,0,14,2,1,0,5,1,1,0,1,5,23,6,6,4,17,2,10,11,73,27,2.55,0.87,2.67,67,75,59,25,17,33,67,50,83,10.17,4.34,1.71,3.75,5.5,1.36,2.1,3.75,7.75,1.95,1.77
L,Dec 20 2020 - 2:15pm,Tottenham Hotspur,Leicester City,Craig Pawson,1.74,2,0,2,2,1,0,1,5,3,2,0,2,0,0,2,1,1,11,18,5,5,6,13,15,15,56,44,1.44,1.82,3.17,50,83,58,25,25,50,75,42,92,7.84,3.67,2.15,3.5,3.55,1.28,1.83,3.1,6,1.67,2.1
W,Dec 20 2020 - 4:30pm,Manchester United,Leeds United,Anthony Taylor,1.63,1.58,6,2,8,5,4,1,11,13,1,0,0,0,0,1,0,0,28,20,16,6,12,14,6,6,41,59,3.21,2.16,2.84,42,50,50,42,25,34,42,42,84,10.33,3.83,1.65,4.65,4.6,1.1,1.33,1.83,2.85,1.36,2.85
L,Dec 20 2020 - 7:15pm,West Bromwich Albion,Aston Villa,Martin Atkinson,0.79,1.58,0,3,3,1,0,1,1,7,1,1,2,0,1,1,1,1,3,20,2,11,1,9,12,8,32,68,0.49,2.64,2.52,27,55,55,17,17,37,55,35,84,13.27,4.63,4.3,4.05,1.8,1.25,1.74,2.85,5.25,1.69,2.05
W,Dec 21 2020 - 5:30pm,Burnley,Wolverhampton Wanderers,Lee Mason,0.95,1.05,2,1,3,1,1,0,1,7,2,0,1,0,1,1,1,0,13,15,5,4,8,11,11,16,36,64,1.44,1.64,2.05,19,54,35,17,0,27,82,27,45,9.4,3.03,3.35,3.15,2.4,1.49,2.45,4.75,10.75,2,1.74
W,Dec 21 2020 - 8:00pm,Chelsea,West Ham United,Chris Kavanagh,1.74,1.63,3,0,3,1,1,0,5,4,0,0,0,0,0,0,0,0,11,7,7,0,4,7,12,7,53,47,1.51,0.82,3.34,59,83,75,42,25,67,67,50,92,10.33,3.33,1.61,4.4,5.5,1.2,1.62,2.55,4.65,1.65,2.1
D,Dec 26 2020 - 12:30pm,Leicester City,Manchester United,Mike Dean,1.47,2.26,2,2,4,2,1,1,5,0,2,0,1,0,0,2,1,0,11,10,4,5,7,5,10,17,54,46,1.29,1.2,3.69,65,86,79,57,41,70,93,49,86,11.19,3.03,3.15,3.75,2.2,1.21,1.62,2.5,4.45,1.5,2.45
W,Dec 26 2020 - 3:00pm,Aston Villa,Crystal Palace,Anthony Taylor,1.32,1.11,3,0,3,1,1,0,4,4,2,1,4,0,3,0,1,3,23,14,12,7,11,7,16,18,38,62,2.63,1.85,3.49,54,77,62,38,24,31,68,62,77,13.36,3.4,1.8,3.9,4.4,1.25,1.77,2.9,5.75,1.69,2.05
D,Dec 26 2020 - 3:00pm,Fulham,Southampton,Darren England,0.53,0.84,0,0,0,0,0,0,6,3,2,0,0,0,1,1,0,0,12,3,3,2,9,1,15,12,46,54,1.45,0.62,2.86,57,79,50,22,22,43,86,36,71,6.71,4.14,2.95,3.35,2.5,1.34,2.05,3.6,7.25,1.74,2
W,Dec 26 2020 - 5:30pm,Arsenal,Chelsea,Michael Oliver,1.47,1.79,3,1,4,2,2,0,7,9,2,0,1,0,1,1,0,1,17,18,9,3,8,15,12,8,39,61,1.97,1.76,2.5,50,71,57,15,7,22,64,43,79,11.72,3.15,3.8,3.5,2.05,1.33,2,3.4,7,1.8,1.95
W,Dec 26 2020 - 8:00pm,Manchester City,Newcastle United,Andre Marriner,2.16,1.16,2,0,2,1,1,0,7,3,2,0,2,0,1,1,0,2,13,8,8,3,5,5,5,8,75,25,1.73,0.95,3,50,92,25,25,25,50,75,50,67,10.33,3.67,1.15,9,16,1.1,1.33,1.83,2.85,2,1.71
L,Dec 26 2020 - 8:00pm,Sheffield United,Everton,David Coote,0.84,1.95,0,1,1,0,0,0,5,3,2,0,4,0,0,2,0,4,11,8,2,3,9,5,10,10,43,57,1.17,1.04,2.36,50,72,36,14,14,50,64,22,64,9.71,2.85,3.5,3.3,2.25,1.37,2.1,3.75,8.25,1.8,1.91
W,Dec 27 2020 - 12:00pm,Leeds United,Burnley,Robert Jones,1.53,1.11,1,0,1,1,1,0,4,12,0,0,3,0,0,0,1,2,13,15,6,7,7,8,8,13,51,49,1.42,2.03,2.93,50,57,50,43,36,43,57,43,72,9.85,3.15,1.8,4.1,4.2,1.14,1.48,2.15,3.55,1.43,2.6
D,Dec 27 2020 - 2:15pm,West Ham United,Brighton & Hove Albion,Simon Hooper,1.79,1.05,2,2,4,1,0,1,5,4,0,0,0,0,0,0,0,0,13,16,6,5,7,11,6,8,43,57,1.59,1.66,2.72,57,86,57,22,7,29,79,43,86,10,2.71,2.4,3.3,3.15,1.32,2,3.45,7,1.71,2.05
D,Dec 27 2020 - 4:30pm,Liverpool,West Bromwich Albion,Kevin Friend,1.74,0.58,1,1,2,1,1,0,7,3,0,0,1,0,0,0,0,1,18,6,3,4,15,2,8,6,78,22,2,0.89,3.29,64,93,65,29,14,65,93,29,86,8.29,2.28,1.15,9,16,1.12,1.38,2,3.25,2.2,1.61
D,Dec 27 2020 - 7:15pm,Wolverhampton Wanderers,Tottenham Hotspur,Paul Tierney,1.32,1.53,1,1,2,1,0,1,9,2,4,0,1,0,0,4,1,0,13,7,8,4,5,3,20,13,54,46,1.88,0.93,2.57,57,64,36,22,15,36,43,43,86,9.57,2.58,3.65,3.35,2.15,1.4,2.2,4.05,8.75,1.87,1.83
D,Dec 28 2020 - 3:00pm,Crystal Palace,Leicester City,Graham Scott,1.21,2,1,1,2,0,0,0,2,5,0,0,1,0,0,0,0,1,5,16,2,3,3,13,10,7,33,67,0.67,1.72,3.29,50,86,57,29,29,50,79,36,86,8.57,4.14,3.4,3.35,2.25,1.34,2.05,3.7,7.5,1.77,1.95
D,Dec 28 2020 - 5:30pm,Chelsea,Aston Villa,Stuart Attwell,1.74,1.58,1,1,2,1,1,0,11,4,3,0,1,0,1,2,0,1,17,11,6,3,11,8,16,3,63,37,1.94,1.22,2.88,30,77,69,29,15,38,62,60,93,11.96,3.96,1.71,4.05,4.75,1.18,1.57,2.35,4.25,1.54,2.3
L,Dec 29 2020 - 6:00pm,Brighton & Hove Albion,Arsenal,Martin Atkinson,1.11,1.74,0,1,1,0,0,0,5,4,2,0,0,0,0,2,0,0,14,12,3,4,11,8,11,4,49,51,1.52,1.29,2.29,58,72,43,22,7,36,64,36,65,10.58,4.14,3.15,3.6,2.25,1.36,2.05,3.65,8.25,1.83,1.87
W,Dec 29 2020 - 6:00pm,Burnley,Sheffield United,Chris Kavanagh,0.95,0.37,1,0,1,1,1,0,3,5,1,0,2,0,1,0,0,2,6,10,4,4,2,6,12,16,37,63,0.86,1.3,2.2,45,61,45,7,7,23,70,45,68,9.38,4.19,2.45,3.25,3.2,1.5,2.5,4.95,11,2.05,1.69
D,Dec 29 2020 - 6:00pm,Southampton,West Ham United,Andy Madley,1.42,1.63,0,0,0,0,0,0,4,3,3,0,1,0,1,2,0,1,10,9,5,4,5,5,16,16,62,38,1.3,1.12,3.14,43,86,65,22,22,57,93,36,86,10.29,3.14,2.45,3.35,3.05,1.3,1.95,3.35,6.5,1.65,2.1
L,Dec 29 2020 - 6:00pm,West Bromwich Albion,Leeds United,Lee Mason,0.79,1.58,0,5,5,4,0,4,3,10,0,0,1,0,0,0,1,0,5,14,0,7,5,7,6,7,24,76,0.61,1.93,3.5,43,64,64,43,36,43,57,57,86,11.15,3.29,3.8,4.05,1.91,1.21,1.65,2.6,4.8,1.56,2.25
W,Dec 29 2020 - 8:00pm,Manchester United,Wolverhampton Wanderers,Jonathan Moss,1.63,1.05,1,0,1,0,0,0,2,2,1,0,1,0,0,1,0,1,12,10,4,6,8,4,11,7,58,42,1.54,1.27,2.79,36,57,50,36,15,29,65,43,64,11.43,3.85,1.57,4,6.5,1.24,1.74,2.8,5.25,1.74,2
D,Dec 30 2020 - 8:00pm,Newcastle United,Liverpool,Paul Tierney,1.21,1.89,0,0,0,0,0,0,5,12,2,0,3,0,1,1,0,3,11,16,5,9,6,7,9,13,26,74,1.27,2.18,3.57,71,100,57,36,22,43,79,64,93,9.71,2.72,8.75,6,1.32,1.14,1.47,2.2,3.65,1.8,1.91
L,Jan 01 2021 - 5:30pm,Everton,West Ham United,Kevin Friend,1.16,1.63,0,1,1,0,0,0,5,4,2,0,0,0,0,2,0,0,10,13,3,6,7,7,9,8,60,40,1.18,1.56,3.23,61,73,73,35,21,67,81,34,80,9.63,3.5,2.15,3.5,3.45,1.31,1.95,3.4,6.75,1.71,2
W,Jan 01 2021 - 8:00pm,Manchester United,Aston Villa,Michael Oliver,1.63,1.58,2,1,3,1,1,0,5,10,4,0,0,0,0,4,0,0,20,14,10,6,10,8,22,10,48,52,2.42,1.68,2.52,34,55,48,19,13,27,55,34,88,12.67,4.43,1.74,4.15,4.5,1.17,1.54,2.35,4.05,1.53,2.35
W,Jan 02 2021 - 12:30pm,Tottenham Hotspur,Leeds United,David Coote,1.74,1.58,3,0,3,2,2,0,3,5,3,1,1,0,0,4,0,1,21,19,8,6,13,13,11,11,36,64,2.16,2.06,3.41,47,81,52,39,32,46,75,40,93,10.17,2.54,1.74,4.05,4.5,1.15,1.49,2.2,3.65,1.45,2.55
W,Jan 02 2021 - 3:00pm,Crystal Palace,Sheffield United,Stuart Attwell,1.21,0.37,2,0,2,2,2,0,3,6,1,0,3,0,0,1,1,2,9,8,5,3,4,5,8,18,44,56,1.28,1.13,2.69,57,76,44,19,19,32,69,44,75,9.38,4.25,2.15,3.25,3.8,1.43,2.3,4.3,9.75,1.95,1.77
D,Jan 02 2021 - 5:30pm,Brighton & Hove Albion,Wolverhampton Wanderers,Andy Madley,1.11,1.05,3,3,6,4,1,3,5,7,2,0,1,0,1,1,0,1,14,12,5,5,9,7,12,7,54,46,1.57,1.42,2.38,50,69,44,25,7,25,63,44,76,10.26,3.63,2.65,3.1,3,1.56,2.7,5.75,14,2.15,1.62
L,Jan 02 2021 - 8:00pm,West Bromwich Albion,Arsenal,Martin Atkinson,0.79,1.74,0,4,4,2,0,2,3,5,1,0,2,0,0,1,1,1,9,22,4,12,5,10,7,5,38,62,1.23,2.7,2.51,25,57,51,26,19,38,63,32,63,9.75,3.63,5.75,3.95,1.62,1.33,2,3.55,7,2.1,1.67
L,Jan 03 2021 - 2:15pm,Newcastle United,Leicester City,Robert Jones,1.21,2,1,2,3,0,0,0,3,6,0,0,2,0,0,0,0,2,9,11,4,5,5,6,10,11,43,57,1.19,1.37,3,57,88,63,25,19,38,69,50,94,7.88,4.13,6,3.9,1.62,1.29,1.91,3.2,6.5,1.83,1.87
L,Jan 03 2021 - 4:30pm,Chelsea,Manchester City,Anthony Taylor,1.74,2.37,1,3,4,3,0,3,5,3,3,0,1,0,1,2,0,1,11,19,4,7,7,12,12,10,54,46,1.44,1.94,2.48,47,73,39,32,13,26,75,45,73,13.14,2.79,3.05,3.65,2.3,1.25,1.77,2.9,5.5,1.56,2.25
W,Jan 04 2021 - 8:00pm,Southampton,Liverpool,Andre Marriner,1.42,1.89,1,0,1,1,1,0,1,10,1,0,3,0,0,1,2,1,8,17,4,2,4,15,5,12,33,67,0.95,1.84,3.13,44,82,38,32,25,44,76,51,69,11.75,2.88,6.5,4.6,1.5,1.14,1.44,2.1,3.4,1.54,2.3
W,Jan 12 2021 - 6:00pm,Sheffield United,Newcastle United,Andy Madley,0.84,1.16,1,0,1,0,0,0,5,2,2,0,4,1,0,2,2,3,17,9,5,4,12,5,13,11,66,34,2.03,1.09,2.36,41,75,20,14,14,26,54,41,88,8.86,3.25,2.45,3.15,3.15,1.51,2.35,4.45,7.5,2,1.71
L,Jan 12 2021 - 8:15pm,Burnley,Manchester United,Kevin Friend,0.95,2.26,0,1,1,0,0,0,3,4,1,0,2,0,0,1,2,0,13,14,0,8,13,6,16,13,37,63,1.07,1.92,3.14,65,72,65,50,29,50,93,58,72,8.14,2.43,7.75,4.85,1.4,1.25,1.69,2.6,4.45,1.95,1.77
L,Jan 12 2021 - 8:15pm,Wolverhampton Wanderers,Everton,Martin Atkinson,1.32,1.95,1,2,3,2,1,1,6,5,2,0,2,0,0,2,0,2,14,6,4,4,10,2,6,11,52,48,1.57,1.06,2.26,57,75,32,13,7,38,51,32,76,10.13,3.63,2.55,3.05,3.15,1.5,2.4,4.3,8.5,1.91,1.8
W,Jan 13 2021 - 6:00pm,Manchester City,Brighton & Hove Albion,Darren England,2.16,1.05,1,0,1,1,1,0,8,4,0,0,2,0,0,0,0,2,18,6,8,2,10,4,4,12,65,35,2.42,0.81,3,53,87,52,27,21,55,94,40,59,11.56,3.21,1.19,8,14,1.19,1.56,2.2,3.5,2.15,1.62
D,Jan 13 2021 - 8:15pm,Tottenham Hotspur,Fulham,Paul Tierney,1.74,0.95,1,1,2,1,1,0,6,5,1,0,2,0,0,1,1,1,15,15,7,6,8,9,12,13,52,48,1.75,1.74,2.6,48,80,34,14,14,41,73,27,87,8.7,3.63,1.57,4.15,6.25,1.31,1.83,2.9,5.5,1.87,1.83
D,Jan 14 2021 - 8:00pm,Arsenal,Crystal Palace,Andre Marriner,1.47,1.11,0,0,0,0,0,0,7,3,1,0,1,0,0,1,1,0,13,14,6,4,7,10,10,11,67,33,1.84,1.43,2.82,57,82,63,26,7,32,76,51,82,11.13,3.76,1.56,4.1,6.5,1.3,1.87,3,5.25,1.8,1.87
L,Jan 16 2021 - 12:30pm,Wolverhampton Wanderers,West Bromwich Albion,Michael Oliver,1.32,0.58,2,3,5,3,2,1,11,0,2,0,1,0,0,2,1,0,23,13,6,6,17,7,10,14,67,33,2.43,1.42,2.43,65,83,29,12,7,36,66,35,82,7.67,3.3,1.83,3.35,5.25,1.49,2.3,4.05,7.75,2.2,1.61
L,Jan 16 2021 - 3:00pm,Leeds United,Brighton & Hove Albion,Kevin Friend,1.53,1.05,0,1,1,1,0,1,5,2,1,0,1,0,1,0,0,1,10,8,3,3,7,5,8,9,66,34,1.4,0.98,3.02,60,71,59,30,25,42,82,41,71,11.38,3.19,2.2,3.65,3.3,1.24,1.69,2.5,4.05,1.54,2.3
W,Jan 16 2021 - 3:00pm,West Ham United,Burnley,Chris Kavanagh,1.79,1.11,1,0,1,1,1,0,7,4,2,0,1,0,0,2,0,1,17,11,5,2,12,9,12,13,44,56,1.83,1.2,2.44,44,63,44,38,13,19,63,44,75,9,2.38,1.83,3.6,4.65,1.39,2.1,3.5,6.5,1.95,1.77
L,Jan 16 2021 - 5:30pm,Fulham,Chelsea,Peter Bankes,0.53,1.79,0,1,1,0,0,0,1,12,2,1,3,0,1,2,0,3,11,22,3,7,8,15,12,11,30,70,1.21,2.53,2.57,44,75,57,26,13,32,75,44,69,9.76,3.88,6.25,4.1,1.57,1.3,1.83,2.85,5.25,1.83,1.87
W,Jan 16 2021 - 8:00pm,Leicester City,Southampton,Stuart Attwell,1.47,0.84,2,0,2,1,1,0,2,5,2,0,2,0,2,0,1,1,17,10,6,5,11,5,12,13,47,53,1.85,1.4,2.82,51,69,51,25,19,51,82,32,69,9.76,3.13,1.71,3.8,5.25,1.32,1.91,3,6,1.8,1.91
L,Jan 17 2021 - 2:00pm,Sheffield United,Tottenham Hotspur,Andre Marriner,0.84,1.53,1,3,4,2,0,2,5,7,4,0,0,0,1,3,0,0,15,14,5,5,10,9,12,5,42,58,1.64,1.51,2.39,48,54,30,18,18,36,54,24,83,9.13,2.58,6,3.65,1.69,1.38,2.05,3.45,6,2,1.71
D,Jan 17 2021 - 4:30pm,Liverpool,Manchester United,Paul Tierney,1.74,2.26,0,0,0,0,0,0,7,3,2,0,1,0,1,1,0,1,19,10,4,6,15,4,15,6,65,35,2.01,1.39,3.88,82,94,88,63,32,75,94,50,100,10.25,1.75,1.87,4.1,4.15,1.25,1.62,2.35,3.9,1.54,2.3
W,Jan 17 2021 - 7:15pm,Manchester City,Crystal Palace,Lee Mason,2.16,1.11,4,0,4,1,1,0,11,1,0,0,0,0,0,0,0,0,14,3,7,0,7,3,9,8,72,28,1.65,0.28,2.77,41,77,41,29,18,43,89,41,53,11.19,3.28,1.21,7.25,14,1.19,1.57,2.3,3.75,2.05,1.69
W,Jan 18 2021 - 8:00pm,Arsenal,Newcastle United,David Coote,1.47,1.16,3,0,3,0,0,0,7,2,0,0,0,0,0,0,0,0,21,4,7,0,14,4,9,8,66,34,2.31,0.5,2.36,47,78,35,12,7,23,53,42,89,10.07,4.16,1.39,4.75,8.5,1.3,1.83,3,5.5,2.1,1.65
W,Jan 19 2021 - 6:00pm,West Ham United,West Bromwich Albion,Graham Scott,1.79,0.58,2,1,3,1,1,0,3,1,0,0,1,0,0,0,0,1,14,10,6,5,8,5,11,11,59,41,1.78,1.32,2.73,62,84,39,28,11,28,84,39,84,6.78,2.56,1.54,4.15,6.25,1.29,1.83,3.15,5.75,1.95,1.77
W,Jan 19 2021 - 8:15pm,Leicester City,Chelsea,Craig Pawson,1.47,1.79,2,0,2,2,2,0,6,3,1,0,3,0,0,1,1,2,9,10,7,6,2,4,9,16,35,65,1.44,1.37,2.73,39,73,56,28,11,39,78,39,78,12.67,3.33,2.8,3.45,2.6,1.33,1.87,2.95,5.25,1.67,2.1
W,Jan 20 2021 - 6:00pm,Manchester City,Aston Villa,Jonathan Moss,2.16,1.58,2,0,2,0,0,0,16,2,0,0,2,0,0,0,0,2,26,12,9,5,17,7,10,8,69,31,2.97,1.34,2.64,36,77,48,17,11,41,88,36,72,13.86,3.46,1.29,6,10.25,1.2,1.54,2.25,3.45,1.91,1.8
L,Jan 20 2021 - 8:15pm,Fulham,Manchester United,Martin Atkinson,0.53,2.26,1,2,3,2,1,1,2,8,3,0,1,0,1,2,1,0,12,16,6,6,6,10,6,10,38,62,1.38,2.13,2.89,56,73,61,45,28,50,73,45,78,7.23,4,5.75,4.25,1.59,1.24,1.67,2.45,4.35,1.67,2.1
L,Jan 21 2021 - 8:00pm,Liverpool,Burnley,Mike Dean,1.74,1.11,0,1,1,0,0,0,12,0,2,0,1,0,1,1,1,0,28,7,7,5,21,2,11,8,71,29,3.02,0.98,2.61,45,61,56,33,17,45,73,28,67,10.78,2.11,1.31,6,10,1.25,1.67,2.55,4.25,2.1,1.67
W,Jan 23 2021 - 8:00pm,Aston Villa,Newcastle United,Simon Hooper,1.32,1.16,2,0,2,2,2,0,4,4,0,0,3,0,0,0,1,2,17,8,7,2,10,6,9,18,59,41,1.83,0.99,3.14,38,80,47,20,20,20,51,64,93,11.3,4.11,1.51,4.4,6.5,1.21,1.65,2.45,4.15,1.71,2.05
L,Jan 26 2021 - 6:00pm,Newcastle United,Leeds United,Anthony Taylor,1.21,1.58,1,2,3,1,0,1,9,4,1,0,3,0,0,1,0,3,24,11,7,4,17,7,10,14,42,58,2.39,1.24,3.45,56,84,73,39,28,45,67,50,95,9.78,2.89,4.05,3.95,1.87,1.25,1.69,2.5,4.75,1.61,2.2
L,Jan 26 2021 - 6:00pm,Crystal Palace,West Ham United,Stuart Attwell,1.21,1.63,2,3,5,3,1,2,3,4,0,0,0,0,0,0,0,0,7,17,4,7,3,10,9,8,54,46,1.07,1.87,2.73,50,78,50,17,17,50,73,28,78,9,2.77,3.35,3.3,2.3,1.45,2.15,3.95,7.25,1.91,1.8
L,Jan 26 2021 - 8:15pm,West Bromwich Albion,Manchester City,Chris Kavanagh,0.79,2.37,0,5,5,4,0,4,3,8,2,0,0,0,0,2,0,0,5,19,3,8,2,11,8,8,22,78,0.74,2.33,2.61,36,65,46,35,17,35,78,35,71,11.85,2.92,16,8,1.17,1.19,1.57,2.35,3.95,2.55,1.45
L,Jan 26 2021 - 8:15pm,Southampton,Arsenal,Kevin Friend,1.42,1.74,1,3,4,3,1,2,4,5,1,0,2,0,0,1,1,1,14,9,6,5,8,4,11,6,58,42,1.59,1.2,2.34,22,62,39,22,11,39,78,28,56,9.11,3.56,3.45,3.65,2.1,1.27,1.8,3.1,5,1.65,2.1
W,Jan 27 2021 - 6:00pm,Burnley,Aston Villa,Paul Tierney,0.95,1.58,3,2,5,1,0,1,2,4,1,0,0,0,1,0,0,0,11,19,6,12,5,7,16,7,38,62,1.4,2.37,1.98,29,58,41,0,0,18,71,35,75,10.47,3.36,4,3.65,1.95,1.32,1.87,2.95,5.5,1.74,2
D,Jan 27 2021 - 6:00pm,Chelsea,Wolverhampton Wanderers,Andy Madley,1.74,1.05,0,0,0,0,0,0,12,1,1,0,1,0,0,1,0,1,14,5,6,0,8,5,14,7,78,22,2.11,0.42,3.06,45,78,62,45,17,39,73,56,78,10.33,3.23,1.69,3.85,5.5,1.32,1.95,3.25,6.25,1.91,1.8
D,Jan 27 2021 - 7:30pm,Brighton & Hove Albion,Fulham,Craig Pawson,1.11,0.95,0,0,0,0,0,0,10,0,2,0,1,0,2,0,1,0,17,12,5,4,12,8,9,13,49,51,1.88,1.29,2.64,71,77,35,23,18,36,60,41,89,10.63,4,2.1,3.4,3.8,1.44,2.2,3.75,7.25,1.95,1.77
D,Jan 27 2021 - 8:15pm,Everton,Leicester City,Mike Dean,1.16,2,1,1,2,1,1,0,5,11,1,0,1,0,0,1,1,0,9,19,3,5,6,14,14,10,35,65,1.18,2.03,3.3,60,76,65,36,24,54,66,47,88,9,4.22,3,3.3,2.5,1.34,2,3.2,6,1.74,2
L,Jan 27 2021 - 8:15pm,Manchester United,Sheffield United,Peter Bankes,1.63,0.37,1,2,3,1,0,1,7,2,1,0,1,0,1,0,1,0,17,6,5,4,12,2,10,12,75,25,2.01,0.88,2.56,44,56,44,22,17,28,56,44,73,11.11,5,1.29,6,10,1.22,1.61,2.45,4.05,1.91,1.77
L,Jan 28 2021 - 8:00pm,Tottenham Hotspur,Liverpool,Martin Atkinson,1.74,1.89,1,3,4,1,0,1,1,2,1,0,2,0,1,0,1,1,4,15,3,8,1,7,10,11,49,51,0.75,1.94,2.89,50,84,33,22,17,39,78,39,78,11.22,2.89,3.3,3.75,2.15,1.24,1.71,2.6,4.55,1.56,2.25
L,Jan 30 2021 - 12:30pm,Everton,Newcastle United,Stuart Attwell,1.16,1.16,0,2,2,0,0,0,7,12,3,0,4,0,1,2,2,2,12,14,4,4,8,10,13,8,60,40,1.41,1.58,2.86,49,79,38,27,16,38,64,42,84,8.5,4.09,1.56,4.1,6.5,1.35,1.95,3.15,6.25,2,1.74
W,Jan 30 2021 - 3:00pm,Crystal Palace,Wolverhampton Wanderers,Simon Hooper,1.21,1.05,1,0,1,0,0,0,1,6,1,0,2,0,0,1,0,2,12,6,3,5,9,1,5,11,47,53,1.31,1.06,2.8,45,75,45,30,20,40,75,40,65,8.4,2.8,2.95,3.05,2.7,1.5,2.4,4.55,8.75,2.05,1.69
W,Jan 30 2021 - 3:00pm,Manchester City,Sheffield United,David Coote,2.16,0.37,1,0,1,1,1,0,10,0,0,0,3,0,0,0,1,2,7,5,5,2,2,3,8,10,75,25,1.37,0.63,2.6,40,75,40,20,15,40,80,45,60,12.6,3.8,1.17,8,16,1.16,1.5,2.15,3.6,2.3,1.54
D,Jan 30 2021 - 3:00pm,West Bromwich Albion,Fulham,Anthony Taylor,0.79,0.95,2,2,4,1,0,1,2,3,1,0,0,0,0,1,0,0,5,13,4,8,1,5,12,9,37,63,0.77,1.69,2.81,38,69,46,31,26,42,63,36,79,9.11,3.59,3.5,3.2,2.3,1.45,2.25,4.1,7.75,1.95,1.77
D,Jan 30 2021 - 5:30pm,Arsenal,Manchester United,Michael Oliver,1.47,2.26,0,0,0,0,0,0,4,7,1,0,3,0,1,0,0,3,18,14,4,3,14,11,9,15,43,57,1.68,1.52,2.95,65,75,70,40,20,50,65,50,85,10.6,2.8,2.9,3.4,2.5,1.28,1.8,2.9,4.95,1.61,2.2
L,Jan 30 2021 - 8:00pm,Southampton,Aston Villa,Lee Mason,1.42,1.58,0,1,1,1,0,1,7,1,1,0,0,0,0,1,0,0,20,9,5,5,15,4,12,12,59,41,2.14,1.29,2.65,35,75,50,20,15,30,80,40,80,10.7,3.5,3.15,3.65,2.25,1.25,1.67,2.45,4.6,1.53,2.35
W,Jan 31 2021 - 12:00pm,Chelsea,Burnley,Graham Scott,1.74,1.11,2,0,2,1,1,0,4,2,0,0,1,0,0,0,0,1,17,0,9,0,8,0,7,9,71,29,2.1,0.18,2.45,35,55,45,40,20,30,55,45,65,10.3,3,1.3,5.75,10.5,1.29,1.74,2.8,4.9,2.3,1.54
L,Jan 31 2021 - 2:00pm,Leicester City,Leeds United,Chris Kavanagh,1.47,1.58,1,3,4,2,1,1,5,4,0,0,3,0,0,0,1,2,17,10,7,8,10,2,18,16,50,50,2.07,1.51,3.35,40,80,65,35,25,60,80,35,85,11.7,3.2,1.87,3.9,4.15,1.26,1.74,2.7,4.55,1.65,2.1
L,Jan 31 2021 - 4:30pm,West Ham United,Liverpool,Jonathan Moss,1.79,1.89,1,3,4,0,0,0,6,4,2,0,0,0,0,2,0,0,9,15,3,6,6,9,9,8,32,68,1.03,1.74,2.95,60,80,45,35,10,25,75,55,80,11.2,2.3,4.5,4.05,1.74,1.21,1.65,2.5,4.15,1.61,2.2
W,Jan 31 2021 - 7:15pm,Brighton & Hove Albion,Tottenham Hotspur,Peter Bankes,1.11,1.53,1,0,1,1,1,0,9,2,2,0,1,0,0,2,0,1,20,9,5,5,15,4,11,11,43,57,2.13,1.35,2.75,69,69,42,32,21,37,59,42,85,10.84,3.11,3.25,3.3,2.35,1.42,2.1,3.5,7,1.83,1.87
W,Feb 02 2021 - 6:00pm,Sheffield United,West Bromwich Albion,Paul Tierney,0.84,0.58,2,1,3,1,0,1,9,2,2,0,1,0,0,2,0,1,15,8,7,4,8,4,11,10,68,32,2.04,1.04,2.5,55,70,35,20,15,40,70,35,80,6.7,3.1,2.05,3.4,4.05,1.45,2.2,3.85,7,1.95,1.77
W,Feb 02 2021 - 6:00pm,Wolverhampton Wanderers,Arsenal,Craig Pawson,1.32,1.74,2,1,3,2,1,1,9,6,3,0,2,2,2,1,2,2,12,10,8,4,4,6,10,8,54,46,1.85,1.15,2.4,50,70,45,25,5,45,60,35,75,10.6,3.6,3.75,3.3,2.15,1.48,2.25,4.15,8.5,2,1.74
W,Feb 02 2021 - 8:15pm,Manchester United,Southampton,Mike Dean,1.63,0.84,9,0,9,4,4,0,5,3,2,0,3,2,0,2,3,2,23,4,14,2,9,2,11,6,74,26,3.15,0.44,2.74,53,59,42,26,21,27,64,42,74,9.63,3.43,1.39,5.25,7.5,1.14,1.48,2.1,3.5,1.65,2.1
L,Feb 02 2021 - 8:15pm,Newcastle United,Crystal Palace,Darren England,1.21,1.11,1,2,3,3,1,2,9,1,1,0,3,0,1,0,0,3,23,7,7,4,16,3,14,11,61,39,2.41,1.02,2.85,55,85,65,30,10,20,75,60,80,8.7,3.2,2.9,3.25,2.6,1.31,1.95,3.2,6,1.69,2.05
L,Feb 03 2021 - 6:00pm,Burnley,Manchester City,Martin Atkinson,0.95,2.37,0,2,2,2,0,2,1,3,2,0,1,0,0,2,0,1,3,15,0,8,3,7,8,5,25,75,0.38,2.03,2.17,39,56,33,22,11,22,84,22,62,10.78,2.33,14,7,1.21,1.19,1.62,2.4,4.15,2.3,1.54
L,Feb 03 2021 - 6:00pm,Fulham,Leicester City,Robert Jones,0.53,2,0,2,2,2,0,2,5,2,3,0,1,0,1,2,0,1,10,10,3,6,7,4,17,10,57,43,1.44,1.28,2.65,50,80,55,15,15,40,65,35,85,8.1,4.9,3.95,3.4,2.05,1.39,2.05,3.3,6.5,1.83,1.87
L,Feb 03 2021 - 7:30pm,Leeds United,Everton,Michael Oliver,1.53,1.95,1,2,3,2,0,2,7,1,2,0,3,0,1,1,0,3,17,11,9,7,8,4,11,11,63,37,2.24,1.46,2.72,56,67,44,22,22,50,73,22,67,10.78,3.56,2.55,3.5,2.8,1.25,1.67,2.45,4.3,1.5,2.4
L,Feb 03 2021 - 8:15pm,Aston Villa,West Ham United,Andy Madley,1.32,1.63,1,3,4,0,0,0,7,3,1,0,1,0,0,1,0,1,10,22,2,11,8,11,11,14,56,44,1.15,2.48,3.15,44,73,67,23,23,49,67,47,83,11.88,2.95,2.4,3.45,3.1,1.26,1.83,2.9,5.25,1.65,2.1
L,Feb 03 2021 - 8:15pm,Liverpool,Brighton & Hove Albion,Kevin Friend,1.74,1.05,0,1,1,0,0,0,5,3,1,0,0,0,1,0,0,0,11,14,0,5,11,9,11,6,63,37,1.29,1.52,2.8,55,75,65,25,10,45,85,30,75,11.8,2.3,1.51,4.35,6.5,1.22,1.69,2.6,4.75,1.77,1.95
L,Feb 04 2021 - 8:00pm,Tottenham Hotspur,Chelsea,Andre Marriner,1.74,1.79,0,1,1,1,0,1,2,7,2,0,3,0,0,2,0,3,8,19,3,3,5,16,16,14,42,58,0.97,1.9,2.65,45,80,45,25,10,30,80,40,80,10.2,3.1,3.95,3.35,2.05,1.36,2.05,3.45,6.5,1.87,1.87
W,Feb 06 2021 - 12:30pm,Aston Villa,Arsenal,Chris Kavanagh,1.32,1.74,1,0,1,1,1,0,3,7,3,0,2,0,2,1,0,2,14,16,10,5,4,11,12,12,33,67,1.92,1.96,2.96,40,71,61,30,11,44,65,43,71,11.88,3.94,2.8,3.35,2.6,1.25,1.8,2.9,4.95,1.57,2.25
D,Feb 06 2021 - 3:00pm,Burnley,Brighton & Hove Albion,Anthony Taylor,0.95,1.05,1,1,2,1,0,1,8,7,2,0,0,0,2,0,0,0,22,11,8,3,14,8,8,10,54,46,2.38,1.11,2.23,38,57,43,14,10,24,81,33,57,8.25,2.66,3.9,3.25,2.15,1.51,2.35,4.35,8.5,2.05,1.69
W,Feb 06 2021 - 3:00pm,Newcastle United,Southampton,Craig Pawson,1.21,0.84,3,2,5,4,3,1,0,7,3,1,1,0,2,2,0,1,10,19,6,7,4,12,13,12,26,74,1.21,2.31,3.06,62,81,57,24,20,34,77,48,76,8.21,3.45,3.15,3.4,2.35,1.3,1.87,3.15,6,1.67,2.1
D,Feb 06 2021 - 5:30pm,Fulham,West Ham United,Mike Dean,0.53,1.63,0,0,0,0,0,0,7,3,1,0,3,1,0,1,0,4,21,9,3,2,18,7,11,10,60,40,1.91,0.95,2.55,46,73,59,18,14,50,69,27,78,7.91,4,3.9,3.5,2.05,1.41,2.05,3.6,6.5,1.87,1.87
D,Feb 06 2021 - 8:00pm,Manchester United,Everton,Jonathan Moss,1.63,1.95,3,3,6,2,2,0,5,1,2,0,1,0,0,2,0,1,16,8,7,5,9,3,14,11,62,38,1.92,1.1,2.93,53,68,53,23,19,44,63,33,76,10.38,4.19,1.57,4.2,6,1.26,1.71,2.55,4.75,1.69,2.05
W,Feb 07 2021 - 12:00pm,Tottenham Hotspur,West Bromwich Albion,Stuart Attwell,1.74,0.58,2,0,2,0,0,0,8,0,1,0,2,0,0,1,0,2,14,5,7,2,7,3,16,12,65,35,1.7,0.67,2.73,59,87,41,18,14,32,91,36,82,5.55,3,1.54,4.2,6.5,1.35,1.91,3.05,5.75,1.95,1.77
D,Feb 07 2021 - 2:00pm,Wolverhampton Wanderers,Leicester City,Martin Atkinson,1.32,2,0,0,0,0,0,0,8,2,1,0,3,0,1,0,1,2,13,13,0,3,13,10,12,15,43,57,1.23,1.38,2.78,64,87,50,18,14,45,60,45,91,10.9,3.82,3.7,3.4,2.1,1.41,2.25,4.1,8.5,2.05,1.69
L,Feb 07 2021 - 4:30pm,Liverpool,Manchester City,Michael Oliver,1.74,2.37,1,4,5,0,0,0,6,1,2,0,1,0,1,1,0,1,9,9,4,6,5,3,11,8,55,45,1.22,1.28,2.56,48,72,47,29,10,48,82,14,76,13.31,1.92,3.55,3.6,2.1,1.26,1.83,2.9,5,1.65,2.1
L,Feb 07 2021 - 7:15pm,Sheffield United,Chelsea,Kevin Friend,0.84,1.79,1,2,3,1,0,1,1,8,1,0,0,0,1,0,0,0,9,10,4,4,5,6,7,8,31,69,1.26,1.4,2.32,41,60,41,23,9,32,64,41,73,11.63,3.37,7,4.25,1.51,1.32,1.95,3.2,6,2,1.71
W,Feb 08 2021 - 8:00pm,Leeds United,Crystal Palace,Andre Marriner,1.53,1.11,2,0,2,1,1,0,5,3,0,0,2,0,0,0,1,1,18,9,8,4,10,5,7,8,68,32,2.14,1.12,2.96,53,71,57,33,20,39,81,43,67,10.21,3.33,1.87,3.85,4.25,1.24,1.71,2.65,4.65,1.65,2.15
W,Feb 13 2021 - 12:30pm,Leicester City,Liverpool,Anthony Taylor,1.47,1.89,3,1,4,0,0,0,2,12,1,0,2,0,1,0,1,1,15,15,10,4,5,11,7,6,38,62,1.79,1.76,3.09,50,82,50,36,14,50,78,46,73,12.18,2.91,3.75,3.7,2,1.24,1.71,2.6,4.75,1.62,2.15
L,Feb 13 2021 - 3:00pm,Crystal Palace,Burnley,Michael Oliver,1.21,1.11,0,3,3,2,0,2,7,4,0,0,0,0,0,0,0,0,14,18,4,5,10,13,15,14,53,47,1.68,1.77,2.41,37,59,32,27,23,32,64,32,64,7.64,2.63,2.6,3,3.05,1.57,2.5,4.8,9.25,2.15,1.65
W,Feb 13 2021 - 5:30pm,Manchester City,Tottenham Hotspur,Paul Tierney,2.16,1.53,3,0,3,1,1,0,4,2,1,0,3,0,1,0,0,3,16,7,7,3,9,4,13,12,60,40,2.06,0.8,2.72,44,67,34,29,19,43,81,33,63,12.38,2.19,1.34,5.75,8.5,1.22,1.65,2.55,4.2,1.95,1.77
D,Feb 13 2021 - 8:00pm,Brighton & Hove Albion,Aston Villa,Darren England,1.11,1.58,0,0,0,0,0,0,9,2,2,0,3,0,1,1,1,2,28,5,11,2,17,3,15,13,58,42,3.04,0.77,2.41,50,69,46,18,14,23,64,45,82,12.19,3.73,2.8,3.4,2.6,1.26,1.8,2.75,5.25,1.61,2.2
L,Feb 14 2021 - 12:00pm,Southampton,Wolverhampton Wanderers,Graham Scott,1.42,1.05,1,2,3,1,1,0,4,6,2,0,2,0,1,1,0,2,10,12,6,5,4,7,11,10,51,49,1.25,1.45,2.46,27,60,41,27,14,32,78,32,60,9.18,3.1,2.3,3.2,3.4,1.43,2.25,4.1,7.75,1.87,1.83
D,Feb 14 2021 - 2:00pm,West Bromwich Albion,Manchester United,Craig Pawson,0.79,2.26,1,1,2,2,1,1,4,5,5,0,0,0,1,4,0,0,8,11,4,8,4,3,13,10,26,74,1.01,1.94,3.36,50,73,73,60,36,55,73,55,82,9.09,3,9.5,6,1.3,1.19,1.61,2.4,3.95,2.05,1.69
W,Feb 14 2021 - 4:30pm,Arsenal,Leeds United,Stuart Attwell,1.47,1.58,4,2,6,3,3,0,4,5,0,0,2,0,0,0,0,2,14,11,6,6,8,5,8,16,45,55,1.6,1.38,3.05,50,73,69,32,18,46,59,46,87,11.72,3.1,1.83,3.9,4.35,1.22,1.69,2.45,4.4,1.61,2.15
L,Feb 14 2021 - 7:00pm,Everton,Fulham,Andy Madley,1.16,0.95,0,2,2,0,0,0,5,4,1,0,1,0,0,1,0,1,9,15,3,4,6,11,5,17,49,51,0.99,1.65,2.75,60,70,40,30,15,40,65,35,80,9.2,3.7,2.1,3.35,3.8,1.39,2.05,3.4,6.5,1.83,1.87
W,Feb 15 2021 - 6:00pm,West Ham United,Sheffield United,Simon Hooper,1.79,0.37,3,0,3,1,1,0,7,7,0,0,2,0,0,0,1,1,14,12,9,6,5,6,11,12,45,55,1.81,1.63,2.5,55,73,50,23,5,18,73,50,78,9.09,3.64,1.87,3.45,4.7,1.36,2.05,3.5,7,1.87,1.83
W,Feb 15 2021 - 8:00pm,Chelsea,Newcastle United,Peter Bankes,1.74,1.16,2,0,2,2,2,0,10,5,0,0,0,0,0,0,0,0,21,11,8,5,13,6,8,13,65,35,2.24,1.32,2.68,36,87,37,27,14,27,55,55,87,10.54,3.81,1.25,6.5,12,1.22,1.71,2.65,4.75,2.25,1.59
D,Feb 17 2021 - 6:00pm,Burnley,Fulham,Jonathan Moss,0.95,0.95,1,1,2,0,0,0,5,5,1,0,1,0,0,1,1,0,10,9,4,5,6,4,9,14,46,54,1.27,1.15,2.18,46,64,27,14,9,23,69,32,69,8.09,3,2.95,3.15,2.65,1.44,2.25,4.05,8,1.95,1.74
L,Feb 17 2021 - 8:15pm,Everton,Manchester City,Andre Marriner,1.16,2.37,1,3,4,2,1,1,0,10,2,0,1,0,2,0,0,1,3,17,2,8,1,9,9,8,29,71,0.48,2.21,2.78,50,73,41,36,18,41,73,32,73,11.09,3,9.75,5.25,1.34,1.21,1.67,2.45,4.2,2.05,1.69
W,Feb 19 2021 - 8:00pm,Wolverhampton Wanderers,Leeds United,David Coote,1.32,1.58,1,0,1,0,0,0,7,9,1,0,0,0,0,1,0,0,16,19,6,9,10,10,13,8,41,59,1.67,2.08,3.25,63,79,63,38,25,55,63,50,92,12,3.33,2.4,3.35,3.15,1.32,1.91,3.15,6,1.69,2.05
D,Feb 20 2021 - 12:30pm,Southampton,Chelsea,Anthony Taylor,1.42,1.79,1,1,2,1,1,0,3,6,1,0,1,0,0,1,0,1,5,11,2,5,3,6,10,10,29,71,0.65,1.51,2.54,38,67,46,25,13,29,84,42,63,11.25,3.16,5.25,3.9,1.69,1.29,1.83,3.05,5.5,1.8,1.91
D,Feb 20 2021 - 3:00pm,Burnley,West Bromwich Albion,Mike Dean,0.95,0.58,0,0,0,0,0,0,5,5,3,0,0,1,0,3,1,0,7,14,2,3,5,11,18,12,62,38,1.08,1.31,2.42,55,75,34,13,13,25,79,42,71,5.75,2.83,2.1,3.3,4,1.43,2.25,3.95,7.75,2.05,1.69
L,Feb 20 2021 - 5:30pm,Liverpool,Everton,Chris Kavanagh,1.74,1.95,0,2,2,1,0,1,7,2,2,0,1,0,1,1,1,0,16,9,7,6,9,3,8,11,71,29,2.08,1.17,2.91,61,79,61,26,18,57,70,22,83,10.74,2.92,1.43,4.9,7,1.2,1.59,2.35,3.9,1.74,2
W,Feb 20 2021 - 8:00pm,Fulham,Sheffield United,Martin Atkinson,0.53,0.37,1,0,1,0,0,0,6,4,1,0,2,0,1,0,0,2,17,3,7,2,10,1,12,14,65,35,2.04,0.63,2.17,38,67,46,8,8,34,71,34,63,8.25,5.25,2.15,3.25,3.8,1.43,2.25,4.05,8,1.95,1.77
W,Feb 21 2021 - 12:00pm,West Ham United,Tottenham Hotspur,Craig Pawson,1.79,1.53,2,1,3,1,1,0,5,7,4,0,3,0,0,4,3,0,5,22,5,6,0,16,16,9,30,70,0.95,2.27,2.79,57,74,52,30,9,22,74,47,87,9.08,2.19,3.05,3.45,2.4,1.29,1.87,3,5.25,1.65,2.1
L,Feb 21 2021 - 2:05pm,Aston Villa,Leicester City,Michael Oliver,1.32,2,1,2,3,2,0,2,7,8,2,0,1,0,0,2,1,0,12,17,3,8,9,9,10,13,49,51,1.32,1.9,3.03,45,77,55,24,19,36,59,51,77,11.15,3.88,3.3,3.55,2.2,1.26,1.8,2.9,5.25,1.62,2.15
L,Feb 21 2021 - 4:30pm,Arsenal,Manchester City,Jonathan Moss,1.47,2.37,0,1,1,1,0,1,1,3,2,0,2,0,0,2,0,2,8,15,2,3,6,12,11,9,45,55,0.87,1.54,2.55,50,71,50,30,13,38,67,34,71,12.33,2.5,6.75,4.7,1.47,1.25,1.74,2.7,5.25,1.87,1.83
W,Feb 21 2021 - 7:00pm,Manchester United,Newcastle United,Paul Tierney,1.63,1.16,3,1,4,2,1,1,6,4,1,0,2,0,1,0,2,0,17,11,9,6,8,5,9,11,71,29,2.17,1.38,3,38,75,38,25,21,29,54,54,83,10.41,4.25,1.29,6.25,9.75,1.18,1.54,2.25,3.65,1.95,1.77
L,Feb 22 2021 - 8:00pm,Brighton & Hove Albion,Crystal Palace,Kevin Friend,1.11,1.11,1,2,3,1,0,1,13,0,2,0,0,0,0,2,0,0,26,4,6,3,20,1,9,6,74,26,2.75,0.53,2.5,50,71,46,29,13,25,67,46,67,10.66,3.75,1.71,3.6,5.75,1.43,2.25,4.05,7.5,2.05,1.67
W,Feb 23 2021 - 6:00pm,Leeds United,Southampton,Andre Marriner,1.53,0.84,3,0,3,0,0,0,2,4,1,0,2,0,0,1,1,1,11,14,7,6,4,8,12,12,46,54,1.39,1.62,3.18,55,69,45,32,32,45,82,32,73,9.82,3.27,2.35,3.45,3.05,1.24,1.67,2.6,4.65,1.53,2.35
W,Feb 27 2021 - 12:30pm,Manchester City,West Ham United,Michael Oliver,2.16,1.63,2,1,3,2,1,1,4,2,1,0,1,0,0,1,1,0,11,9,4,3,7,6,8,11,63,37,1.51,0.97,2.67,38,71,50,25,17,46,75,38,67,12.08,2.58,1.25,6.75,11,1.25,1.65,2.65,4.85,2.2,1.61
W,Feb 27 2021 - 3:00pm,West Bromwich Albion,Brighton & Hove Albion,Lee Mason,0.79,1.05,1,0,1,1,1,0,7,4,0,0,0,0,0,0,0,0,7,16,3,7,4,9,9,12,29,71,0.95,1.97,2.88,42,71,59,34,21,38,79,42,71,9.42,3.17,4.75,3.65,1.8,1.38,2.1,3.75,7.75,2,1.74
L,Feb 27 2021 - 5:30pm,Leeds United,Aston Villa,Peter Bankes,1.53,1.58,0,1,1,1,0,1,7,5,3,0,2,0,0,3,0,2,13,9,3,5,10,4,14,14,69,31,1.51,1.18,2.59,42,67,50,17,17,30,71,38,79,11.08,3.25,2.25,3.8,3.05,1.17,1.56,2.35,4.05,1.47,2.5
D,Feb 27 2021 - 8:00pm,Newcastle United,Wolverhampton Wanderers,Mike Dean,1.21,1.05,1,1,2,0,0,0,3,5,2,0,0,0,2,0,0,0,21,16,8,5,13,11,10,13,47,53,2.21,1.7,2.71,54,75,63,25,13,29,71,46,75,8.92,3.33,3.5,3.2,2.3,1.47,2.35,4.15,8.75,2,1.71
D,Feb 28 2021 - 12:00pm,Crystal Palace,Fulham,Anthony Taylor,1.21,0.95,0,0,0,0,0,0,1,3,1,0,1,0,0,1,0,1,4,17,0,5,4,12,10,14,40,60,0.5,1.78,2.63,54,79,34,21,17,38,63,38,79,8.33,2.75,3.6,3.2,2.25,1.48,2.4,4.25,9,2.05,1.69
L,Feb 28 2021 - 12:00pm,Leicester City,Arsenal,Paul Tierney,1.47,1.74,1,3,4,3,1,2,2,7,2,0,1,0,1,1,0,1,8,11,4,5,4,6,15,3,44,56,0.91,1.43,2.59,38,71,54,29,4,54,79,25,67,10.42,3.83,2.55,3.3,2.9,1.32,1.95,3.4,7,1.74,2
W,Feb 28 2021 - 2:00pm,Tottenham Hotspur,Burnley,Kevin Friend,1.74,1.11,4,0,4,3,3,0,3,4,0,0,0,0,0,0,0,0,17,10,8,4,9,6,5,10,58,42,1.84,1.35,2.25,30,63,33,21,13,25,71,29,71,7.84,2.75,1.5,4.25,7,1.3,1.87,3.15,6.5,1.95,1.74
D,Feb 28 2021 - 4:30pm,Chelsea,Manchester United,Stuart Attwell,1.74,2.26,0,0,0,0,0,0,3,4,1,0,2,0,0,1,0,2,18,12,6,5,12,7,12,12,57,43,1.86,1.48,3,59,79,59,50,25,55,71,50,75,11,2.58,2.25,3.35,3.45,1.33,2,3.35,7.75,1.77,1.95
L,Feb 28 2021 - 7:15pm,Sheffield United,Liverpool,Jonathan Moss,0.84,1.89,0,2,2,0,0,0,4,3,0,0,0,0,0,0,0,0,10,15,4,9,6,6,9,9,39,61,1.27,1.96,2.84,59,71,46,34,13,33,58,55,79,11.67,2.91,8,5.25,1.38,1.22,1.62,2.55,4.7,1.91,1.8
W,Mar 01 2021 - 8:00pm,Everton,Southampton,Martin Atkinson,1.16,0.84,1,0,1,1,1,0,4,10,0,0,2,0,0,0,0,2,8,9,2,2,6,7,13,9,46,54,0.96,1.12,3.25,54,75,50,38,25,46,71,46,79,8.42,3.75,2.05,3.5,3.8,1.3,1.87,3.15,6,1.69,2.05
W,Mar 02 2021 - 8:00pm,Manchester City,Wolverhampton Wanderers,Chris Kavanagh,2.16,1.05,4,1,5,1,1,0,10,2,0,0,1,0,0,0,0,1,22,7,10,2,12,5,8,6,72,28,2.89,0.7,2.54,35,70,42,23,12,35,77,42,62,12,2.54,1.24,6.5,14,1.26,1.71,2.8,5.5,2.5,1.47
D,Mar 03 2021 - 6:00pm,Burnley,Leicester City,Andy Madley,0.95,2,1,1,2,2,1,1,5,8,0,0,2,0,0,0,0,2,11,17,7,5,4,12,6,12,38,62,1.65,1.68,2.31,46,70,39,12,12,31,66,35,70,8.77,3.46,3.95,3.25,2.1,1.44,2.3,4.15,8.75,2,1.71
W,Mar 03 2021 - 6:00pm,Sheffield United,Aston Villa,Robert Jones,0.84,1.58,1,0,1,1,1,0,2,7,1,1,0,0,1,1,0,0,7,18,3,4,4,14,13,6,28,72,0.83,2.05,2.19,39,62,42,12,8,23,62,42,81,10.15,3.31,3.7,3.5,2.1,1.34,1.95,3.25,6.5,1.8,1.95
D,Mar 03 2021 - 8:15pm,Crystal Palace,Manchester United,Andre Marriner,1.21,2.26,0,0,0,0,0,0,4,6,1,0,0,0,0,1,0,0,9,12,3,2,6,10,4,12,37,63,1.01,1.43,2.81,58,73,50,39,27,54,69,39,69,8.38,2.46,8.75,4.95,1.38,1.29,1.8,2.95,6,2.05,1.69
L,Mar 04 2021 - 6:00pm,West Bromwich Albion,Everton,Darren England,0.79,1.95,0,1,1,0,0,0,3,3,3,0,1,0,0,3,1,0,12,13,4,4,8,9,7,7,48,52,1.52,1.44,2.95,45,76,56,32,24,52,76,32,72,8.6,3.69,4.1,3.5,2,1.38,2.05,3.5,6.75,1.87,1.83
L,Mar 04 2021 - 6:00pm,Fulham,Tottenham Hotspur,David Coote,0.53,1.53,0,1,1,1,0,1,4,1,2,0,1,0,1,1,1,0,11,10,4,3,7,7,12,9,59,41,1.48,1.06,2.38,45,65,44,17,13,36,69,29,73,8.25,3.96,4.25,3.6,1.91,1.36,2.05,3.5,7.25,1.91,1.8
L,Mar 04 2021 - 8:15pm,Liverpool,Chelsea,Martin Atkinson,1.74,1.79,0,1,1,1,0,1,5,2,0,0,0,0,0,0,0,0,8,13,2,7,6,6,9,8,54,46,1.09,1.54,2.69,50,73,54,27,12,35,73,35,81,13.23,2.54,2.2,3.45,3.35,1.31,1.87,3,5.75,1.65,2.1
D,Mar 06 2021 - 12:30pm,Burnley,Arsenal,Andre Marriner,0.95,1.74,1,1,2,2,1,1,2,3,1,0,1,0,0,1,0,1,10,14,6,3,4,11,5,12,41,59,1.43,1.5,2.12,41,60,38,19,4,38,74,22,56,9.21,3.51,4.55,3.67,1.63,1.32,1.93,3.2,6.5,1.95,1.77
L,Mar 06 2021 - 3:00pm,Sheffield United,Southampton,Paul Tierney,0.84,0.84,0,2,2,1,0,1,7,3,4,0,3,0,2,2,0,3,9,13,3,8,6,5,15,10,50,50,1.07,1.64,2.69,45,63,41,23,19,34,67,41,74,8.86,3.42,3.02,3.27,2.13,1.37,1.81,3.8,7.75,1.91,1.8
D,Mar 06 2021 - 5:30pm,Aston Villa,Wolverhampton Wanderers,Andy Madley,1.32,1.05,0,0,0,0,0,0,5,3,1,0,0,0,1,0,0,0,10,12,2,4,8,8,13,13,49,51,1.06,1.41,2.92,44,69,57,28,16,29,64,53,72,11.2,3.25,2.25,3.28,2.8,1.37,1.86,3.6,7.25,1.83,1.87
L,Mar 06 2021 - 8:00pm,Brighton & Hove Albion,Leicester City,Michael Oliver,1.11,2,1,2,3,1,1,0,6,6,0,0,1,0,0,0,0,1,9,9,3,5,6,4,13,6,36,64,1.13,1.19,2.47,60,74,44,19,15,37,59,41,74,12.1,4,2.48,3.27,2.52,1.37,2.05,3.8,7.75,1.87,1.83
D,Mar 07 2021 - 12:00pm,West Bromwich Albion,Newcastle United,Martin Atkinson,0.79,1.16,0,0,0,0,0,0,9,7,0,0,0,0,0,0,0,0,13,9,4,6,9,3,11,10,53,47,1.67,1.33,2.77,30,78,40,29,19,37,63,49,78,9.02,4.01,2.45,3.15,3.2,1.47,2.3,4.05,8.25,1.95,1.74
L,Mar 07 2021 - 2:00pm,Liverpool,Fulham,Kevin Friend,1.74,0.95,0,1,1,1,0,1,9,4,2,0,3,0,1,1,1,2,18,11,5,4,13,7,10,8,63,37,2.1,1.2,2.47,52,70,40,22,11,33,59,30,82,10.71,2.47,1.25,6,10.75,1.27,1.53,2.42,5.5,2,1.74
L,Mar 07 2021 - 4:30pm,Manchester City,Manchester United,Anthony Taylor,2.16,2.26,0,2,2,1,0,1,6,2,0,0,3,0,0,0,1,2,24,9,7,7,17,2,9,12,65,35,2.58,1.21,2.79,50,72,50,40,25,50,79,43,61,12.21,2.21,1.5,4.4,6.75,1.28,1.8,3,6,1.95,1.77
W,Mar 07 2021 - 7:15pm,Tottenham Hotspur,Crystal Palace,Stuart Attwell,1.74,1.11,4,1,5,2,1,1,1,5,2,0,3,0,0,2,2,1,14,6,6,2,8,4,9,17,64,36,1.69,0.77,2.74,42,85,50,27,8,27,85,43,77,7.62,3,1.6,3.8,5.75,1.3,1.83,3.25,6.5,2,1.71
W,Mar 08 2021 - 6:00pm,Chelsea,Everton,David Coote,1.74,1.95,2,0,2,1,1,0,7,3,0,0,3,0,0,0,1,2,19,8,10,2,9,6,11,11,65,35,2.22,0.87,2.62,46,77,46,27,15,46,66,31,73,10,3.16,1.53,4.1,5.8,1.35,1.8,3.25,7.25,2.1,1.65
W,Mar 08 2021 - 8:00pm,West Ham United,Leeds United,Mike Dean,1.79,1.58,2,0,2,2,2,0,6,6,1,0,1,0,0,1,0,1,16,18,5,3,11,15,9,8,34,66,1.6,1.66,3.35,58,81,70,43,19,35,73,58,96,10.77,2.61,2.05,3.5,3.35,1.25,1.6,2.63,4.75,1.56,2.3
W,Mar 10 2021 - 6:00pm,Manchester City,Southampton,Jonathan Moss,2.16,0.84,5,2,7,4,3,1,5,5,1,0,0,0,0,1,0,0,17,12,11,7,6,5,5,5,58,42,2.28,1.53,2.97,38,76,42,28,25,38,86,38,66,11.67,2.86,1.23,6.5,12,1.18,1.5,2.33,4.1,2.25,1.56
D,Mar 12 2021 - 8:00pm,Newcastle United,Aston Villa,Paul Tierney,1.21,1.58,1,1,2,0,0,0,2,2,2,0,3,0,0,2,0,3,13,17,4,7,9,10,11,12,49,51,1.49,1.92,2.5,53,75,56,15,11,23,70,45,78,9.74,3.48,3.25,3.5,2.1,1.43,2.23,3.1,7.5,1.95,1.74
D,Mar 13 2021 - 12:30pm,Leeds United,Chelsea,Kevin Friend,1.53,1.79,0,0,0,0,0,0,8,5,3,0,0,0,1,2,0,0,7,16,4,9,3,7,16,5,38,62,1.03,2.15,2.57,45,63,45,22,15,30,78,37,67,11.99,2.97,4.75,4.05,1.71,1.27,1.8,2.85,5.25,1.74,2
W,Mar 13 2021 - 3:00pm,Crystal Palace,West Bromwich Albion,Simon Hooper,1.21,0.58,1,0,1,1,1,0,3,2,3,0,1,0,0,3,1,0,9,13,6,0,3,13,16,16,43,57,1.21,1.31,2.56,53,78,37,18,18,37,71,38,71,5.85,2.68,2.3,3.15,3.5,1.49,2.3,4.05,8,2,1.74
L,Mar 13 2021 - 5:30pm,Everton,Burnley,Jonathan Moss,1.16,1.11,1,2,3,3,1,2,7,4,0,0,4,0,0,0,2,2,15,15,5,6,10,9,9,6,65,35,1.7,1.64,2.54,35,58,42,35,15,39,66,35,70,8.38,2.92,1.91,3.45,4.55,1.43,2.2,3.9,7.75,2.05,1.71
L,Mar 13 2021 - 8:00pm,Fulham,Manchester City,Andre Marriner,0.53,2.37,0,3,3,0,0,0,4,2,0,0,0,0,0,0,0,0,4,9,2,8,2,1,11,12,46,54,0.71,1.46,2.2,38,63,37,23,11,37,75,19,60,10,3.65,9.5,5.25,1.34,1.29,1.8,3,6,2.2,1.59
L,Mar 14 2021 - 12:00pm,Southampton,Brighton & Hove Albion,Stuart Attwell,1.42,1.05,1,2,3,2,1,1,4,5,0,0,0,0,0,0,0,0,10,9,5,7,5,2,11,11,59,41,1.31,1.38,2.43,42,66,42,19,12,27,89,31,62,9.38,2.69,2.4,3.3,2.9,1.39,2.06,3.95,8.25,1.95,1.77
W,Mar 14 2021 - 2:00pm,Leicester City,Sheffield United,Peter Bankes,1.47,0.37,5,0,5,1,1,0,9,1,0,0,2,0,0,0,0,2,17,2,8,0,9,2,10,9,71,29,1.95,0.29,2.62,42,74,54,23,8,43,77,39,73,9.76,4.16,1.5,4,7,1.3,1.85,3.4,7,2.15,1.62
W,Mar 14 2021 - 4:30pm,Arsenal,Tottenham Hotspur,Michael Oliver,1.47,1.53,2,1,3,2,1,1,6,3,1,0,3,1,0,1,1,3,14,6,4,3,10,3,12,12,52,48,1.62,0.84,2.5,50,62,50,19,12,31,66,38,73,9.69,2.84,2.38,3.5,2.8,1.32,1.85,3.25,6,1.69,2.05
W,Mar 14 2021 - 7:15pm,Manchester United,West Ham United,Martin Atkinson,1.63,1.63,1,0,1,0,0,0,6,2,4,0,0,0,1,3,0,0,14,8,4,0,10,8,11,2,61,39,1.79,0.84,3.16,54,66,66,35,23,46,62,47,85,10.16,3.46,1.91,3.5,4.5,1.33,1.91,3.2,6.5,1.77,1.95
L,Mar 15 2021 - 8:00pm,Wolverhampton Wanderers,Liverpool,Craig Pawson,1.32,1.89,0,1,1,1,0,1,3,2,2,0,1,0,1,1,1,0,11,13,6,5,5,8,17,11,52,48,1.61,1.69,2.77,62,77,42,31,12,35,50,54,81,13,2.92,5.75,4,1.65,1.33,1.95,3.3,6.75,1.95,1.74
L,Mar 19 2021 - 8:00pm,Fulham,Leeds United,David Coote,0.53,1.58,1,2,3,2,1,1,13,7,2,0,2,0,0,2,1,1,12,14,6,5,6,9,14,12,51,49,1.53,1.54,2.86,39,70,56,29,22,49,66,35,77,9.71,3.76,2.45,3.35,3.05,1.36,2,3.4,6.75,1.77,1.95
W,Mar 20 2021 - 8:00pm,Brighton & Hove Albion,Newcastle United,Anthony Taylor,1.11,1.16,3,0,3,1,1,0,3,1,0,0,1,0,0,0,0,1,12,4,7,2,5,2,13,5,65,35,1.6,0.57,2.33,47,75,32,18,11,25,54,50,75,11.71,3.86,1.69,3.5,6.5,1.43,2.25,4.05,8.75,2.2,1.61
D,Mar 21 2021 - 3:00pm,West Ham United,Arsenal,Jonathan Moss,1.79,1.74,3,3,6,4,3,1,3,5,3,0,1,0,0,3,0,1,15,17,5,8,10,9,15,9,36,64,1.64,2.08,2.54,50,75,54,29,0,36,79,36,72,9.93,3.21,3.5,3.45,2.15,1.33,1.95,3.3,6.5,1.77,1.95
L,Mar 21 2021 - 7:30pm,Aston Villa,Tottenham Hotspur,Mike Dean,1.32,1.53,0,2,2,1,0,1,5,8,3,0,2,0,0,3,0,2,9,10,2,4,7,6,18,14,50,50,1.11,1.29,2.86,50,66,54,23,16,35,69,43,73,10.68,3.32,3.35,3.45,2.25,1.34,1.95,3.2,6,1.74,1.95
L,Apr 03 2021 - 11:30am,Chelsea,West Bromwich Albion,David Coote,1.74,0.58,2,5,7,3,1,2,10,3,2,1,1,0,2,1,1,0,17,15,7,8,10,7,11,6,66,34,1.99,1.74,2.54,47,79,40,25,14,33,72,43,71,8.22,2.71,1.21,6.99,17.17,1.26,2.1,2.83,5.5,2.5,1.45
W,Apr 03 2021 - 2:00pm,Leeds United,Sheffield United,Graham Scott,1.53,0.37,2,1,3,2,1,1,5,7,1,0,2,0,0,1,2,0,24,12,9,3,15,9,13,13,54,46,2.54,1.25,2.5,40,61,47,18,18,29,71,40,68,10.21,4.14,1.54,4.4,6.25,1.29,1.83,3.05,6,1.95,1.77
L,Apr 03 2021 - 4:30pm,Leicester City,Manchester City,Anthony Taylor,1.47,2.37,0,2,2,0,0,0,1,1,2,0,3,0,1,1,0,3,5,12,3,5,2,7,12,12,43,57,0.69,1.55,2.86,43,79,54,40,14,47,83,33,72,11.35,2.57,5.73,4.36,1.6,1.28,1.79,2.98,5.75,1.91,1.8
L,Apr 03 2021 - 7:00pm,Arsenal,Liverpool,Stuart Attwell,1.47,1.89,0,3,3,0,0,0,1,2,1,0,1,0,0,1,0,1,4,17,3,8,1,9,9,9,35,65,0.65,2.05,2.75,54,72,50,29,11,33,57,50,71,11.78,2.64,2.95,3.3,2.15,1.26,2.05,3.1,4.8,1.59,2.2
W,Apr 04 2021 - 11:00am,Southampton,Burnley,Andre Marriner,1.42,1.11,3,2,5,4,2,2,6,7,0,0,0,0,0,0,0,0,24,8,9,6,15,2,10,10,55,45,2.51,1.31,2.39,32,61,43,25,14,36,79,25,61,8.35,2.79,2,3.2,3.42,1.39,2.25,3.7,7.5,1.91,1.8
D,Apr 04 2021 - 1:05pm,Newcastle United,Tottenham Hotspur,Craig Pawson,1.21,1.53,2,2,4,3,1,2,7,3,3,0,2,0,0,3,1,1,23,12,7,6,16,6,13,14,41,59,2.3,1.44,2.77,66,80,56,21,14,31,72,45,83,8.41,3.39,5.1,3.92,1.53,1.3,1.82,3.3,6.25,1.91,1.8
W,Apr 04 2021 - 3:30pm,Aston Villa,Fulham,Andy Madley,1.32,0.95,3,1,4,0,0,0,4,4,1,0,2,0,1,0,1,1,16,18,5,8,11,10,14,20,52,48,1.81,1.88,2.5,44,67,38,19,11,26,56,41,70,10.62,3.49,2.12,3.21,3.12,1.35,1.87,3.8,7.75,1.91,1.8
W,Apr 04 2021 - 6:30pm,Manchester United,Brighton & Hove Albion,Mike Dean,1.63,1.05,2,1,3,1,0,1,5,6,2,0,2,0,0,2,1,1,15,6,8,4,7,2,13,7,57,43,2.07,0.99,2.9,50,61,54,29,18,33,72,43,75,10.78,3.21,1.65,4.05,5.75,1.32,1.91,3.15,6.5,1.91,1.8
D,Apr 05 2021 - 5:00pm,Everton,Crystal Palace,Kevin Friend,1.16,1.11,1,1,2,0,0,0,3,4,2,0,0,0,2,0,0,0,14,14,7,7,7,7,12,11,47,53,1.75,1.7,2.97,54,79,57,36,14,40,79,50,71,8.5,3.35,1.8,3.6,4.9,1.46,2.13,4.2,9,2.25,1.59
L,Apr 05 2021 - 7:15pm,Wolverhampton Wanderers,West Ham United,Michael Oliver,1.32,1.63,2,3,5,4,1,3,4,2,1,0,4,0,0,1,2,2,21,10,6,7,15,3,9,10,66,34,2.12,1.42,2.36,54,64,50,18,11,43,54,33,83,10.29,3.07,3,3.2,2.6,1.48,2.18,4.2,8.75,2,1.71
L,Apr 09 2021 - 7:00pm,Fulham,Wolverhampton Wanderers,Jonathan Moss,0.53,1.05,0,1,1,0,0,0,3,4,0,0,0,0,0,0,0,0,15,8,3,4,12,4,11,8,49,51,1.58,1.01,2.2,36,62,46,17,10,29,62,33,65,8.76,3.64,2.35,2.88,2.92,1.5,2.4,5,9.75,2.15,1.65
L,Apr 10 2021 - 11:30am,Manchester City,Leeds United,Andre Marriner,2.16,1.58,1,2,3,1,0,1,9,3,3,0,1,1,1,2,1,1,31,3,9,3,22,0,12,16,71,29,3.4,0.57,3.4,46,81,59,39,29,56,84,46,78,13.24,2.41,1.26,6.5,11,1.17,1.48,2.2,3.75,1.91,1.8
W,Apr 10 2021 - 2:00pm,Liverpool,Aston Villa,Paul Tierney,1.74,1.58,2,1,3,1,0,1,7,0,2,0,4,0,0,2,1,3,25,10,10,6,15,4,13,10,66,34,2.75,1.33,2.37,40,64,47,17,10,27,70,30,77,12,2.8,1.54,4.4,5.8,1.25,1.63,2.49,4.55,1.77,1.95
L,Apr 10 2021 - 4:30pm,Crystal Palace,Chelsea,Michael Oliver,1.21,1.79,1,4,5,3,0,3,0,8,1,0,0,0,1,0,0,0,2,24,2,11,0,13,7,10,35,65,0.51,2.81,2.3,40,64,37,20,14,30,70,34,60,9.93,2.6,7.4,4.3,1.46,1.36,1.97,3.45,7.25,2.15,1.62
L,Apr 11 2021 - 11:00am,Burnley,Newcastle United,Anthony Taylor,0.95,1.16,1,2,3,1,1,0,13,3,1,0,0,0,0,1,0,0,25,12,7,7,18,5,13,12,56,44,2.62,1.47,2.14,37,74,24,10,7,27,63,40,64,8.4,3.26,2.2,3.2,3.15,1.48,2.35,4.2,8.75,2,1.71
W,Apr 11 2021 - 1:05pm,West Ham United,Leicester City,Mike Dean,1.79,2,3,2,5,2,2,0,1,9,3,0,3,0,2,1,2,1,5,15,5,5,0,10,7,13,36,64,0.86,1.84,2.83,60,87,57,23,10,34,74,50,84,9.87,3.2,3.2,3.4,2.3,1.32,1.91,3.15,6,1.71,2
L,Apr 11 2021 - 3:30pm,Tottenham Hotspur,Manchester United,Chris Kavanagh,1.74,2.26,1,3,4,1,1,0,7,5,1,0,5,0,0,1,2,3,13,12,4,7,9,5,11,15,46,54,1.4,1.6,2.73,52,77,48,38,21,45,77,38,77,8.19,2.76,2.8,3.45,2.55,1.29,1.83,2.95,5.75,1.62,2.15
L,Apr 11 2021 - 6:00pm,Sheffield United,Arsenal,Peter Bankes,0.84,1.74,0,3,3,1,0,1,2,4,1,0,1,0,0,1,0,1,8,15,3,7,5,8,9,5,45,55,0.92,1.81,2.37,44,64,43,23,7,44,70,30,70,9.67,3.73,6,3.95,1.62,1.35,2,3.4,6.75,2,1.74
W,Apr 12 2021 - 5:00pm,West Bromwich Albion,Southampton,Simon Hooper,0.79,0.84,3,0,3,2,2,0,5,10,0,0,1,0,0,0,1,0,16,14,8,5,8,9,11,9,39,61,1.99,1.73,3.1,37,67,50,37,30,40,74,40,70,9.13,3.53,3.2,3.2,2.05,1.37,1.9,3.4,6.75,1.77,1.95
D,Apr 12 2021 - 7:15pm,Brighton & Hove Albion,Everton,Darren England,1.11,1.95,0,0,0,0,0,0,10,3,1,0,2,0,0,1,0,2,25,8,5,0,20,8,12,7,55,45,2.27,0.69,2.45,55,73,45,17,14,35,66,34,76,10.57,3.66,2.15,3.05,3.1,1.43,2.1,3.85,7.75,1.91,1.8
D,Apr 16 2021 - 7:00pm,Everton,Tottenham Hotspur,Michael Oliver,1.16,1.53,2,2,4,2,1,1,6,3,1,0,1,0,1,0,1,0,19,13,8,4,11,9,10,6,52,48,2.03,1.35,2.81,58,71,49,29,13,43,74,39,77,8.86,3.3,3.1,3.4,2.36,1.36,1.93,3.35,6.5,1.83,1.91
W,Apr 17 2021 - 11:30am,Newcastle United,West Ham United,Kevin Friend,1.21,1.63,3,2,5,2,2,0,3,8,2,0,1,1,1,1,2,0,15,16,7,6,8,10,9,7,34,66,1.67,1.94,2.83,67,80,67,27,17,43,64,40,87,8.2,3.4,3.89,3.48,2.06,1.33,1.87,3.1,6,1.71,2.05
W,Apr 17 2021 - 7:15pm,Wolverhampton Wanderers,Sheffield United,Robert Jones,1.32,0.37,1,0,1,0,0,0,3,3,1,0,2,0,0,1,1,1,12,11,6,5,6,6,7,15,47,53,1.44,1.58,2.4,50,67,47,17,13,34,63,40,77,10.53,4.14,1.58,4.02,6.73,1.45,2.25,4.25,9.25,2.3,1.56
D,Apr 18 2021 - 12:30pm,Arsenal,Fulham,Craig Pawson,1.47,0.95,1,1,2,0,0,0,11,1,0,0,3,0,0,0,0,3,18,4,5,2,13,2,8,10,69,31,2.02,0.61,2.3,50,67,44,17,7,27,50,40,73,9.4,3.07,1.83,3.65,4.7,1.36,2,3.45,6.75,1.91,1.8
W,Apr 18 2021 - 3:00pm,Manchester United,Burnley,Jonathan Moss,1.63,1.11,3,1,4,0,0,0,8,3,1,0,2,0,1,0,0,2,18,10,9,3,9,7,9,12,69,31,2.34,1.13,2.9,40,57,54,37,24,37,64,40,74,9.93,3.4,1.36,5.25,8.75,1.25,1.67,2.75,5.25,2,1.71
D,Apr 19 2021 - 7:00pm,Leeds United,Liverpool,Anthony Taylor,1.53,1.89,1,1,2,1,0,1,10,8,2,0,1,0,2,0,1,0,12,18,5,8,7,10,7,16,61,39,1.49,2.12,2.87,50,70,47,30,17,34,63,47,70,11.8,2.8,4.75,4.6,1.65,1.18,1.53,2.3,3.95,1.59,2.25
D,Apr 20 2021 - 7:15pm,Chelsea,Brighton & Hove Albion,Stuart Attwell,1.74,1.05,0,0,0,0,0,0,0,3,2,0,1,1,2,0,0,2,7,12,4,3,3,9,8,9,64,36,1.07,1.24,2.64,47,74,50,27,14,34,77,40,70,11.4,2.46,1.71,3.8,6,1.42,2.25,4,8.5,2.15,1.62
W,Apr 21 2021 - 5:00pm,Tottenham Hotspur,Southampton,David Coote,1.74,0.84,2,1,3,1,0,1,5,5,2,0,1,0,1,1,0,1,14,11,4,6,10,5,11,15,61,39,1.54,1.33,3.13,46,81,49,32,22,39,84,39,81,8.57,3.15,2,3.65,3.8,1.27,1.74,2.8,5,1.62,2.15
L,Apr 21 2021 - 7:15pm,Aston Villa,Manchester City,Peter Bankes,1.32,2.37,1,2,3,3,1,2,1,11,1,1,1,1,0,2,2,0,8,14,3,4,5,10,13,6,28,72,0.75,1.62,2.77,42,72,49,31,14,31,65,42,69,11.83,2.99,8.25,4.85,1.39,1.27,1.74,2.85,5.75,2,1.8
W,Apr 22 2021 - 7:00pm,Leicester City,West Bromwich Albion,Andy Madley,1.47,0.58,3,0,3,3,3,0,7,3,0,0,2,0,0,0,0,2,18,4,8,2,10,2,13,13,72,28,1.99,0.59,2.94,50,84,50,30,17,43,80,44,77,7.26,3,1.65,4,5.5,1.29,1.8,2.95,6,1.8,1.91
L,Apr 23 2021 - 7:00pm,Arsenal,Everton,Jonathan Moss,1.47,1.95,0,1,1,0,0,0,7,3,1,0,3,0,1,0,0,3,15,9,4,2,11,7,13,10,59,41,1.77,0.9,2.39,49,71,48,13,10,39,59,29,74,9.35,3.24,2.05,3.45,3.8,1.35,2,3.3,6.5,1.8,1.91
D,Apr 24 2021 - 11:30am,Liverpool,Newcastle United,Andre Marriner,1.74,1.16,1,1,2,1,1,0,6,3,2,0,1,0,1,1,1,0,23,7,10,4,13,3,10,7,68,32,2.63,0.92,2.57,41,79,44,19,10,32,66,41,81,11.07,2.87,1.25,6.5,11,1.16,1.48,2.1,3.55,1.83,1.87
L,Apr 24 2021 - 4:30pm,West Ham United,Chelsea,Chris Kavanagh,1.79,1.79,0,1,1,1,0,1,4,2,0,1,4,0,0,1,2,2,10,18,3,7,7,11,10,11,44,56,1.19,2.02,2.72,54,76,54,32,13,25,78,54,76,10.88,2.63,0,0,0,1.35,2.01,3.4,6.75,1.95,1.77
W,Apr 24 2021 - 7:00pm,Sheffield United,Brighton & Hove Albion,Kevin Friend,0.84,1.05,1,0,1,1,1,0,2,12,3,0,0,0,1,2,0,0,8,18,4,5,4,13,14,7,31,69,1.04,2.04,2.22,44,63,44,13,6,25,72,38,72,9.38,2.88,6,3.95,1.61,1.42,2.2,3.9,8.5,2.25,1.57
L,Apr 25 2021 - 11:00am,Wolverhampton Wanderers,Burnley,Darren England,1.32,1.11,0,4,4,3,0,3,8,5,1,0,2,0,1,0,2,0,12,15,3,8,9,7,9,10,58,42,1.24,1.88,2.38,44,60,44,29,16,38,57,28,72,9.88,2.94,2.05,3.21,3.32,1.46,2.38,4.05,8.25,2,1.74
D,Apr 25 2021 - 1:00pm,Leeds United,Manchester United,Craig Pawson,1.53,2.26,0,0,0,0,0,0,2,6,4,0,1,0,2,2,0,1,7,17,4,5,3,12,20,11,44,56,0.94,1.83,2.66,57,66,50,35,22,44,72,35,69,10.63,3.19,4.25,4.15,1.8,1.2,1.57,2.35,4.15,1.56,2.25
D,Apr 25 2021 - 6:00pm,Aston Villa,West Bromwich Albion,Stuart Attwell,1.32,0.58,2,2,4,2,1,1,11,4,0,0,2,0,0,0,0,2,26,11,12,5,14,6,14,9,70,30,3.07,1.25,2.91,52,77,52,23,16,36,71,46,68,8.07,3.3,2.2,3.4,3.5,1.32,1.91,3.15,6,1.71,2.05
W,Apr 26 2021 - 7:00pm,Leicester City,Crystal Palace,Graham Scott,1.47,1.11,2,1,3,1,0,1,7,2,0,0,1,0,0,0,1,0,15,6,7,4,8,2,13,13,66,34,1.84,0.85,3,46,88,62,36,13,42,81,49,74,9.11,3.04,1.47,4.1,6.4,1.36,2.03,3.45,6.75,2.25,1.56
D,Apr 30 2021 - 7:00pm,Southampton,Leicester City,Robert Jones,1.42,2,1,1,2,0,0,0,0,10,1,1,0,0,1,1,0,0,6,23,4,10,2,13,8,12,29,71,0.78,2.85,2.81,55,81,52,23,20,45,81,36,74,9.86,3.33,4.3,4,1.77,1.33,1.91,3.48,6.8,1.82,1.88
L,May 01 2021 - 11:30am,Crystal Palace,Manchester City,David Coote,1.21,2.37,0,2,2,0,0,0,2,6,2,0,0,0,0,2,0,0,10,21,5,4,5,17,10,11,30,70,1.24,2.07,2.56,44,72,41,28,19,41,72,31,63,9.44,2.56,8.6,5.2,1.36,1.26,1.78,2.82,5.75,2.1,1.67
W,May 01 2021 - 2:00pm,Brighton & Hove Albion,Leeds United,Chris Kavanagh,1.11,1.58,2,0,2,1,1,0,2,9,1,0,1,0,0,1,0,1,18,12,6,2,12,10,16,5,42,58,1.87,1.24,2.94,56,72,60,32,22,41,66,50,82,12.76,3.25,2.42,3.35,2.95,1.31,1.86,2.96,6,1.71,2
W,May 01 2021 - 4:30pm,Chelsea,Fulham,Kevin Friend,1.74,0.95,2,0,2,1,1,0,1,8,1,0,1,0,1,0,0,1,8,11,5,4,3,7,16,10,48,52,1.11,1.34,2.44,47,72,35,29,13,29,54,44,72,10,3.13,1.51,4.1,7.25,1.39,2.1,3.7,8,2.15,1.62
L,May 01 2021 - 7:00pm,Everton,Aston Villa,Simon Hooper,1.16,1.58,1,2,3,2,1,1,3,6,0,0,2,0,0,0,1,1,17,16,4,8,13,8,12,11,47,53,1.69,1.9,2.54,51,69,47,22,10,32,69,47,75,9.62,3.57,2,3.65,3.75,1.31,1.91,3.1,6,1.74,1.95
L,May 02 2021 - 1:00pm,Newcastle United,Arsenal,Mike Dean,1.21,1.74,0,2,2,1,0,1,3,7,2,1,1,0,1,2,1,0,6,20,2,6,4,14,10,8,38,62,0.76,2.22,2.85,63,82,63,31,13,47,75,41,76,9.06,3.82,4.1,3.7,1.8,1.31,1.7,2.97,5.5,1.71,2.05
W,May 02 2021 - 6:15pm,Tottenham Hotspur,Sheffield United,Andre Marriner,1.74,0.37,4,0,4,1,1,0,6,6,1,0,1,0,0,1,1,0,19,9,10,2,9,7,6,8,65,35,2.19,0.96,2.63,44,76,50,22,13,28,79,44,82,8.38,3.88,1.28,5.5,10,1.26,1.7,2.98,4.9,2.2,1.59
D,May 03 2021 - 5:00pm,West Bromwich Albion,Wolverhampton Wanderers,Paul Tierney,0.79,1.05,1,1,2,1,0,1,5,6,2,0,0,0,0,2,0,0,11,20,4,11,7,9,17,11,42,58,1.33,2.31,2.56,32,60,50,32,19,32,63,41,69,9.19,2.88,2.75,3.15,2.8,1.47,2.25,4.05,7.75,1.95,1.77
L,May 03 2021 - 7:15pm,Burnley,West Ham United,Anthony Taylor,0.95,1.63,1,2,3,3,1,2,5,4,2,0,1,0,0,2,0,1,9,23,4,5,5,18,4,7,44,56,1.18,2.28,2.41,53,66,47,19,16,41,69,31,69,8.75,2.87,3.05,3.5,2.35,1.31,1.87,3.05,6,1.69,2.05
L,May 07 2021 - 7:00pm,Leicester City,Newcastle United,Darren England,1.47,1.16,2,4,6,2,0,2,9,6,1,0,1,0,0,1,0,1,26,16,10,8,16,8,11,9,68,32,2.75,1.74,2.74,38,88,47,24,9,39,71,47,79,9.65,3.11,1.52,4.4,6.9,1.33,1.95,2.8,5.25,1.95,1.77
W,May 08 2021 - 11:30am,Leeds United,Tottenham Hotspur,Michael Oliver,1.53,1.53,3,1,4,3,2,1,8,6,1,0,2,0,0,1,0,2,17,13,8,5,9,8,15,10,53,47,2.07,1.5,2.62,53,65,47,24,15,38,77,30,74,10.06,3.35,2.72,3.75,2.25,1.24,1.62,2.85,4.6,1.56,2.25
L,May 08 2021 - 2:00pm,Sheffield United,Crystal Palace,Simon Hooper,0.84,1.11,0,2,2,1,0,1,5,11,1,0,1,0,1,0,1,0,8,22,0,10,8,12,11,7,49,51,0.88,2.45,2.53,46,74,49,22,10,25,73,52,76,8.09,3.32,2.75,3.2,2.47,1.49,2.2,4.05,8.25,1.95,1.77
L,May 08 2021 - 4:30pm,Manchester City,Chelsea,Anthony Taylor,2.16,1.79,1,2,3,1,1,0,6,2,2,0,0,0,1,1,0,0,16,13,4,6,12,7,12,9,48,52,1.58,1.54,2.68,41,71,44,27,18,33,85,44,62,13.41,2.47,1.8,3.55,4.15,1.33,2.1,3.95,8.25,2,1.71
W,May 08 2021 - 7:15pm,Liverpool,Southampton,Kevin Friend,1.74,0.84,2,0,2,1,1,0,8,4,0,0,1,0,0,0,0,1,15,13,7,7,8,6,10,6,53,47,1.96,1.6,3,50,74,53,27,21,38,79,33,79,11.35,2.83,1.4,4.47,6.17,1.17,1.53,2.23,3.75,1.87,1.87
W,May 09 2021 - 11:00am,Wolverhampton Wanderers,Brighton & Hove Albion,Jonathan Moss,1.32,1.05,2,1,3,1,0,1,10,5,2,0,2,2,0,2,0,4,17,7,7,4,10,3,14,7,60,40,2.2,1.03,2.27,50,62,44,18,9,33,68,29,71,11.24,2.71,2.35,3.15,2.9,1.49,2.3,4.15,8.5,2.05,1.69
L,May 09 2021 - 1:05pm,Aston Villa,Manchester United,Chris Kavanagh,1.32,2.26,1,3,4,1,1,0,5,6,2,1,1,0,1,2,0,1,13,19,7,8,6,11,13,18,41,59,1.57,2.23,2.83,55,70,58,39,19,43,64,46,67,10.85,3.22,4.4,3.85,1.77,1.27,1.72,3,5,1.69,2.05
L,May 09 2021 - 3:30pm,West Ham United,Everton,Stuart Attwell,1.79,1.95,0,1,1,1,0,1,5,6,2,0,1,0,0,2,0,1,12,11,0,5,12,6,8,11,68,32,1.32,1.22,2.63,52,76,49,24,13,34,73,36,79,8.27,3.41,2.3,3.35,3.15,1.32,1.81,3.25,6,1.71,2.05
W,May 09 2021 - 6:00pm,Arsenal,West Bromwich Albion,Peter Bankes,1.47,0.58,3,1,4,2,2,0,6,6,1,0,2,0,0,1,0,2,16,11,8,2,8,9,7,9,65,35,1.95,1.12,2.59,53,74,50,18,12,35,65,44,74,7.94,2.82,1.5,4.5,6.5,1.28,1.62,3,5.75,1.91,1.8
L,May 10 2021 - 7:00pm,Fulham,Burnley,David Coote,0.53,1.11,0,2,2,2,0,2,8,4,2,0,0,0,1,1,0,0,23,15,5,6,18,9,14,10,68,32,2.43,1.62,2.27,29,59,47,24,12,38,62,21,65,8.41,3.53,2,3.1,3.75,1.39,2.2,3.5,7,1.83,1.87
L,May 11 2021 - 5:00pm,Manchester United,Leicester City,Craig Pawson,1.63,2,1,2,3,2,1,1,3,4,0,0,0,0,0,0,0,0,5,12,2,3,3,9,9,12,53,47,0.64,1.33,3.13,61,76,58,31,22,39,61,55,85,11.54,3.94,1.95,3.5,3.95,1.35,1.98,3.25,6.25,1.74,2
W,May 11 2021 - 7:15pm,Southampton,Crystal Palace,Andy Madley,1.42,1.11,3,1,4,2,1,1,12,8,2,0,3,0,1,1,1,2,14,12,7,5,7,7,19,15,62,38,1.64,1.38,2.79,52,82,52,27,16,31,85,45,73,8.44,2.97,2.05,3.6,3.3,1.34,1.9,3.35,6.5,1.8,1.91
L,May 12 2021 - 7:15pm,Chelsea,Arsenal,Andre Marriner,1.74,1.74,0,1,1,1,0,1,9,1,0,0,1,0,0,0,0,1,18,7,4,4,14,3,9,7,67,33,2.18,0.93,2.62,38,74,47,32,12,44,74,33,68,10.76,3.23,1.74,3.8,5,1.37,2.05,3.6,7,1.91,1.8
D,May 13 2021 - 5:00pm,Aston Villa,Everton,Martin Atkinson,1.32,1.95,0,0,0,0,0,0,9,1,2,0,1,0,1,1,0,1,14,15,3,5,11,10,9,13,58,42,1.38,1.64,2.68,47,71,50,24,12,38,65,33,71,10,3.7,3.05,3.45,2.4,1.32,1.91,3.1,6,1.69,2.05
L,May 13 2021 - 7:15pm,Manchester United,Liverpool,Anthony Taylor,1.63,1.89,2,4,6,3,1,2,6,4,3,0,0,0,0,3,0,0,18,18,3,9,15,9,10,13,53,47,1.79,2.18,3.24,58,73,55,40,19,30,58,61,82,11.88,3.13,3,3.75,2.3,1.22,1.65,2.55,4.4,1.54,2.3
L,May 14 2021 - 7:00pm,Newcastle United,Manchester City,Kevin Friend,1.21,2.37,3,4,7,4,2,2,4,5,2,0,2,0,1,1,1,1,12,16,6,7,6,9,11,8,17,83,1.31,2.13,2.77,59,85,53,29,15,35,71,44,77,10,3.24,10.25,6,1.29,1.19,1.54,2.4,4.25,2,1.74
L,May 15 2021 - 11:30am,Burnley,Leeds United,Graham Scott,0.95,1.58,0,4,4,1,0,1,6,8,1,0,1,0,0,1,0,1,17,17,5,7,12,10,10,11,48,52,1.85,1.83,2.8,53,74,50,24,18,44,76,38,71,10.53,2.88,3.65,3.9,2,1.21,1.61,2.45,4.25,1.53,2.35
W,May 15 2021 - 2:00pm,Southampton,Fulham,Craig Pawson,1.42,0.95,3,1,4,1,1,0,6,5,0,0,1,0,0,0,1,0,13,10,7,3,6,7,10,16,46,54,1.58,1.19,2.47,53,74,36,24,12,30,68,38,74,8.94,3.18,2.05,3.6,3.8,1.32,1.91,3.25,6.5,1.77,1.95
D,May 15 2021 - 7:00pm,Brighton & Hove Albion,West Ham United,Andre Marriner,1.11,1.63,1,1,2,0,0,0,3,3,1,0,0,0,1,0,0,0,10,17,3,3,7,14,6,4,51,49,1.12,1.68,2.53,56,68,56,24,18,39,62,38,77,10.88,3.18,3.15,3.6,2.3,1.34,1.95,3.2,6,1.77,1.95
W,May 16 2021 - 11:00am,Crystal Palace,Aston Villa,David Coote,1.21,1.58,3,2,5,3,1,2,7,7,3,0,2,0,0,3,0,2,24,21,9,6,15,15,22,12,45,55,2.5,2.15,2.36,41,68,41,15,15,30,68,38,71,8.47,3.23,3.09,3.24,2.29,1.34,1.98,3.05,6,1.71,2
W,May 16 2021 - 1:05pm,Tottenham Hotspur,Wolverhampton Wanderers,Martin Atkinson,1.74,1.05,2,0,2,1,1,0,10,3,1,0,0,0,0,1,0,0,25,15,14,4,11,11,8,11,61,39,3.06,1.53,2.62,44,74,47,30,12,24,74,44,80,8.53,2.59,1.51,4.6,6,1.25,1.74,2.9,5.5,1.87,1.87
L,May 16 2021 - 3:30pm,West Bromwich Albion,Liverpool,Mike Dean,0.79,1.89,1,2,3,2,1,1,9,13,0,0,0,0,0,0,0,0,11,27,4,7,7,20,7,15,23,77,1.21,2.76,3,44,74,50,38,21,35,65,50,74,10.82,2.77,11,6.75,1.25,1.15,1.43,2.1,3.55,1.83,1.87
L,May 16 2021 - 6:00pm,Everton,Sheffield United,Jonathan Moss,1.16,0.37,0,1,1,1,0,1,11,4,1,0,3,0,0,1,1,2,15,12,6,4,9,8,8,11,62,38,1.74,1.36,2.71,50,71,53,27,12,39,71,47,76,9.06,3.88,1.37,5.25,8.5,1.29,1.8,3.05,6,2.1,1.65
D,May 18 2021 - 5:00pm,Manchester United,Fulham,Lee Mason,1.63,0.95,1,1,2,1,1,0,6,1,2,0,3,0,1,1,0,3,15,9,6,6,9,3,11,15,57,43,1.85,1.22,2.92,59,70,48,33,17,28,56,53,84,10.05,3.67,1.31,5.75,9,1.19,1.56,2.4,4.25,1.91,1.8
L,May 18 2021 - 5:00pm,Southampton,Leeds United,Peter Bankes,1.42,1.58,0,2,2,0,0,0,4,4,0,0,3,0,0,0,1,2,19,16,4,8,15,8,12,12,51,49,1.87,1.81,3.22,53,81,61,39,23,48,84,45,83,10.88,2.89,2.55,3.8,2.6,1.2,1.56,2.25,3.75,1.47,2.5
W,May 18 2021 - 6:00pm,Brighton & Hove Albion,Manchester City,Stuart Attwell,1.11,2.37,3,2,5,1,0,1,5,3,3,0,3,1,1,2,1,3,20,9,6,5,14,4,13,12,62,38,2.19,1.04,2.48,50,73,42,25,14,28,64,45,70,12.33,2.89,7,4.55,1.48,1.28,1.8,2.9,6,1.91,1.8
W,May 18 2021 - 7:15pm,Chelsea,Leicester City,Mike Dean,1.74,2,2,1,3,0,0,0,6,5,2,0,5,0,0,2,1,4,18,8,7,4,11,4,15,16,58,42,2.04,1.02,2.7,50,81,48,25,17,42,67,42,75,11.39,3.06,1.8,3.6,5,1.39,2.1,3.75,7.5,2,1.71
W,May 19 2021 - 5:00pm,Everton,Wolverhampton Wanderers,Andy Madley,1.16,1.05,1,0,1,0,0,0,7,12,0,0,2,0,0,0,0,2,14,10,6,4,8,6,11,11,41,59,1.64,1.41,2.56,50,67,45,28,11,34,67,42,72,9.28,2.61,1.74,3.85,4.95,1.36,2.05,3.5,7,1.95,1.77
W,May 19 2021 - 5:00pm,Newcastle United,Sheffield United,Robert Jones,1.21,0.37,1,0,1,1,1,0,5,2,0,0,2,0,0,0,2,0,18,11,7,2,11,9,8,7,50,50,1.96,1.27,2.81,56,78,59,25,17,31,72,50,81,8.55,4.39,1.83,3.8,4.25,1.26,1.74,2.8,5.25,1.67,2.1
L,May 19 2021 - 5:00pm,Tottenham Hotspur,Aston Villa,Craig Pawson,1.74,1.58,1,2,3,3,1,2,4,5,1,0,1,0,1,0,0,1,11,23,5,6,6,17,14,13,60,40,1.43,2.16,2.61,44,78,50,22,11,25,81,44,84,9.56,3.33,1.5,4.9,6,1.19,1.53,2.3,3.95,1.62,2.15
L,May 19 2021 - 6:00pm,Crystal Palace,Arsenal,Anthony Taylor,1.21,1.74,1,3,4,1,0,1,6,7,2,0,1,0,2,0,1,0,13,7,6,4,7,3,7,7,31,69,1.59,1.3,2.59,42,70,45,28,17,47,75,31,64,8.45,3.22,5.75,4.25,1.61,1.3,1.87,3.15,6,1.87,1.83
L,May 19 2021 - 7:15pm,Burnley,Liverpool,Chris Kavanagh,0.95,1.89,0,3,3,1,0,1,6,7,0,0,0,0,0,0,0,0,11,21,5,4,6,17,10,7,41,59,1.6,1.98,2.67,56,75,42,25,12,31,70,47,64,11,2.39,9.5,6.5,1.29,1.13,1.39,1.95,3.15,1.74,2
L,May 19 2021 - 7:15pm,West Bromwich Albion,West Ham United,Michael Oliver,0.79,1.63,1,3,4,2,1,1,6,8,2,0,2,0,2,0,1,1,16,22,5,9,11,13,8,11,52,48,1.79,2.36,2.81,47,70,62,31,22,50,67,33,78,9.22,3,5.5,4.45,1.61,1.24,1.62,2.45,4.4,1.69,2.05
W,May 23 2021 - 3:00pm,Arsenal,Brighton & Hove Albion,Jonathan Moss,1.47,1.05,2,0,2,0,0,0,11,3,0,0,0,0,0,0,0,0,18,6,7,2,11,4,10,8,53,47,2.11,0.79,2.31,50,64,53,14,6,28,67,39,70,10.94,2.67,1.7,3.8,5,1.22,1.87,3.3,4.75,1.67,2.1
W,May 23 2021 - 3:00pm,Aston Villa,Chelsea,Stuart Attwell,1.32,1.79,2,1,3,1,1,0,2,9,3,0,4,1,0,3,2,3,6,25,4,8,2,17,12,13,28,72,0.83,2.79,2.64,47,67,53,28,11,28,70,47,64,12.11,3.11,7,4.75,1.4,1.22,1.67,3.05,4.7,1.8,1.91
L,May 23 2021 - 3:00pm,Fulham,Newcastle United,Chris Kavanagh,0.53,1.16,0,2,2,1,0,1,5,4,1,0,0,0,0,1,0,0,14,11,2,5,12,6,12,8,64,36,1.56,1.25,2.28,34,75,36,12,9,34,61,37,72,8.89,3.89,2.38,3.4,3,1.26,1.9,3.45,5.25,1.65,2.15
W,May 23 2021 - 3:00pm,Leeds United,West Bromwich Albion,David Coote,1.53,0.58,3,1,4,2,2,0,8,3,2,0,1,0,1,1,1,0,19,14,10,3,9,11,12,11,64,36,2.32,1.36,2.72,56,72,47,25,17,42,78,36,70,8.44,3.28,1.6,4.33,5,1.18,1.38,2.62,1.86,1.61,2.15
L,May 23 2021 - 3:00pm,Leicester City,Tottenham Hotspur,Anthony Taylor,1.47,1.53,2,4,6,2,1,1,8,7,0,0,2,0,0,0,0,2,11,12,7,5,4,7,8,5,47,53,1.53,1.54,3.06,53,81,62,36,14,50,83,39,81,9.89,2.94,2,3.75,3.6,1.18,1.6,2.88,3.95,1.53,2.35
W,May 23 2021 - 3:00pm,Liverpool,Crystal Palace,Craig Pawson,1.74,1.11,2,0,2,1,1,0,14,1,2,0,2,0,0,2,0,2,20,6,6,5,14,1,10,8,69,31,2.29,0.82,2.78,53,81,56,28,11,31,81,42,81,11.11,2.67,1.2,6.5,13,1.11,1.36,1.98,3.05,1.95,1.74
W,May 23 2021 - 3:00pm,Manchester City,Everton,Michael Oliver,2.16,1.95,5,0,5,2,2,0,7,5,2,0,2,0,1,1,2,0,23,9,12,4,11,5,7,10,67,33,2.59,1.02,2.59,42,72,42,20,17,39,78,31,67,11,3,1.33,5.25,8,1.19,1.61,2.68,4.05,1.74,1.95
W,May 23 2021 - 3:00pm,Sheffield United,Burnley,Kevin Friend,0.84,1.11,1,0,1,1,1,0,8,9,3,0,1,0,2,1,0,1,13,9,4,4,9,5,11,2,43,57,1.46,1.39,2.34,31,61,42,25,12,33,67,31,70,8.5,3,2.88,3.3,2.5,1.35,1.88,2.75,4.9,1.62,2.15
W,May 23 2021 - 3:00pm,West Ham United,Southampton,Martin Atkinson,1.79,0.84,3,0,3,2,2,0,2,3,0,0,3,0,0,0,0,3,14,19,7,3,7,16,5,9,36,64,1.7,1.68,3.06,50,78,53,31,20,31,83,48,78,9.22,3.11,1.7,3.8,5,1.22,1.76,3.25,4.45,1.62,2.15
L,May 23 2021 - 3:00pm,Wolverhampton Wanderers,Manchester United,Mike Dean,1.32,2.26,1,2,3,3,1,2,6,2,4,0,1,0,2,2,0,1,15,10,5,5,10,5,13,3,57,43,1.83,1.24,2.53,59,67,50,36,17,42,62,39,75,10.89,3.11,2.35,3.65,2.95,1.33,1.91,3.05,5.75,1.74,1.95
