,Player,Goals,Assists,SpG,KeyP,Drb,Fouled,Off,Disp,UnsTch,Rating
0,Cristiano Ronaldo,31,5,6.3,1.5,1.6,1.8,0.9,1,2.2,7.82
1,Josip Ilicic,15,5,3.1,2.1,2.3,2.3,0.1,1.8,2,7.65
2,Ciro Immobile,36,9,3.8,1.6,0.6,1,0.6,0.8,2.6,7.57
3,Luis Alberto,6,15,2.7,2.9,2,1.1,0.0,1.3,1.4,7.55
4,Papu Gómez,7,16,2.6,2.8,1.8,2.1,0.1,1.1,1.6,7.55
5,Gianluca Pegolo,0.0,0.0,0.0,0.0,0.0,0.0,0.0,0.0,0.0,7.54
6,Zlatan Ibrahimovic,10,5,3.7,1.4,0.7,0.9,1.1,0.9,2,7.51
7,Edin Dzeko,16,7,3.5,1.5,1,1.4,0.5,1.1,2.4,7.48
8,Domenico Berardi,14,10,3.9,1.9,1.3,2.1,0.2,1,2.1,7.45
9,Paulo Dybala,11,6,3,2.1,2,1.6,0.2,1.2,1.8,7.44
10,Duván Zapata,18,6,3.2,1.4,0.8,1.6,0.4,2.2,3.4,7.41
11,Kevin Bonifazi,1,0.0,1,0.3,0.3,0.3,0.0,0.3,0.3,7.35
12,Romelu Lukaku,23,2,2.8,1.5,0.6,0.6,0.6,1.9,1.9,7.3
13,Demba Thiam ,0.0,0.0,0.0,0.0,0.0,0.0,0.0,0.0,0.0,7.3
14,Andrea Ranocchia,0.0,0.0,0.6,0.1,0.3,0.6,0.0,0.0,0.4,7.29
15,Musa Barrow,9,2,3.6,1.9,1.9,0.7,0.1,1,3.3,7.28
16,Sergej Milinkovic-Savic,7,4,2.4,1.3,1.1,1.2,0.2,1.3,2.2,7.27
17,Rodrigo de Paul,7,6,2.5,2.3,1.8,2.2,0.1,1.4,2.1,7.25
18,Antonio Mirante,0.0,0.0,0.0,0.0,0.2,0.0,0.0,0.0,0.0,7.23
19,Robin Gosens,9,8,1.5,1.2,0.5,1.1,0.2,0.3,1.1,7.22
20,Radja Nainggolan,6,7,2.5,1.9,1.5,1.1,0.0,1.7,2.0,7.21
21,Theo Hernández,6,3,1.5,1.3,1.7,2.1,0.2,0.6,1.5,7.19
22,Hakan Calhanoglu,9,9,2.9,2.0,0.8,0.8,0.0,0.9,1.8,7.19
23,Jeremie Boga,11,2,1.7,1.0,3.9,1.6,0.3,1.4,1.9,7.17
24,Joaquín Correa,9,2,2.6,1.1,1.7,1.6,0.2,0.9,1.9,7.16
25,Marcelo Brozovic,3,6,1.7,1.2,0.8,0.6,0.0,0.6,1.2,7.15
26,Aleksandar Kolarov,7,3,2.3,1.8,0.6,0.9,0.1,0.3,0.7,7.14
27,Manuel Locatelli,0.0,5,1.0,1.5,1.5,1.8,0.0,0.9,1.2,7.13
28,Andrea Belotti,16,3,2.9,1.2,1.3,2.9,0.6,1.7,2.6,7.12
29,Dejan Kulusevski ,10,8,1.7,2.2,2.1,1.1,0.2,2.3,3.5,7.12
30,Stefano Sensi,3,2,2.4,1.2,1.0,1.2,0.0,0.9,1.3,7.11
31,Juan Cuadrado,2,5,0.6,1.3,1.3,2.4,0.1,0.8,1.0,7.11
32,Lorenzo Insigne,8,6,3.3,2.3,1.5,0.8,0.2,1.3,1.6,7.11
33,Rodrigo Bentancur,0.0,7,0.5,1.5,1.2,0.9,0.1,0.6,0.8,7.1
34,Henrikh Mkhitaryan,9,5,2,1.2,1.0,1.2,0.0,0.9,1.7,7.09
35,Filippo Falco,4,6,1.9,1.8,2.0,2.8,0.2,1.2,1.2,7.08
36,Sebastián Cristóforo,0.0,0.0,0.0,3.0,1.0,2.0,0.0,3.0,2.0,7.08
37,Francesco Caputo,21,7,2,1.5,0.6,1.3,0.6,1.2,1.6,7.08
38,Miralem Pjanic,3,6,0.7,1.9,0.5,0.8,0.0,0.4,0.9,7.08
39,Ismaël Bennacer,1,0.0,0.5,0.9,2.4,1.2,0.0,1.0,1.3,7.07
40,Diego Godín,1,1,0.5,0.4,0.7,0.7,0.1,0.5,0.4,7.07
41,Christian Kouamé,5,2,2,1.3,0.9,2.2,0.5,1.9,2.9,7.07
42,Riccardo Saponara,2,4,2,2.5,1.5,1.3,0.2,1.5,1.5,7.07
43,Federico Chiesa,10,6,3.3,1.4,1.5,1.4,0.2,1.4,1.9,7.05
44,Lorenzo Pellegrini,1,9,2.1,2.4,0.9,1.2,0.1,0.7,2.6,7.05
45,Merih Demiral,1,1,0.3,0.2,0.0,0.2,0.2,0.0,0.0,7.05
46,Simone Colombi ,0.0,0.0,0.0,0.0,0.0,0.0,0.0,0.0,0.0,7.05
47,João Pedro,18,4,2.4,0.9,0.7,2.1,0.3,1,2.4,7.05
48,Miguel Veloso,3,4,1.1,1.7,0.9,0.4,0.0,0.4,0.8,7.05
49,Franck Ribéry,3,3,1.1,1.7,2.5,1.9,0.1,2.4,2.7,7.04
50,Erick Pulgar,7,6,0.9,2.2,0.3,0.9,0.1,0.4,0.9,7.03
51,Andreas Cornelius ,12,3,1.8,0.8,0.5,1.2,0.1,1.4,2.4,7.03
52,Fabián Ruiz,3,6,2.2,1.5,1,0.8,0.0,0.9,0.9,7.03
53,Jesse Joronen,0.0,0.0,0.0,0.0,0.0,0.1,0.0,0.0,0.0,7.01
54,Chris Smalling,3,2,0.6,0.3,0.2,0.3,0.0,0.1,0.2,7.0
55,Ruslan Malinovskiy,8,3,2.3,1.4,1.4,1.6,0.1,1.2,1.6,7.0
56,Mauro Vigorito,0.0,0.0,0.0,0.0,0.0,0.2,0.0,0.0,0.0,7.0
57,Marco Faraoni,5,3,1.2,0.9,0.8,1.1,0.1,0.4,1.2,6.99
58,Lautaro Martínez,14,3,3.6,0.9,1.1,2.1,0.6,1.3,2.9,6.99
59,Salvatore Bocchetti,0.0,0.0,0.0,0.0,0.0,0.4,0.2,0.0,0.0,6.98
60,Juraj Kucka ,6,3,1.8,0.7,1,2.1,0.1,1.2,1.7,6.98
61,Francesco Acerbi,2,2,0.4,0.2,0.4,1.1,0.1,0.2,0.3,6.98
62,Alex Sandro,1,3,0.6,1.1,1.3,1.6,0.0,0.6,0.8,6.97
63,Gastón Ramírez,7,2,1.5,1.3,1.8,1.6,0.1,1,1.9,6.96
64,José Luis Palomino,2,1,0.5,0.2,0.2,0.6,0.0,0.1,0.7,6.96
65,Dries Mertens,9,7,2.5,1.7,0.7,0.8,0.2,0.6,0.8,6.96
66,Wojciech Szczesny,0.0,0.0,0.0,0.0,0.0,0.1,0.0,0.0,0.0,6.96
67,Alessio Cragno,0.0,0.0,0.0,0.1,0.0,0.1,0.0,0.0,0.0,6.96
68,Ashley Young,4,4,0.8,1.2,0.8,1.2,0.2,0.2,0.8,6.96
69,Luis Muriel,18,1,2.3,1.1,0.9,0.8,0.1,1.2,1.9,6.95
70,Pietro Terracciano,0.0,0.0,0.0,0.1,0.0,0.3,0.0,0.0,0.0,6.95
71,Suso,1,2,1.9,2.6,1.6,1.8,0.1,1.4,1.1,6.94
72,Gaetano Castrovilli,3,2,1.5,1.1,2.8,2.4,0.0,1.9,2.6,6.94
73,Mario Pasalic,9,5,1.7,1.2,0.6,0.7,0.0,0.7,1.3,6.94
74,Kwadwo Asamoah,0.0,1,0.4,1.4,1.5,0.8,0.3,0.8,0.5,6.94
75,Alexis Sánchez,4,8,1,1.5,1,1.5,0.4,0.8,1.5,6.94
76,Robin Olsen,0.0,0.0,0.0,0.0,0.0,0.2,0.0,0.0,0.1,6.93
77,Juan Musso,0.0,0.0,0.0,0.1,0.0,0.1,0.0,0.0,0.1,6.93
78,Roberto Gagliardini,4,2,1.4,0.8,0.4,1.0,0.2,0.6,1.1,6.92
79,Stefan de Vrij,4,3,0.6,0.3,0.2,0.3,0.0,0.0,0.3,6.92
80,Giuseppe Pezzella,0.0,0.0,0.0,1.0,1,0.0,0.0,1,0.0,6.92
81,Bremer,3,1,0.5,0.2,0.6,0.7,0.1,0.3,0.6,6.92
82,Roberto Soriano,5,5,1.3,1.9,1,1.6,0.1,1,1.1,6.91
83,Berat Djimsiti,2,1,0.6,0.4,0.2,1.1,0.0,0.2,0.5,6.91
84,Marten de Roon,2,5,0.9,1.0,0.3,0.6,0.0,0.3,0.6,6.9
85,Seko Fofana,3,7,1.4,1.5,2.2,0.6,0.0,1,1.2,6.89
86,Riccardo Orsolini,8,6,2.4,1.5,1.4,2.1,0.4,1.3,2.3,6.89
87,Alex Berenguer,6,2,1.4,1.2,2.2,1.4,0.3,1.7,1.9,6.88
88,Arkadiusz Milik,11,0.0,2.6,0.8,0.3,1.1,0.5,0.6,1.5,6.88
89,Kingsley Michael,0.0,0.0,0.0,1.0,0.0,0.0,0.0,0.0,1,6.88
90,Nicolò Zaniolo,6,2,1.8,0.9,2.2,1.7,0.1,1.8,2,6.87
91,Cengiz Ünder,3,0.0,1.5,1.5,1.8,0.9,0.0,0.6,1.4,6.87
92,Luigi Sepe ,0.0,0.0,0.0,0.1,0.0,0.1,0.0,0.0,0.0,6.87
93,Daniele Baselli,0.0,2,0.4,1.1,0.6,0.9,0.0,0.7,1.4,6.87
94,Senad Lulic,0.0,2,0.8,1.1,1.3,0.6,0.4,0.9,0.8,6.87
95,Lucas Leiva,0.0,1,0.4,0.8,0.2,0.8,0.0,0.4,0.6,6.87
96,Giovanni Di Lorenzo,3,3,0.6,0.9,0.6,1.6,0.1,0.6,1,6.86
97,Marko Rog,1,1,1,1.0,1.8,1.4,0.0,1.2,1.4,6.86
98,Sandro Tonali,1,7,0.8,1.9,1.1,1.7,0.0,0.9,1.4,6.86
99,Simone Pinna,0.0,0.0,0.0,2.0,0.0,0.0,0.0,1,1,6.86
100,Alessio gnoli,1,0.0,0.4,0.3,0.1,0.6,0.0,0.0,0.2,6.86
101,Hernani ,0.0,4,1.1,0.9,1.1,0.6,0.1,0.7,0.9,6.86
102,Riccardo Gagliolo ,3,2,1,0.7,0.5,1.2,0.1,0.2,0.6,6.85
103,Etrit Berisha ,0.0,0.0,0.0,0.0,0.0,0.2,0.0,0.0,0.0,6.85
104,Simon Kjaer,0.0,0.0,0.4,0.0,0.0,0.2,0.0,0.1,0.3,6.85
105,Matteo Scozzarella ,0.0,3,0.3,0.9,0.4,0.6,0.0,0.4,0.5,6.85
106,Ante Rebic,11,3,1.6,1.2,0.9,0.5,0.1,0.8,2.1,6.85
107,Salvatore Sirigu,0.0,0.0,0.0,0.1,0.0,0.1,0.0,0.0,0.0,6.85
108,Stefano Sturaro,1,2,1.1,0.7,1.1,2.0,0.1,1,1.9,6.84
109,Domenico Criscito,8,0.0,0.9,0.8,0.3,1.6,0.0,0.3,0.5,6.84
110,Gonzalo Higuaín,8,4,2.3,1.2,0.7,0.5,0.4,0.6,1.1,6.84
111,Luca Gagliano,1,1,1.0,0.5,0.0,0.5,0.0,0.0,1.0,6.84
112,Mário Rui,0.0,2,1.3,1.5,1,2.3,0.1,0.6,0.7,6.83
113,Fabio Quagliarella,11,3,3.6,1.3,0.5,1.1,0.8,0.9,2.1,6.83
114,Samu Castillejo,2,3,1.3,1.9,0.9,0.9,0.3,0.9,1.4,6.83
115,Rodrigo Palacio,7,3,1.7,1.5,1,1.5,0.8,1.4,3.1,6.83
116,Gianluca Lapadula,11,0.0,2.4,0.9,0.7,2.3,1,1.4,2.1,6.83
117,Adrien Rabiot,1,1,0.7,0.5,1.3,1.0,0.0,0.9,1.2,6.82
118,Jasmin Kurtic ,2,0.0,2.9,1.6,1.1,2.0,0.1,1,1.0,6.82
119,Manolo Gabbiadini,11,1,2.6,1.2,0.4,1.2,0.5,0.8,1.2,6.82
120,Stefan Radu,1,0.0,0.1,0.4,0.6,0.7,0.0,0.1,0.4,6.82
121,Takehiro Tomiyasu,1,3,0.7,0.6,1.1,1.0,0.0,0.6,1,6.81
122,Filip Djuricic,5,5,1.4,1.3,1.2,1.6,0.1,1.2,1.5,6.81
123,Thomas Strakosha,0.0,0.0,0.0,0.1,0.0,0.1,0.0,0.0,0.0,6.81
124,Matteo Politano,2,2,1.3,1.3,1.2,1.1,0.0,0.7,0.9,6.81
125,Antonio Candreva,5,7,1.3,1.5,0.3,0.6,0.4,0.3,0.9,6.81
126,Gianluigi Donnarumma,0.0,0.0,0.0,0.0,0.0,0.1,0.0,0.0,0.0,6.81
127,Ken Sema,2,1,0.5,1.2,1.6,0.5,0.1,0.8,1.3,6.8
128,Cristian Romero,1,1,0.5,0.3,0.6,0.8,0.1,0.1,0.3,6.8
129,Rafael Tolói,2,6,0.8,0.5,0.3,0.5,0.1,0.2,0.5,6.8
130,Remo Freuler,2,2,0.6,0.8,0.5,1.1,0.0,0.6,1.1,6.8
131,Darko Lazovic,3,7,0.9,1.4,1,0.4,0.5,0.5,1.1,6.8
132,Nicolò Barella,1,4,0.9,0.9,1.3,1.4,0.1,0.9,1.4,6.8
133,Amir Rrahmani,0.0,1,1.2,0.4,0.3,0.5,0.0,0.4,0.4,6.8
134,Tomás Rincón,1,3,0.5,0.9,0.9,1.5,0.0,0.8,1.3,6.8
135,Piotr Zielinski,2,4,2.1,1.4,1.2,1.5,0.0,1,1,6.79
136,Marash Kumbulla,1,0.0,0.4,0.1,0.1,1.0,0.0,0.2,0.4,6.79
137,Marco Silvestri,0.0,0.0,0.0,0.0,0.0,0.1,0.0,0.0,0.0,6.79
138,Nikola Maksimovic,1,1,0.2,0.3,0.4,0.3,0.0,0.1,0.3,6.79
139,Stefano Turati,0.0,0.0,0.0,0.0,0.0,1.0,0.0,0.0,0.0,6.79
140,Matthijs de Ligt,4,0.0,0.6,0.1,0.0,0.6,0.0,0.1,0.3,6.79
141,Cristian Ansaldi,4,4,1.1,1.2,1.3,1.1,0.1,1.1,1.5,6.78
142,Lasse Schöne,2,3,1.1,1.3,0.9,1,0.0,1.1,0.9,6.78
143,Mattia Zaccagni,2,5,0.8,1,1.8,2.4,0.3,0.9,1.5,6.78
144,Simone Verdi,2,6,1.6,1.4,1.5,1.4,0.1,0.9,1.5,6.78
145,Kevin Malcuit,0.0,0.0,0.5,0.5,0.8,1,0.0,0.8,0.8,6.78
146,Gianluca Mancini,1,0.0,0.7,0.4,0.3,0.8,0.1,0.3,0.3,6.78
147,Andrea Petagna ,12,1,3.1,1,1.5,2,0.4,2.1,2.6,6.78
148,Germán Pezzella,3,1,1,0.2,0.0,0.7,0.0,0.1,0.2,6.78
149,Lorenzo Andrenacci,0.0,0.0,0.0,0.0,0.0,0.0,0.0,0.0,0.0,6.77
150,Ola Aina,0.0,2,0.4,0.7,1.5,1.1,0.1,0.7,1.0,6.77
151,Danilo D'Ambrosio,4,0.0,0.3,0.3,0.4,0.9,0.2,0.3,0.8,6.77
152,Sofyan Amrabat,1,1,0.6,0.9,2.2,1.8,0.0,1.6,1.7,6.77
153,Karol Linetty,4,3,1.1,1,1.3,1.2,0.0,0.9,1.8,6.77
154,Bruno Peres,2,2,0.9,0.8,0.5,0.9,0.1,0.4,1.1,6.77
155,Cristiano Biraghi,2,6,0.3,1.2,0.4,0.8,0.1,0.1,0.7,6.77
156,Ernesto Torregrossa,7,3,2.5,0.8,1.2,3.3,0.6,1.7,3.2,6.77
157,Mattia Bani,4,0.0,0.6,0.1,0.0,1.3,0.0,0.1,0.5,6.77
158,Alessandro Bastoni,2,0.0,0.3,0.5,0.4,1.1,0.0,0.3,0.5,6.76
159,Giorgio Chiellini,1,0.0,0.3,0.0,0.3,0.5,0.0,0.0,0.3,6.76
160,Luiz Felipe,1,1,0.3,0.2,0.2,0.6,0.1,0.2,0.4,6.76
161,Adama Soumaoro,1,0.0,0.1,0.3,0.0,0.0,0.1,0.0,0.3,6.76
162,Luca Ceppitelli,2,0.0,0.3,0.1,0.0,0.6,0.0,0.1,0.3,6.76
163,Jasmin Kurtic ,2,1,1.2,1.2,0.4,0.9,0.1,0.5,1.0,6.76
164,Joseph Alfred Duncan,1,1,1.2,0.4,1.6,0.8,0.0,1.6,1.4,6.75
165,Douglas Costa,1,4,0.8,1.3,1.9,0.4,0.1,0.7,1.1,6.75
166,Rogerio,1,1,0.7,0.8,0.8,1.1,0.0,0.3,0.7,6.75
167,Armando Izzo,1,0.0,0.4,0.5,0.3,1.1,0.0,0.2,0.4,6.75
168,José Callejón,4,7,1.3,1.9,0.3,1.3,0.3,0.2,0.6,6.75
169,Franck Kessié,4,1,1.1,0.9,0.7,0.6,0.0,1,1.5,6.75
170,Stefano Sabelli,0.0,3,0.4,1.1,0.7,2.2,0.0,0.4,1.3,6.75
171,Koray Günter,0.0,0.0,0.2,0.1,0.2,0.4,0.0,0.1,0.4,6.75
172,Nikola Milenkovic,5,0.0,0.8,0.2,0.2,0.5,0.0,0.2,0.5,6.75
173,Samir Handanovic,0.0,0.0,0.0,0.1,0.0,0.2,0.0,0.0,0.0,6.74
174,Jordan Veretout,6,0.0,0.9,1.2,0.9,0.5,0.0,0.4,0.8,6.74
175,Matteo Pessina,7,0.0,0.9,0.6,0.7,1.5,0.2,0.9,1.7,6.74
176,Omar Colley,0.0,1,0.8,0.3,0.1,0.5,0.1,0.1,0.4,6.73
177,Mattia Caldara,0.0,1,0.4,0.1,0.1,0.5,0.1,0.1,0.6,6.73
178,Luca Cigarini,0.0,4,0.3,2.0,0.3,1.3,0.0,0.4,0.8,6.73
179,Justin Kluivert,4,1,1.5,1.0,1.5,1.3,0.0,0.8,1.6,6.73
180,Mattia De Sciglio,0.0,0.0,0.1,0.2,1.1,0.3,0.0,0.6,0.8,6.73
181,Gabriel,0.0,0.0,0.0,0.0,0.0,0.1,0.0,0.0,0.0,6.73
182,Mattia Valoti ,3,1,1.1,0.9,1.2,1.7,0.1,0.9,1.6,6.73
183,Carles Pérez,1,3,1.5,0.7,1,0.6,0.0,0.8,1.3,6.72
184,Stefano Okaka,8,2,1.7,0.8,1.3,2.0,0.6,2.1,2.6,6.72
185,Andrea Consigli,0.0,0.0,0.0,0.1,0.0,0.1,0.0,0.0,0.0,6.72
186,Maya Yoshida,0.0,1,0.4,0.4,0.1,0.4,0.0,0.1,0.1,6.72
187,Kalidou Koulibaly,0.0,0.0,0.6,0.4,0.4,0.6,0.0,0.2,0.4,6.72
188,Giovanni Simeone,12,3,2.4,0.5,0.9,1.4,0.6,1.4,3,6.72
189,Antonio Sanabria,6,2,1.7,0.6,0.9,1.1,0.2,0.7,2,6.72
190,Rafael Leão,6,1,1.4,1.0,1.3,0.5,0.2,0.7,1.4,6.72
191,Timothy Castagne,1,2,0.7,0.8,0.5,0.3,0.2,0.4,0.9,6.72
192,Fabio Borini,3,0.0,2.8,0.5,0.7,1.9,0.3,1.2,0.9,6.71
193,Mario Balotelli,5,0.0,3.8,0.5,0.5,2.7,0.4,0.5,1.8,6.71
194,Giacomo Bonaventura,3,5,1.5,0.9,0.8,1.1,0.1,0.6,1.2,6.71
195,Kostas Manolas,4,0.0,0.7,0.1,0.0,0.6,0.0,0.1,0.3,6.71
196,Amadou Diawara,1,1,0.5,0.7,0.5,0.8,0.0,0.1,0.2,6.71
197,Dimitri Bisoli,1,1,1.0,0.8,0.8,1.8,0.2,1.4,1.6,6.7
198,Nicola Sansone,4,3,2.4,1.4,1.3,2.3,0.2,1.4,1.6,6.7
199,Ibañez,0.0,0.0,0.3,0.3,0.2,1.4,0.0,0.4,0.7,6.7
200,Victor Moses,0.0,3,0.4,0.8,1.1,0.8,0.0,0.2,0.8,6.7
201,Leonardo Bonucci,3,0.0,0.6,0.3,0.1,0.5,0.0,0.1,0.2,6.7
202,Kevin Agudelo,1,1,1,1.2,2.5,1.1,0.1,1.5,1.5,6.7
203,Adam Marusic,2,1,0.7,0.5,0.5,0.7,0.0,0.4,0.2,6.69
204,Elseid Hysaj,1,2,0.3,1.1,0.7,0.9,0.0,0.3,0.4,6.69
205,Bartlomiej Dragowski,0.0,0.0,0.0,0.0,0.0,0.2,0.0,0.0,0.1,6.69
206,Bram Nuytinck,0.0,0.0,0.2,0.3,0.1,0.3,0.0,0.0,0.2,6.69
207,Paolo Faragò,1,1,0.6,0.7,0.6,0.7,0.0,0.5,0.9,6.69
208,Albin Ekdal,0.0,2,0.5,0.7,0.8,1.8,0.0,0.8,1.1,6.68
209,Riccardo Calafiori,0.0,0.0,0.0,0.0,0.0,1.0,0.0,0.0,2.0,6.68
210,Diego Perotti,5,3,0.7,1.0,1.4,1.1,0.0,0.7,0.3,6.68
211,Felipe Caicedo,9,2,1.0,0.8,0.4,0.7,0.3,0.7,1.1,6.68
212,Matías Vecino,2,2,1.4,0.8,0.3,0.6,0.2,0.6,0.6,6.68
213,Leonardo Spinazzola,1,2,0.6,0.9,1.0,0.1,0.0,0.4,1.1,6.67
214,Soualiho Meité,0.0,2,0.7,0.7,1.9,1.1,0.0,1.1,1.4,6.67
215,Gervinho ,7,4,1.8,0.8,1.6,0.4,0.6,1.3,2.4,6.67
216,Joseph Alfred Duncan,1,5,1.2,0.9,1.0,1.0,0.0,1.1,1.5,6.67
217,Nicolas Nkoulou,1,0.0,0.3,0.1,0.3,0.8,0.0,0.3,0.4,6.67
218,Davide Biraschi,0.0,1,0.3,0.3,1.5,1.0,0.0,0.9,1.0,6.67
219,Rolando Mandragora,0.0,2,2.1,1.3,0.5,0.8,0.0,0.6,1.0,6.67
220,Dalbert,0.0,5,0.6,1.2,0.5,1.1,0.1,0.7,1.1,6.66
221,Simone Zaza,6,1,2.0,0.5,0.4,1.4,0.4,1.1,3.4,6.66
222,Hans Hateboer,0.0,4,0.6,1.4,0.3,0.6,0.2,0.6,0.9,6.66
223,Federico Mattiello,0.0,1,0.4,0.4,0.6,1.3,0.1,0.7,0.8,6.66
224,Allan,2,1,0.5,0.7,0.8,1.0,0.0,0.7,1.3,6.66
225,Christian Kouamé,1,1,1.4,0.7,1.1,0.9,0.0,1.7,2,6.66
226,Gregoire Defrel,3,3,1.2,0.6,0.6,0.7,0.2,0.8,1.5,6.66
227,Nehuén Paz,0.0,1,0.7,0.3,0.0,0.7,0.0,0.0,0.0,6.66
228,Danilo,2,0.0,0.6,0.7,0.7,0.6,0.1,0.1,0.5,6.66
229,Morten Thorsby,1,1,0.8,0.8,0.3,0.3,0.1,0.3,1,6.66
230,Rodrigo Becão,1,1,0.2,0.1,0.0,0.9,0.0,0.2,0.4,6.66
231,Simone Missiroli ,1,0.0,0.4,0.5,0.7,0.8,0.0,0.5,0.9,6.65
232,Lukasz Skorupski,0.0,0.0,0.0,0.0,0.0,0.1,0.0,0.0,0.0,6.65
233,Nahitan Nández,2,3,0.7,1,1.1,1.4,0.2,1.1,1.3,6.65
234,Simon Kjaer,0.0,0.0,0.2,0.0,0.0,0.2,0.0,0.0,0.0,6.65
235,Matteo Gabbia,0.0,0.0,0.4,0.1,0.0,0.3,0.0,0.0,0.4,6.65
236,Nikola Kalinic,5,1,1.3,0.5,0.1,1.3,0.1,0.4,1.3,6.65
237,Federico Fazio,1,0.0,0.3,0.1,0.5,0.4,0.1,0.3,0.5,6.65
238,Cristián Zapata,1,0.0,0.6,0.3,0.3,0.6,0.0,0.1,0.4,6.64
239,Mert Müldür,2,1,0.5,0.4,0.7,0.7,0.0,0.4,0.8,6.64
240,Milan Badelj,1,0.0,0.7,1,0.9,0.9,0.0,0.8,0.9,6.64
241,Aaron Ramsey,3,1,1.2,0.8,0.6,0.8,0.1,0.8,1.2,6.63
242,Tommaso Augello,0.0,2,0.0,1.1,1.1,0.2,0.1,0.7,0.7,6.63
243,Vlad Chiriches,0.0,0.0,0.2,0.0,0.7,0.3,0.1,0.3,0.7,6.63
244,Marco Mancosu,14,2,2.5,0.9,0.6,0.5,0.3,0.6,1.7,6.63
245,Federico Bonazzoli,6,0.0,2.3,0.6,0.5,1.8,0.2,0.5,0.9,6.63
246,Sebastian Walukiewicz,0.0,0.0,0.1,0.2,0.8,0.1,0.0,0.3,0.1,6.63
247,Giulio Donati,1,0.0,0.5,1.3,0.5,1.5,0.0,0.5,0.8,6.63
248,Iago Falque,2,1,1.5,1,1.5,0.2,0.3,0.5,0.9,6.62
249,Davide Calabria,1,1,0.5,0.5,0.4,0.9,0.0,0.1,0.8,6.62
250,Jhon Chancellor,3,0.0,0.5,0.0,0.2,0.3,0.1,0.2,0.5,6.62
251,Marco Sportiello,0.0,0.0,0.0,0.0,0.0,0.0,0.0,0.0,0.0,6.62
252,Marlon Santos,0.0,0.0,0.2,0.4,0.1,0.5,0.0,0.1,0.3,6.61
253,Emiliano Rigoni,0.0,1,0.9,1.9,1.3,0.9,0.1,1.1,1.9,6.61
254,Gonzalo Maroni,0.0,1,1,2,1.4,0.2,0.0,0.4,0.8,6.61
255,Ricardo Rodríguez,0.0,0.0,0.2,0.2,0.0,0.6,0.0,1,0.0,6.61
256,Milan Skriniar,0.0,0.0,0.4,0.3,0.2,0.8,0.0,0.3,0.3,6.61
257,Christian Eriksen,1,2,1.4,1.3,0.4,0.1,0.0,0.3,0.7,6.6
258,Antonin Barak,2,1,2.1,1.1,0.6,0.6,0.1,1.3,1,6.6
259,Sebastien De Maio,0.0,0.0,0.4,0.0,0.0,0.4,0.1,0.1,0.3,6.6
260,Thiago Cionek ,0.0,1,0.4,0.6,0.4,1.9,0.0,0.4,0.7,6.59
261,Andrea Poli,2,0.0,0.9,0.6,0.5,1.0,0.0,0.5,0.7,6.59
262,Alex Ferrari,0.0,0.0,0.3,0.2,0.4,1.1,0.0,0.3,0.8,6.59
263,Julian Chabot,1,0.0,0.1,0.0,0.3,0.8,0.0,0.0,0.6,6.59
264,Pol Lirola,0.0,2,0.7,1,1.3,0.2,0.0,0.4,1.1,6.59
265,Kevin Lasagna,10,1,2.2,0.6,0.3,0.9,0.4,0.8,2.2,6.59
266,Hamed Traore,4,1,1.5,1,0.8,0.7,0.2,0.8,1.0,6.59
267,Pau López,0.0,0.0,0.0,0.0,0.0,0.1,0.0,0.0,0.1,6.59
268,Pedro Obiang,1,1,0.9,0.6,0.8,0.8,0.0,0.5,0.7,6.59
269,Gastón Brugman ,0.0,2,0.4,0.5,0.4,0.8,0.0,0.4,0.3,6.59
270,David Ospina,0.0,0.0,0.0,0.0,0.0,0.3,0.0,0.1,0.0,6.59
271,Wilfried Stephane Singo,1,0.0,0.5,0.8,0.8,0.8,0.0,0.3,0.3,6.59
272,Gianluca Caprari ,2,0.0,1.3,1.3,1.1,1.3,0.2,1.1,1.2,6.58
273,Samir,1,0.0,0.2,0.3,0.2,1.1,0.0,0.1,0.4,6.58
274,Andrea Conti,0.0,2,0.0,0.5,0.3,1.0,0.0,0.3,0.6,6.58
275,Matteo Darmian ,1,1,0.2,0.4,0.3,1.4,0.1,0.4,0.7,6.58
276,Alessandro Florenzi,0.0,1,1,0.9,0.2,0.9,0.1,0.3,0.3,6.58
277,Emil Audero,0.0,0.0,0.0,0.0,0.0,0.1,0.0,0.0,0.0,6.57
278,Martín Cáceres,1,0.0,0.4,0.6,0.0,0.6,0.0,0.1,0.3,6.57
279,Kevin Bonifazi ,1,0.0,0.3,0.1,0.8,0.1,0.1,0.3,0.6,6.57
280,Stanislav Lobotka,0.0,0.0,0.1,0.4,0.6,1.1,0.0,0.4,0.3,6.57
281,Javier Pastore,0.0,1,1.5,0.5,1.1,0.8,0.1,0.6,1.2,6.57
282,Manuel Lazzari,0.0,3,0.5,1.1,1,1.3,0.2,0.5,1.2,6.57
283,Bruno Alves ,0.0,0.0,0.7,0.2,0.0,0.4,0.0,0.1,0.2,6.57
284,Walace,0.0,0.0,0.6,0.5,0.7,0.8,0.1,0.9,1.7,6.56
285,Andrea Pinamonti,5,1,1.6,0.5,0.6,1.6,0.5,1.6,2.2,6.56
286,Gary Medel,0.0,0.0,0.2,0.4,0.6,1.2,0.0,0.4,0.6,6.56
287,Mirko Valdifiori ,0.0,3,0.2,1.7,0.4,0.6,0.0,0.3,0.5,6.56
288,Charalampos Lykogiannis,0.0,1,0.7,0.4,0.6,0.7,0.2,0.3,0.9,6.56
289,Andrea Masiello,0.0,1,0.5,0.2,0.4,0.3,0.0,0.3,0.3,6.56
290,Danilo,2,0.0,0.3,0.2,0.1,0.8,0.1,0.0,0.4,6.56
291,Marco Parolo,1,0.0,0.6,0.3,0.1,0.2,0.0,0.2,0.6,6.56
292,Jens Stryger Larsen,1,3,0.4,0.7,0.5,0.2,0.0,0.4,0.9,6.56
293,Rachid Ghezzal,1,0.0,0.6,0.9,0.7,0.8,0.1,0.9,1,6.56
294,Patric,0.0,0.0,0.3,0.2,0.2,0.5,0.0,0.0,0.3,6.56
295,Pierluigi Gollini,0.0,0.0,0.0,0.0,0.0,0.3,0.0,0.0,0.0,6.56
296,Borja Valero,2,0.0,0.6,0.5,0.4,0.7,0.1,0.4,0.5,6.55
297,Mateo Musacchio,0.0,0.0,0.3,0.6,0.2,0.6,0.0,0.2,0.5,6.55
298,Kastriot Dermaku ,0.0,0.0,0.2,0.1,0.0,0.3,0.0,0.1,0.1,6.55
299,Jacopo Petriccione,0.0,5,0.6,1.3,0.6,0.9,0.0,0.5,0.6,6.55
300,Luca Pellegrini,0.0,5,0.6,0.9,1.3,0.9,0.0,0.9,1.5,6.55
301,Andrea Tabanelli,1,0.0,0.8,0.4,0.9,1.8,0.1,1.4,2.2,6.55
302,Blerim Dzemaili,1,1,1.1,1.4,0.7,1.2,0.0,1.2,1.4,6.55
303,Bartosz Bereszynski,0.0,0.0,0.6,0.3,0.5,0.8,0.0,0.5,0.6,6.54
304,Alan Empereur,0.0,0.0,0.2,0.1,0.2,0.7,0.0,0.2,0.4,6.54
305,Fabio Depaoli,0.0,1,0.9,1.0,0.7,1,0.1,0.5,1,6.54
306,Andrea Cistana,1,0.0,0.3,0.1,0.1,0.7,0.0,0.0,0.4,6.54
307,Ionut Radu,0.0,1,0.0,0.1,0.1,0.0,0.0,0.0,0.0,6.54
308,Gian Marco Ferrari,0.0,1,0.5,0.3,0.1,0.6,0.0,0.2,0.3,6.54
309,Simone Iacoponi ,2,0.0,0.3,0.1,0.1,1,0.0,0.2,0.4,6.53
310,Alessandro Deiola,1,1,0.9,0.8,0.9,0.8,0.0,0.7,0.8,6.53
311,Lucas Paquetá,0.0,1,1.4,0.8,1.0,1.0,0.1,1.5,1.4,6.53
312,Jeremy Toljan,1,2,0.3,1.0,0.6,0.7,0.1,0.6,1.0,6.53
313,Valentino Lazaro,0.0,1,0.5,1.5,0.8,0.2,0.0,0.5,1.0,6.53
314,Blaise Matuidi,0.0,2,0.4,0.5,0.3,0.7,0.1,0.5,1.1,6.53
315,William Troost-Ekong,0.0,0.0,0.2,0.1,0.1,0.3,0.0,0.2,0.2,6.53
316,Bryan Cristante,1,3,1.1,0.8,0.4,0.2,0.0,0.5,0.6,6.53
317,Igor Julio ,0.0,1,0.2,0.4,0.9,0.6,0.0,0.7,0.9,6.53
318,Cristian Dell'Orco,0.0,1,0.0,0.6,0.5,0.7,0.0,0.6,0.4,6.53
319,Alberto Cerri ,1,0.0,1.4,1.0,1.0,0.8,0.3,0.9,1.3,6.52
320,Jakub Jankto,2,4,1.4,1.5,0.2,0.5,0.1,0.4,0.8,6.52
321,Panagiotis Tachtsidis,0.0,2,1.0,0.9,0.7,1.0,0.0,0.6,1.0,6.52
322,Federico Bernardeschi,1,1,1.7,1.2,0.8,0.8,0.2,0.8,1.4,6.52
323,Hirving Lozano,4,1,1.3,0.8,0.9,1.4,0.2,0.6,1.0,6.52
324,Samuel Di Carmine,8,0.0,1.5,0.3,0.1,1.2,0.8,0.6,1.3,6.52
325,Marco Calderoni,3,2,0.9,0.8,0.3,1.4,0.1,0.3,1.0,6.52
326,Christian Oliva,1,1,0.3,0.2,0.3,0.2,0.0,0.3,0.6,6.51
327,Marco D'Alessandro ,2,0.0,0.4,0.9,1.6,0.6,0.1,0.3,1.1,6.51
328,Antonino Barillà ,1,2,0.7,0.6,0.2,0.8,0.1,0.4,1.0,6.51
329,Mato Jajalo,0.0,0.0,0.6,0.5,1.1,1.0,0.0,0.6,0.8,6.51
330,Filippo gna,0.0,0.0,0.1,0.2,0.1,0.7,0.0,0.0,0.2,6.5
331,Vincent Laurini ,0.0,2,0.0,0.4,0.7,1.3,0.0,0.9,0.6,6.5
332,Krzysztof Piatek,4,0.0,2.7,0.9,0.3,1.5,0.3,1.4,2.2,6.5
333,Lyanco,0.0,0.0,0.3,0.1,0.5,0.8,0.1,0.2,0.6,6.49
334,Faouzi Ghoulam,0.0,1,0.4,0.9,0.2,0.6,0.0,0.1,0.1,6.49
335,Mattia Perin,0.0,0.0,0.0,0.1,0.0,0.0,0.0,0.0,0.0,6.49
336,Valerio Verre,3,2,1.3,0.9,0.4,0.9,0.2,0.9,1.9,6.49
337,Ivan Radovanovic,0.0,1,0.8,0.8,0.1,0.8,0.0,0.3,0.6,6.49
338,Francesco Magnanelli,0.0,0.0,0.4,0.6,0.3,1.6,0.0,0.2,0.6,6.49
339,Alessandro Tripaldelli,0.0,0.0,0.0,0.0,0.5,1.5,0.0,0.0,1,6.49
340,Lorenzo Venuti,0.0,1,0.3,0.5,0.4,0.8,0.0,0.3,0.3,6.48
341,Patrick Cutrone,4,1,1.1,0.3,0.3,0.5,0.6,0.5,1.9,6.48
342,Jerdy Schouten,0.0,0.0,0.4,0.5,0.9,0.2,0.0,0.7,0.9,6.48
343,Marko Pajac,0.0,0.0,0.6,1.1,1,0.6,0.0,0.7,1.5,6.48
344,Andrea La Mantia,2,0.0,1.8,0.5,0.3,1.3,0.3,0.3,0.6,6.48
345,Georgios Kyriakopoulos,0.0,1,0.8,0.3,0.6,1.2,0.1,0.5,0.8,6.48
346,Goran Pandev,9,1,1.1,0.6,0.8,1.4,0.2,1.2,2.1,6.47
347,Ronaldo Vieira,0.0,1,1.1,0.9,0.4,0.6,0.0,1,0.5,6.47
348,Gianluigi Buffon,0.0,0.0,0.0,0.1,0.0,0.1,0.0,0.0,0.0,6.47
349,Marco nini,0.0,0.0,0.0,0.0,0.0,0.0,0.0,1,0.0,6.47
350,Arkadiusz Reca ,0.0,2,0.8,1.0,1.1,0.5,0.1,0.8,1.4,6.47
351,Lukás Haraslín,1,0.0,0.9,0.1,1.2,1.5,0.3,0.4,0.5,6.47
352,Fabio Pisacane,1,0.0,0.2,0.1,0.2,0.8,0.1,0.1,0.6,6.47
353,Ladislav Krejci I,1,0.0,0.2,0.6,0.6,0.4,0.2,0.3,0.6,6.46
354,Alexis Saelemaekers,1,0.0,0.7,0.5,0.6,0.6,0.0,0.5,0.9,6.46
355,Khouma Babacar,3,0.0,2,0.6,0.6,1.3,0.3,1.1,2.3,6.46
356,Igor Julio,0.0,0.0,0.1,0.1,0.6,0.4,0.1,0.3,0.6,6.46
357,Andrea Masiello,0.0,0.0,0.0,0.4,0.0,0.1,0.0,0.1,0.0,6.46
358,Diego Farias,2,0.0,1.3,0.7,1.1,0.9,0.1,0.9,1.1,6.45
359,Fabrizio Cacciatore,0.0,0.0,0.2,0.3,0.2,0.5,0.1,0.3,0.2,6.45
360,Enrico Alfonso,0.0,0.0,0.0,0.0,0.0,0.0,0.0,0.0,0.0,6.45
361,Maximiliano Olivera,0.0,0.0,1,0.0,0.0,0.0,0.0,0.0,0.0,6.45
362,Riccardo Ladinetti,0.0,0.0,0.0,1,0.7,0.3,0.0,0.3,0.0,6.45
363,Gabriele Corbo,0.0,0.0,0.0,0.0,0.0,0.0,0.0,0.0,0.5,6.45
364,Koffi Djidji,0.0,0.0,0.0,0.1,0.5,0.1,0.0,0.3,0.1,6.45
365,Dusan Vlahovic,6,0.0,2.2,0.3,0.9,1.6,0.3,1.5,2.4,6.45
366,Fernando Llorente,3,1,1.9,0.6,0.1,0.5,0.2,0.6,0.9,6.45
367,Pepe Reina,0.0,0.0,0.0,0.0,0.0,0.0,0.0,0.0,0.0,6.45
368,Ibrahima Mbaye,0.0,3,0.3,0.4,0.5,0.9,0.1,0.4,0.6,6.44
369,Vasco Regini,0.0,0.0,0.0,0.3,0.0,0.3,0.0,0.0,0.3,6.44
370,Gabriel Strefezza ,1,2,1.7,0.8,1.3,1.9,0.1,1.6,1.2,6.44
371,Federico Dimarco,0.0,3,1.0,0.9,0.2,0.5,0.2,0.2,0.4,6.43
372,Lorenzo De Silvestri,0.0,0.0,0.8,0.7,0.1,0.5,0.2,0.5,0.9,6.43
373,Nicolás Domínguez,0.0,1,0.6,0.7,0.3,0.4,0.0,0.1,0.3,6.43
374,Amad Diallo,1,0.0,0.3,0.3,0.3,0.0,0.3,0.0,0.3,6.43
375,Mirko Antonucci,0.0,0.0,1.5,0.5,0.0,0.5,0.0,0.0,2.5,6.43
376,Sami Khedira,0.0,1,1.0,0.7,0.0,0.3,0.0,0.4,0.8,6.43
377,Ales Mateju,0.0,1,0.2,0.3,0.5,0.9,0.0,0.3,0.6,6.43
378,Lukas Lerager,1,1,0.7,0.5,0.2,1.1,0.1,0.4,1.0,6.43
379,Filip Jagiello,0.0,2,0.5,1.1,0.5,0.2,0.0,0.2,1.2,6.43
380,Stefano Denswil,0.0,1,0.4,0.3,0.2,1.1,0.0,0.1,0.4,6.43
381,Lucas Castro ,0.0,0.0,1.4,1.0,0.7,0.6,0.0,0.9,1.6,6.42
382,Marco Benassi,1,1,1.1,0.9,0.4,0.3,0.0,0.4,1.1,6.42
383,Danilo Cataldi,1,0.0,0.4,0.6,0.1,0.1,0.0,0.1,0.5,6.42
384,Luca Rossettini,0.0,2,0.2,0.2,0.1,0.3,0.0,0.1,0.0,6.42
385,Zan Majer,1,1,0.7,0.7,0.4,0.6,0.0,0.7,0.9,6.42
386,Lucas Castro,2,0.0,0.9,0.6,0.3,0.4,0.1,0.8,0.7,6.42
387,Mehdi Bourabia,1,2,0.6,0.3,0.6,0.9,0.0,0.8,1.1,6.42
388,Mehdi Léris,1,1,0.8,0.6,0.7,0.7,0.0,0.5,1.4,6.41
389,Rômulo,1,3,0.8,0.8,1.1,1.1,0.4,0.8,1.7,6.41
390,Valentin Eysseric,0.0,0.0,0.8,1.7,0.3,0.5,0.2,0.8,1.0,6.41
391,Rade Krunic,0.0,1,0.4,0.5,0.7,1.2,0.0,0.3,0.9,6.41
392,Federico Ceccherini,0.0,0.0,0.3,0.1,0.4,0.9,0.0,0.1,0.4,6.41
393,Daniele Rugani,0.0,0.0,0.6,0.0,0.0,0.1,0.0,0.0,0.1,6.41
394,Paolo Ghiglione,0.0,5,0.9,0.9,0.7,0.8,0.1,0.9,1.2,6.41
395,Yevhen Shakhov,1,2,0.6,0.6,0.5,0.4,0.2,0.6,0.9,6.41
396,Valon Behrami,0.0,0.0,0.3,0.0,0.4,1.5,0.0,0.3,0.6,6.41
397,Eljif Elmas,1,1,0.9,0.6,0.9,0.6,0.0,0.6,1.1,6.4
398,Federico Di Francesco ,2,0.0,1.3,0.9,0.8,1.5,0.2,0.8,1.2,6.4
399,Nicholas Opoku,0.0,0.0,0.4,0.6,0.4,0.7,0.0,0.1,0.4,6.4
400,Francesco Vicari ,0.0,0.0,0.3,0.1,0.0,0.4,0.0,0.0,0.1,6.4
401,Nehuén Paz,0.0,0.0,0.2,0.0,0.0,0.2,0.0,0.0,0.1,6.4
402,Jony,0.0,1,0.5,0.8,0.4,0.6,0.2,0.3,0.9,6.4
403,Musa Juwara,1,0.0,0.9,0.6,0.6,0.7,0.0,0.3,0.9,6.39
404,Ragnar Klavan,0.0,0.0,0.1,0.2,0.1,0.2,0.0,0.1,0.3,6.39
405,Yann Karamoh ,1,1,0.8,0.8,0.9,1.0,0.1,1,1.8,6.39
406,Alessandro Murgia ,0.0,1,1.0,1.2,0.4,0.9,0.1,0.7,0.9,6.39
407,Federico Peluso,0.0,2,0.3,0.2,0.3,0.6,0.0,0.2,0.3,6.38
408,Giacomo Raspadori,2,0.0,1.0,0.5,0.5,0.5,0.1,0.4,0.7,6.38
409,Biagio Meccariello,1,0.0,0.4,0.4,0.4,0.2,0.1,0.1,0.4,6.38
410,Ignacio Pussetto,1,0.0,0.8,0.7,0.5,0.8,0.3,0.5,1.3,6.38
411,Musa Barrow,0.0,2,1.7,0.6,0.3,1.0,0.1,0.6,1.9,6.38
412,Alfredo Donnarumma,7,2,1.4,0.5,0.4,1.1,0.4,0.9,1.2,6.38
413,Ilija Nestorovski,3,1,1.3,0.6,0.2,1.0,0.3,0.5,1.0,6.37
414,Fabio Lucioni,3,0.0,0.4,0.1,0.2,0.4,0.0,0.1,0.3,6.37
415,Bastos,1,0.0,0.4,0.0,0.8,0.4,0.0,0.2,0.3,6.37
416,Matteo Politano,0.0,0.0,1.4,0.7,0.8,0.5,0.1,0.6,0.5,6.37
417,Lorenzo Tonelli,0.0,0.0,0.6,0.0,0.7,0.9,0.0,0.1,0.6,6.37
418,Bryan Dabo ,1,4,0.5,0.8,0.8,1.4,0.1,0.5,1.5,6.37
419,Artur Ionita,0.0,2,0.5,0.6,0.4,0.4,0.0,0.5,0.3,6.37
420,Diego Demme,1,0.0,0.3,0.6,0.2,0.7,0.0,0.5,0.5,6.37
421,Andrea Papetti,1,0.0,0.2,0.1,0.7,1.2,0.0,0.1,0.8,6.36
422,Adrien Tameze,0.0,0.0,0.0,0.4,0.7,0.3,0.0,0.4,0.0,6.36
423,Pawel Dawidowicz,1,0.0,0.3,0.0,0.2,0.5,0.1,0.0,0.4,6.36
424,Gianluca Frabotta,0.0,0.0,1,0.0,0.0,0.0,0.0,1,0.0,6.36
425,Alex Meret,0.0,0.0,0.0,0.0,0.0,0.1,0.0,0.0,0.0,6.36
426,Ervin Zukanovic ,0.0,0.0,0.7,0.0,0.3,0.7,0.0,0.3,0.0,6.36
427,Andrea Rispoli,0.0,0.0,0.4,0.6,0.2,0.5,0.0,0.1,0.5,6.36
428,Davide Santon,0.0,0.0,0.1,0.1,0.7,0.5,0.1,0.2,0.5,6.35
429,Mattias Svanberg,1,2,1.5,0.8,0.3,1.1,0.0,0.6,0.8,6.35
430,Léo Duarte,0.0,0.0,0.5,0.0,0.2,0.3,0.0,0.2,0.7,6.34
431,Marvin Zeegelaar,0.0,1,0.0,0.4,0.2,0.2,0.1,0.5,0.5,6.34
432,Nicola Murru,0.0,0.0,0.3,0.6,0.6,0.6,0.0,0.4,0.8,6.34
433,Kevin-Prince Boateng,1,0.0,1.3,0.5,0.4,1.5,0.3,0.4,0.9,6.34
434,Emre Can,0.0,0.0,0.9,0.4,0.8,0.6,0.0,0.4,0.6,6.33
435,Luca Siligardi ,0.0,1,0.9,0.3,0.7,0.6,0.0,0.5,1.0,6.33
436,Federico Santander,1,0.0,1,0.5,0.2,0.8,0.3,0.4,1.4,6.33
437,André Silva,0.0,0.0,2,0.0,1.0,2.0,0.0,2.0,3.0,6.33
438,Roberto Inglese ,4,0.0,1.4,0.4,0.4,0.4,0.6,1.1,1.6,6.32
439,Florian Aye,0.0,0.0,1,0.4,0.6,1.0,0.2,1.2,1.8,6.32
440,Mitchell Dijks,0.0,0.0,0.0,0.8,0.5,1.0,0.2,0.5,1.1,6.32
441,Gonzalo Villar,0.0,0.0,0.2,0.2,1,0.7,0.0,0.4,0.8,6.32
442,Davide Zappacosta,0.0,1,0.4,0.8,0.3,0.2,0.3,0.4,0.8,6.32
443,Sebastiano Luperto,0.0,0.0,0.1,0.2,0.0,0.1,0.0,0.2,0.0,6.32
444,Jeison Murillo,0.0,0.0,0.3,0.2,0.3,0.8,0.2,0.4,0.1,6.32
445,Jordan Lukaku,0.0,2,0.2,0.8,0.5,0.1,0.1,0.3,0.3,6.31
446,Sasa Lukic,1,1,0.6,0.4,0.6,0.7,0.1,0.3,1.1,6.31
447,Eddie Salcedo,1,0.0,1.2,0.5,0.4,0.8,0.2,1.1,1.5,6.31
448,Nicolò Rovella,0.0,0.0,0.5,0.0,0.5,1.5,0.0,0.0,1,6.31
449,Alberto Grassi ,1,1,0.5,0.3,0.1,0.6,0.1,0.3,0.7,6.31
450,Antonio Rosati,0.0,0.0,0.0,0.0,0.0,0.0,0.0,0.0,0.0,6.31
451,Ebrima Colley,0.0,1,1,0.4,0.4,0.8,0.0,0.8,0.8,6.31
452,Lucas Biglia,0.0,1,0.4,0.4,0.1,0.5,0.0,0.3,0.6,6.31
453,Claud Adjapong,0.0,0.0,0.6,0.0,0.2,0.4,0.2,0.4,0.8,6.31
454,Bruno Martella,0.0,0.0,0.4,0.6,0.5,0.2,0.0,0.2,0.8,6.31
455,rio Benzar,0.0,0.0,0.0,0.7,0.3,0.0,0.0,0.0,0.3,6.3
456,Daniele Ragatzu,1,0.0,0.6,0.6,0.6,0.4,0.2,0.3,0.5,6.3
457,Amin Younes,1,0.0,0.8,0.6,0.6,0.6,0.0,0.4,0.8,6.3
458,Peter Ankersen,0.0,1,0.7,0.3,0.3,0.6,0.1,0.5,0.9,6.29
459,Jacopo Sala ,0.0,0.0,0.9,0.4,0.3,0.6,0.3,0.4,0.9,6.29
460,Bosko Sutalo,0.0,0.0,0.1,0.1,0.3,0.6,0.0,0.3,0.4,6.28
461,Edoardo Goldaniga,1,0.0,0.5,0.4,0.1,1.6,0.0,0.4,0.4,6.28
462,Alessandro Semprini,1,0.0,0.2,0.5,0.5,0.5,0.0,0.3,0.7,6.28
463,Simone Muratore,0.0,0.0,1,1,0.0,0.5,0.0,0.3,1,6.28
464,André Anderson,0.0,0.0,0.8,0.3,0.5,0.7,0.0,0.2,0.3,6.28
465,Diego Laxalt,0.0,1,0.3,0.4,0.3,0.5,0.0,0.3,0.7,6.27
466,Simone Edera,1,1,1.2,0.5,0.3,0.4,0.0,0.5,1.1,6.27
467,Nicolò Armini,0.0,0.0,0.0,0.0,0.0,0.0,0.0,0.0,0.0,6.27
468,Daniele Dessena,2,0.0,0.8,0.1,0.5,0.8,0.0,0.8,1.3,6.27
469,Andrea Bertolacci,0.0,0.0,0.3,0.2,0.3,1.1,0.0,0.2,0.8,6.26
470,Hidde ter Avest,0.0,0.0,0.1,0.4,0.1,0.3,0.0,0.1,0.4,6.26
471,Nenad Tomovic ,0.0,1,0.4,0.4,0.2,0.4,0.0,0.2,0.3,6.26
472,Riccardo Sottil,0.0,0.0,0.9,0.3,0.9,1.4,0.1,0.4,0.8,6.26
473,Giangiacomo Magnani,1,0.0,0.3,0.3,0.0,0.3,0.0,0.0,0.1,6.26
474,Sebastiano Esposito,1,0.0,1.4,0.5,0.0,0.5,0.1,0.1,1,6.26
475,Edgar Barreto,0.0,0.0,0.5,0.0,0.0,1,0.0,0.0,1,6.26
476,Jakub Iskra ,0.0,0.0,0.5,0.0,0.5,0.5,0.0,0.0,0.5,6.26
477,Giuseppe Pezzella ,0.0,0.0,0.1,0.1,0.5,0.7,0.0,0.3,0.5,6.25
478,Sergio Floccari ,1,0.0,0.8,0.4,0.7,0.8,0.4,0.9,1,6.25
479,Daniel Fuzato,0.0,0.0,0.0,0.0,0.0,0.0,0.0,0.0,0.0,6.25
480,Leonardo Pavoletti,0.0,0.0,1,0.0,0.0,0.0,0.0,0.0,1.0,6.25
481,Francesco Cassata,2,0.0,0.5,0.4,0.9,1.1,0.0,0.9,1.1,6.25
482,Mohamed Fares ,0.0,0.0,0.9,0.4,0.3,1,0.0,0.3,2.0,6.25
483,Andrea Favilli,0.0,0.0,0.7,0.4,0.5,0.9,0.2,0.7,1.3,6.25
484,Valter Birsa,0.0,0.0,0.2,0.8,0.1,0.2,0.0,0.1,0.5,6.25
485,Gianmarco Cangiano,0.0,0.0,0.0,0.0,1,0.3,0.0,0.3,0.3,6.25
486,Jaromir Zmrhal,2,0.0,0.7,0.5,0.3,0.3,0.0,0.5,0.7,6.25
487,Mattia Sprocati ,1,0.0,0.7,0.4,0.3,1,0.1,0.2,0.6,6.24
488,Fabio Borini,0.0,0.0,1,0.0,0.5,1,0.0,1.5,0.5,6.24
489,Luca Zanimacchia,0.0,0.0,1,1,0.0,1.5,1,0.5,3.5,6.24
490,Diego Laxalt,0.0,0.0,0.3,0.3,0.0,0.3,0.0,0.3,0.3,6.24
491,Andreas Skov Olsen,1,0.0,0.8,0.3,0.5,0.4,0.1,0.4,1.2,6.24
492,Giampaolo Pazzini,4,0.0,0.9,0.3,0.1,0.4,0.3,0.5,0.7,6.24
493,Alberto Cerri,1,0.0,0.6,0.3,0.3,0.4,0.2,0.4,0.4,6.24
494,Samir Ujkani,0.0,0.0,0.0,0.0,0.0,0.0,0.0,0.0,0.0,6.23
495,Lukasz Teodorczyk,0.0,1,0.3,0.2,0.4,0.1,0.2,0.8,0.3,6.23
496,Kevin Agudelo,0.0,0.0,1.3,0.7,1,0.3,0.0,0.7,0.0,6.23
497,Antonio Barreca,0.0,1,0.3,0.2,0.3,0.2,0.2,0.6,0.6,6.22
498,Daniele Gastaldello,0.0,0.0,0.1,0.3,0.1,0.5,0.0,0.0,0.3,6.21
499,Guilherme Arana,0.0,0.0,0.0,0.3,0.0,1,0.0,0.3,0.3,6.21
500,Emanuele Ndoj,0.0,0.0,0.5,0.4,0.7,1.4,0.1,0.5,0.6,6.21
501,Nikolas Spalek,2,1,1,0.7,0.2,0.6,0.2,1,1.3,6.2
502,Gianluca Caprari,3,0.0,1.3,0.5,0.6,0.7,0.1,1.4,1.2,6.2
503,Jaume Cuéllar ,0.0,0.0,0.0,0.0,1,1.5,0.0,0.0,1.5,6.2
504,Denis Vavro,0.0,0.0,0.3,0.0,0.1,0.0,0.0,0.1,0.2,6.19
505,Giannelli Imbula,0.0,0.0,0.0,0.0,1,0.0,0.0,1.7,1.0,6.19
506,Lucien Agoume,0.0,0.0,0.0,0.3,0.0,0.0,0.0,0.3,0.3,6.19
507,Riccardo Saponara,0.0,0.0,1,0.4,0.4,0.0,0.0,0.2,0.6,6.19
508,Mattia Destro,0.0,0.0,1,0.6,0.2,0.4,0.2,0.6,1.2,6.18
509,Andrea Ghion,0.0,0.0,0.3,1,0.0,0.0,0.0,0.3,0.3,6.18
510,Bartosz Salamon ,0.0,0.0,0.0,0.0,0.0,0.6,0.0,0.0,0.3,6.18
511,Bobby Adekanye,1,0.0,0.5,0.3,0.3,0.3,0.1,0.5,0.3,6.18
512,Lorenzo Pirola,0.0,0.0,0.0,0.0,0.0,0.0,0.0,0.0,0.0,6.17
513,Antonin Barak,0.0,0.0,0.5,0.5,0.1,0.5,0.0,0.5,1,6.17
514,Gennaro Tutino,0.0,0.0,0.5,0.0,0.3,1.8,0.0,0.3,1.3,6.17
515,Gastón Pereiro,1,0.0,1.4,0.2,0.5,0.4,0.0,0.6,0.3,6.16
516,Asmir Begovic,0.0,0.0,0.0,0.0,0.0,0.0,0.0,0.0,0.0,6.16
517,Luca Mazzitelli,0.0,0.0,0.0,0.0,0.0,0.0,0.0,1,0.0,6.16
518,Birkir Bjarnason,0.0,1,0.6,0.5,0.2,1.4,0.0,0.5,0.6,6.16
519,Federico Brancolini,0.0,0.0,0.0,0.0,0.0,0.0,0.0,0.0,0.0,6.15
520,Brayan Vera,0.0,1,0.5,0.4,0.1,0.4,0.0,0.6,0.8,6.14
521,Massimiliano Mangraviti,0.0,0.0,0.2,0.2,0.1,0.4,0.0,0.1,0.4,6.14
522,Mariusz Stepinski,3,1,0.8,0.1,0.1,1,0.4,0.9,1.6,6.13
523,Iago Falque,0.0,0.0,0.8,0.3,0.5,0.0,0.0,1,0.0,6.13
524,Marco Olivieri,0.0,0.0,0.3,0.0,0.3,0.3,0.0,1,0.0,6.13
525,Antonino La Gumina,0.0,0.0,0.8,0.4,0.2,0.6,0.2,0.2,1,6.13
526,Federico Marigosu,0.0,0.0,0.0,0.0,0.5,1,0.0,0.5,0.5,6.13
527,Felipe ,0.0,0.0,0.4,0.1,0.1,0.6,0.1,0.1,0.2,6.12
528,Liam Henderson,0.0,0.0,0.8,0.5,0.0,0.5,0.0,0.3,0.8,6.12
529,Daouda Peeters,0.0,0.0,0.0,0.0,0.0,0.0,0.0,0.0,0.0,6.12
530,Giacomo Vrioni,0.0,0.0,1,0.0,0.0,0.0,0.0,0.0,1,6.12
531,Pedro,0.0,0.0,1.3,0.3,0.3,0.5,0.3,0.0,0.5,6.12
532,Wladimiro Falcone,0.0,0.0,0.0,0.0,0.0,0.0,0.0,0.0,0.0,6.12
533,Vincenzo Millico,0.0,0.0,0.5,0.3,0.4,0.3,0.0,0.1,0.5,6.11
534,Daniele Padelli,0.0,0.0,0.0,0.0,0.0,0.8,0.0,0.0,0.0,6.11
535,Stefano Piccinini,0.0,0.0,0.0,1,0.0,0.0,0.0,0.0,0.0,6.11
536,Simon Skrabb,0.0,0.0,0.3,0.2,0.3,0.3,0.0,0.5,0.9,6.11
537,Mattia Viviani,0.0,0.0,0.4,0.3,0.4,0.8,0.0,0.1,0.5,6.1
538,Luca Ranieri,0.0,0.0,1,1.7,1.3,0.3,0.0,0.0,0.3,6.1
539,Sinan Gümüs,0.0,0.0,1,0.0,0.3,1,0.0,0.3,0.0,6.1
540,Edgaras Dubickas,0.0,0.0,0.0,0.0,0.0,0.0,0.0,0.0,0.0,6.1
541,Yildirim Mert Çetin,0.0,0.0,0.5,0.0,0.5,1,0.0,0.0,0.3,6.1
542,Mattia Destro,0.0,0.0,0.9,0.0,0.4,0.3,0.1,0.0,0.3,6.09
543,Lorenzo Colombo,0.0,0.0,0.0,1,0.0,0.0,0.0,1,1,6.09
544,Vasco Regini ,0.0,0.0,0.0,0.0,0.0,0.0,0.0,0.0,0.0,6.09
545,Luigi Vitale,0.0,0.0,0.0,0.0,0.0,0.0,0.0,0.0,0.5,6.09
546,Gabriele Moncini ,0.0,0.0,0.8,0.5,0.0,0.8,0.0,0.8,0.5,6.08
547,Djavan Anderson,0.0,0.0,0.2,0.0,0.5,0.2,0.0,0.8,0.8,6.08
548,Andri Fannar Baldursson,0.0,0.0,0.3,0.1,0.1,0.3,0.0,0.7,0.3,6.08
549,Szymon Zurkowski,0.0,0.0,0.5,0.0,0.0,0.0,0.0,1,0.0,6.08
550,Rafael,0.0,0.0,0.0,0.0,0.0,0.0,0.0,0.0,0.0,6.07
551,Valon Berisha,0.0,0.0,0.0,0.0,0.0,0.0,0.0,0.0,0.3,6.07
552,Federico Dimarco,0.0,0.0,0.3,0.0,0.0,0.0,0.0,0.0,0.7,6.07
553,Emmanuel Badu,0.0,0.0,0.0,0.1,0.1,0.3,0.1,0.1,0.9,6.07
554,Kristoffer Askildsen,1,0.0,0.3,0.5,0.5,0.0,0.0,0.3,0.5,6.07
555,Alberto Paloschi ,0.0,0.0,1,0.5,0.1,0.8,0.5,0.9,1.6,6.06
556,Aleksa Terzic,0.0,0.0,0.0,0.0,0.0,0.0,0.0,0.0,0.5,6.05
557,Valentin Eysseric,0.0,0.0,0.7,0.0,0.0,0.0,0.0,0.0,0.3,6.05
558,Leonardo Morosini,0.0,0.0,0.0,0.0,0.0,0.0,0.0,0.0,0.0,6.05
559,Felice D'Amico,0.0,0.0,0.5,0.0,0.0,0.0,0.0,0.0,1,6.05
560,Karlo Letica ,0.0,0.0,0.0,0.1,0.1,0.1,0.0,0.0,0.1,6.05
561,Matteo Lovato,0.0,0.0,0.0,0.0,0.0,0.0,0.0,0.0,0.0,6.03
562,Andrea Carboni,0.0,0.0,0.1,0.0,0.0,0.3,0.0,0.1,0.1,6.02
563,Roberto Piccoli,0.0,0.0,1,1,0.0,1,0.0,0.0,0.0,6.02
564,Alberto Paloschi,0.0,0.0,0.4,0.3,0.1,0.3,0.4,0.3,1.4,6.02
565,Georgi Tunjov ,0.0,0.0,0.6,0.3,0.3,0.3,0.0,0.6,0.6,6.02
566,Giacomo Manzari,0.0,0.0,0.0,0.0,0.3,0.0,0.0,0.0,0.3,6.01
567,Marko Jankovic ,0.0,0.0,0.2,0.2,0.2,0.5,0.0,0.3,0.3,6.01
568,Ilario Monterisi,0.0,0.0,0.0,0.0,0.0,0.0,0.0,0.0,0.0,6.01
569,Giangiacomo Magnani,0.0,0.0,1,0.0,0.5,1.5,0.0,0.5,0.0,6.01
570,Michel Ndary Adopo,0.0,0.0,0.0,0.0,0.0,0.0,0.0,0.0,0.5,6.01
571,Alessandro Deiola,0.0,0.0,0.0,0.0,0.0,0.0,0.0,0.0,0.0,6.0
572,Andrea Danzi,0.0,0.0,0.0,0.0,0.0,0.0,0.0,0.0,0.0,6.0
573,Andrea Ghezzi,0.0,0.0,0.4,0.0,0.0,0.0,0.0,0.2,0.0,6.0
574,Antonio Donnarumma,0.0,0.0,0.0,0.0,0.0,0.0,0.0,0.0,0.0,6.0
575,Carlo Pinsoglio,0.0,0.0,0.0,0.0,0.0,0.0,0.0,0.0,0.0,6.0
576,Christian Celesia,0.0,0.0,0.0,1,0.0,0.0,0.0,0.0,0.0,6.0
577,Christian Dalle Mura,0.0,0.0,0.0,0.0,0.0,0.0,0.0,0.0,0.0,6.0
578,Dion Ruffo Luci,0.0,0.0,0.0,0.0,0.0,0.0,0.0,0.0,1,6.0
579,Federico Marchetti,0.0,0.0,0.0,0.0,0.0,0.0,0.0,0.0,0.0,6.0
580,Felipe Curcio,0.0,0.0,0.0,0.0,0.0,0.0,0.0,0.0,0.0,6.0
581,Jacopo Da Riva,0.0,0.0,0.0,1,0.0,0.0,0.0,0.0,0.0,6.0
582,Marco Ballarini,0.0,0.0,0.0,0.0,0.0,0.0,0.0,0.0,0.0,6.0
583,Martin Palumbo,0.0,0.0,0.0,0.0,0.0,0.0,0.0,0.0,0.0,6.0
584,Tommaso Berni,0.0,0.0,0.0,0.0,0.0,0.0,0.0,0.0,0.0,6.0
585,Daniel Maldini,0.0,0.0,0.0,0.0,0.0,0.0,0.0,0.5,0.5,6.0
586,Denilho Cleonise,0.0,0.0,0.3,0.0,0.0,0.3,0.0,0.5,0.0,5.98
587,Raul Moro,0.0,0.0,0.0,0.0,0.0,0.0,0.0,0.0,0.0,5.98
588,Lucas,0.0,0.0,0.5,0.0,0.0,0.0,0.0,0.5,0.0,5.98
589,Luca Falbo,0.0,0.0,0.0,0.0,0.0,0.0,0.0,0.0,0.0,5.97
590,Luca Tremolada,0.0,0.0,0.0,0.0,0.0,0.0,0.0,0.0,0.0,5.97
591,Krisztofer Horváth ,0.0,0.0,0.3,0.3,0.0,0.3,0.0,0.3,0.3,5.97
592,Alessandro Matri,0.0,0.0,0.8,0.4,0.3,0.1,0.4,1,0.5,5.95
593,Ângelo da Costa,0.0,0.0,0.0,0.0,0.0,0.0,0.0,0.0,0.0,5.95
594,Juan Jesus,0.0,0.0,0.0,0.0,0.0,0.0,0.0,0.3,0.3,5.94
595,Federico Bonini,0.0,0.0,0.0,0.0,0.0,0.0,0.0,0.0,0.0,5.92
596,Francesco Rossi,0.0,0.0,0.0,0.0,0.0,0.0,0.0,0.0,0.0,5.92
597,Davide Riccardi,0.0,0.0,0.0,0.0,0.0,0.0,0.0,0.0,0.0,5.91
598,Raoul Bellanova,0.0,0.0,2,0.0,0.0,0.0,0.0,0.0,0.0,5.89
599,Jawad El Yamiq,0.0,0.0,0.7,0.7,0.0,0.3,0.0,0.0,0.0,5.89
600,Lennart Czyborra,0.0,0.0,0.0,0.0,0.0,0.0,0.0,1,0.0,5.87
601,Boris Radunovic,0.0,0.0,0.0,0.0,0.0,0.0,0.0,0.0,0.0,5.76
602,Rômulo,0.0,0.0,0.0,0.0,0.0,0.0,0.0,0.0,0.0,5.69
