,Player,Assists,KeyP,AvgP,PS%,Crosses,LongB,ThrB,Rating
0,Jeff Reine-Adélaïde,1,1,34.0,82.4,0.0,2.0,0.0,9.23
1,Neymar,6,2.6,58.4,80.6,0.8,2.9,0.9,8.58
2,Kylian Mbappé,5,2,30.1,80.4,0.4,0.5,0.1,8.14
3,Ángel Di María,14,3,41.3,78.5,1.6,2.3,0.5,7.75
4,Dimitri Payet,4,4,40.9,76.6,2.5,2.7,0.2,7.73
5,Anthony Caci,4,1.5,52.3,80.1,1.4,5.1,0.1,7.6
6,Memphis Depay,2,1.9,33.8,78.8,0.8,1.2,0.2,7.59
7,Hianga'a M'Bock,0.0,0.5,44.5,82.0,0.0,2.5,0.0,7.49
8,Téji Savanier,2,1.5,45.3,79.0,1.3,5.0,0.0,7.45
9,Donovan Léon,0.0,0.0,17.0,64.7,0.0,4.0,0.0,7.38
10,Souleyman Doumbia,0.0,1,34.0,82.4,0.0,1.0,0.0,7.38
11,Moreto Cassamã,1,1.1,68.6,90.4,1.4,6.6,0.0,7.38
12,Wissam Ben Yedder,4,1.7,29.9,74.9,0.2,0.4,0.2,7.35
13,Idrissa Gueye,2,1.2,78.3,92.7,0.1,2.1,0.1,7.33
14,Marco Verratti,5,1.4,85.5,92.5,0.3,3.3,0.3,7.32
15,Mounir Chouiar,0.0,2.2,26.1,76.2,1.7,0.9,0.0,7.3
16,Jessy Moulin,0.0,0.0,29.0,53.1,0.0,5.2,0.0,7.3
17,Zinédine Ould Khaled,0.0,0.0,25.0,96.0,0.0,3.0,0.0,7.23
18,Hassane Kamara,0.0,0.5,39.2,83.8,0.4,2.1,0.0,7.23
19,Yassine Benrahou,3,2.1,28.3,74.9,2.3,1.0,0.0,7.22
20,Bruno Guimarães,0.0,1.7,64.0,91.1,0.0,5.7,0.0,7.21
21,Marquinhos,1,0.2,68.3,93.4,0.0,3.8,0.1,7.19
22,Adil Aouchiche,0.0,0.0,30.0,80.0,0.0,1.0,0.0,7.17
23,Youcef Atal,1,0.8,32.8,81.0,0.4,0.9,0.0,7.15
24,Mauro Icardi,2,0.6,8.5,86.4,0.1,0.2,0.0,7.15
25,Andy Delort,3,1.5,26.4,62.0,0.8,1.2,0.0,7.15
26,Victor Osimhen,4,0.8,12.7,61.4,0.2,0.1,0.0,7.14
27,Lucas Perrin,0.0,0.0,63.3,90.9,0.0,3.3,0.0,7.14
28,Pierre Lees-Melou,6,1.3,44.5,86.1,0.4,2.9,0.1,7.14
29,Júlio Tavares,2,1.4,22.0,65.2,0.1,0.2,0.0,7.14
30,Raphinha,3,1.9,25.8,71.3,1.3,1,0.1,7.13
31,Zinedine Ferhat,4,2,28.9,70.2,1.8,1,0.0,7.13
32,Renato Sanches,1,1.8,47.0,86.7,1.1,2.4,0.0,7.13
33,Steven Nzonzi,0.0,0.0,61.2,89.9,0.0,2.2,0.0,7.12
34,Islam Slimani,7,1.8,28.3,69.4,0.3,0.6,0.2,7.12
35,Eduardo Camavinga,2,0.3,39.0,87.7,0.0,2.5,0.0,7.12
36,Nicolas de Preville,4,1.9,34.8,78.2,1.3,1.7,0.0,7.12
37,Aleksandr Golovin,4,1.9,39.4,81.8,1.5,2,0.1,7.11
38,Valentin Rongier,1,3,56.7,88.2,1,3,0.3,7.11
39,Marcin Bulka,0.0,0.0,15.0,100.0,0.0,0.0,0.0,7.11
40,Benjamin André,1,0.6,46.8,79.0,0.1,1.7,0.0,7.11
41,Adam Ounas,4,1.6,26.4,82.0,0.6,1.9,0.3,7.1
42,Baptiste Santamaría,1,0.5,47.2,81.5,0.0,5.0,0.1,7.1
43,Yunis Abdelhamid,0.0,0.2,55.8,84.5,0.0,3.1,0.0,7.1
44,Ludovic Baal,0.0,1.3,45.8,79.8,0.9,2.1,0.0,7.09
45,Fabien Centonze,3,0.8,36.3,75.2,0.6,1.9,0.0,7.08
46,Fábio,0.0,0.7,41.1,81.5,0.4,2.0,0.0,7.07
47,Lucas Deaux,1,0.9,40.2,76.6,0.2,3.4,0.1,7.07
48,Lucas Dias,0.0,0.0,23.5,48.9,0.0,6.5,0.0,7.07
49,Jordan Amavi,1,0.5,38.6,79.0,0.3,1.8,0.0,7.07
50,Valentin Rongier,2,1.2,54.6,86.6,0.0,2.1,0.0,7.07
51,Angelo Fulgini,1,1.3,42.6,80.7,1.1,1.2,0.0,7.06
52,Wylan Cyprien,3,1.9,62.6,87.6,1.5,3.8,0.0,7.06
53,Xavier Chavalerin,3,1.8,41.2,81.5,1.2,3.1,0.0,7.06
54,Moussa Dembele,2,0.8,16.0,70.1,0.0,0.3,0.1,7.06
55,Gaëtan Laborde,5,0.9,21.9,68.8,0.1,0.3,0.1,7.06
56,Tiemoué Bakayoko,2,0.5,47.2,86.0,0.0,2.1,0.1,7.05
57,Juan Bernat,4,0.8,55.3,91.0,0.2,0.4,0.0,7.05
58,Gil Dias,0.0,0.9,38.1,82.0,0.4,1.4,0.0,7.05
59,Denis Bouanga,3,0.7,19.1,72.4,0.3,0.7,0.0,7.04
60,Nayef Aguerd,0.0,0.0,53.6,83.1,0.0,6.4,0.0,7.04
61,Gerónimo Rulli,0.0,0.0,29.2,74.1,0.0,8.9,0.0,7.04
62,Nolan Roux,0.0,1.3,19.0,70.7,0.3,0.1,0.0,7.03
63,Tanguy Nianzou,0.0,0.5,56.5,91.4,0.0,1.8,0.0,7.03
64,Predrag Rajkovic,0.0,0.0,32.3,69.8,0.0,5.7,0.0,7.03
65,Pablo,0.0,0.1,59.4,87.1,0.0,2.7,0.0,7.02
66,Houssem Aouar,4,1,42.1,85.7,0.2,1.3,0.1,7.02
67,Marçal,1,1.1,58.8,83.8,0.7,3.9,0.0,7.02
68,Gautier Larsonneur,0.0,0.0,32.1,68.8,0.0,6.2,0.0,7.02
69,Ludovic Ajorque,4,0.6,19.0,70.3,0.1,0.4,0.0,7.01
70,Bouna Sarr,3,0.5,39.7,84.7,0.5,1.0,0.0,7.01
71,Nicolas Pallois,0.0,0.1,51.0,83.3,0.0,4.0,0.0,7.01
72,Presnel Kimpembe,0.0,0.1,69.4,95.0,0.0,1.8,0.0,7.0
73,Josué Homawoo,0.0,0.0,16.0,68.8,0.0,1.0,0.0,7.0
74,Habib Maïga,2,0.5,47.3,83.5,0.3,2.4,0.0,7.0
75,Stanley N'Soki,1,0.4,56.6,90.0,0.1,1.6,0.0,7.0
76,Andrei Girotto,0.0,0.1,49.4,84.8,0.1,2.8,0.0,6.99
77,Boubacar Kamara,2,0.3,54.4,85.7,0.0,3.5,0.0,6.99
78,Dimitri Lienard,3,1.5,40.8,83.5,1.6,5.2,0.0,6.98
79,Faitout Maouassa,1,0.6,32.5,76.7,0.6,1.4,0.0,6.98
80,Marcelo,0.0,0.1,68.6,85.3,0.0,4.1,0.0,6.98
81,Jack Lahne,0.0,0.0,1.0,100.0,0.0,0.0,0.0,6.98
82,Hamari Traoré,5,1.3,45.3,81.2,0.6,2,0.0,6.98
83,Maxwel Cornet,3,1.3,26.3,75.8,1,0.6,0.0,6.98
84,Habib Diallo,3,0.9,17.1,66.7,0.0,0.2,0.0,6.97
85,Thiago Silva,0.0,0.0,71.2,95.5,0.0,3.2,0.0,6.97
86,Morgan Sanson,4,1.1,30.2,86.0,0.4,1.3,0.0,6.97
87,Darío Benedetto,0.0,0.8,19.0,66.3,0.0,1.4,0.0,6.97
88,Alexandre Oukidja,0.0,0.1,29.0,46.0,0.0,7.6,0.0,6.96
89,Ghislain Konan,1,0.8,43.5,79.3,0.6,1.8,0.0,6.96
90,Adama Noss Traoré,4,2.3,28.9,86.6,0.9,1.0,0.1,6.96
91,Édouard Mendy,0.0,0.0,28.7,70.1,0.0,7.8,0.0,6.95
92,Hilton,2,0.5,50.1,80.3,0.1,6.4,0.0,6.95
93,Bertrand Traoré,3,1.1,21.4,82.2,0.8,1.1,0.0,6.95
94,Thomas Meunier,2,1.2,47.2,85.3,0.7,2.3,0.0,6.95
95,Adrien Thomasson,1,1.6,35.4,79.4,0.6,1.2,0.0,6.95
96,Vincent Pajot,3,1.4,33.0,84.0,0.4,1.7,0.0,6.94
97,Ciprian Tatarusanu,0.0,0.0,22.5,88.9,0.0,5.0,0.0,6.94
98,Kasper Dolberg,3,0.5,12.4,77.2,0.0,0.1,0.0,6.94
99,M'Baye Niang,0.0,0.4,18.5,68.6,0.0,0.8,0.0,6.94
100,Enock Kwateng,1,0.4,35.8,78.0,0.2,1.6,0.0,6.94
101,Damien Da Silva,2,0.2,50.3,85.1,0.0,3.2,0.0,6.94
102,Walter Benítez,0.0,0.0,25.0,82.4,0.0,2.8,0.0,6.94
103,Souleyman Doumbia,1,0.8,43.8,79.9,0.6,0.8,0.0,6.93
104,Gabriel Magalhães,0.0,0.1,61.8,82.2,0.0,3.7,0.0,6.93
105,Ludovic Blas,1,1,27.5,79.2,0.1,1.5,0.0,6.93
106,Julian Draxler,4,1.1,42.5,90.0,0.4,0.8,0.3,6.93
107,Dario Maresic,0.0,0.0,62.0,83.9,0.0,2.0,0.0,6.93
108,Serhou Guirassy,1,0.6,26.5,71.3,0.0,0.6,0.0,6.93
109,Alexander Djiku,1,0.2,48.8,86.1,0.1,4.0,0.0,6.93
110,Eric Maxim Choupo-Moting,1,0.7,11.4,80.6,0.0,0.0,0.0,6.93
111,Opa Nguette,2,0.8,19.5,81.2,0.0,0.3,0.0,6.93
112,Charles Traoré,1,0.5,43.6,74.7,0.3,1.9,0.0,6.92
113,Otávio,3,0.3,60.5,89.5,0.1,2.8,0.0,6.92
114,Toma Basic,3,1.5,36.1,81.5,0.9,1.8,0.1,6.92
115,Romain Salin,0.0,0.0,21.2,66.0,0.0,5.2,0.0,6.92
116,Youssouf Fofana,2,0.7,50.0,85.1,0.1,2.7,0.1,6.91
117,Romain Del Castillo,5,1,21.1,79.2,0.4,0.6,0.1,6.91
118,Alfred Gomis,0.0,0.0,32.6,65.5,0.0,8.6,0.0,6.9
119,Lucas Tousart,2,0.4,38.9,84.9,0.1,1.7,0.0,6.9
120,Yohann Pelé,0.0,0.0,20.0,77.5,0.0,2.0,0.0,6.89
121,Issiaga Sylla,2,0.9,40.9,75.5,0.6,1.5,0.0,6.89
122,Kenny Lala,1,1.2,40.1,78.6,1,3.8,0.0,6.88
123,Mohamed Simakan,0.0,0.5,39.7,76.9,0.2,3.1,0.0,6.88
124,Renaud Ripart,2,0.8,22.5,69.1,0.3,0.8,0.0,6.88
125,Abdou Diallo,1,0.3,64.6,92.6,0.1,3.1,0.0,6.88
126,Samuel Kalu,1,0.5,23.0,75.9,0.3,0.8,0.0,6.88
127,Zaydou Youssouf,0.0,0.6,31.9,81.4,0.0,3.0,0.0,6.87
128,Ander Herrera,1,1,58.6,93.0,0.3,1.3,0.0,6.87
129,Karl Toko Ekambi,1,1.3,21.6,80.9,0.8,1.0,0.0,6.87
130,Gaëtan Charbonnier,5,1.2,30.7,78.5,0.1,1.5,0.1,6.87
131,Denys Bain,0.0,0.0,46.1,91.2,0.0,1.8,0.0,6.87
132,Gelson Martins,1,1.3,31.2,83.7,0.3,0.4,0.0,6.86
133,Danijel Petkovic,0.0,0.0,21.5,72.1,0.0,8.0,0.0,6.86
134,Matthieu Udol,1,0.5,34.5,74.3,0.5,1.3,0.0,6.86
135,Thiago Mendes,6,1,52.6,85.8,0.1,3.5,0.0,6.86
136,Dante,0.0,0.3,77.6,91.2,0.0,4.4,0.0,6.86
137,Alexis Claude Maurice,1,0.9,25.5,87.2,0.3,0.8,0.0,6.86
138,Mathieu Debuchy,1,0.6,39.3,73.2,0.4,2.0,0.0,6.85
139,Romain Thomas,2,0.2,43.5,85.5,0.0,4.8,0.0,6.85
140,Jonathan Ikoné,6,1.1,23.6,78.2,0.1,0.7,0.2,6.85
141,Axel Disasi,0.0,0.2,55.3,84.6,0.0,4,0.0,6.84
142,Benoit Badiashile,0.0,0.1,58.4,85.3,0.0,3.6,0.0,6.84
143,Abdoul Kader Bamba,3,1.4,24.4,81.2,0.8,0.6,0.1,6.84
144,Florent Mollet,3,1.7,30.3,85.5,1.3,1.6,0.1,6.83
145,Jeff Reine-Adélaïde,1,0.8,28.6,87.3,0.2,0.6,0.0,6.83
146,Imran Louza,2,1.5,44.3,80.7,0.6,2.4,0.1,6.83
147,Melvin Bard,0.0,2.0,39.0,89.7,0.0,0.0,0.0,6.83
148,Aurelien Tchouameni,1,0.4,46.2,85.0,0.0,1.3,0.0,6.83
149,Thomas Foket,1,0.8,36.3,78.8,0.6,1.6,0.0,6.83
150,Thomas Mangani,2,2.1,51.9,83.4,1.7,2.9,0.0,6.82
151,Benjamin Bourigeaud,2,1.1,42.6,79.6,1.5,4.2,0.0,6.82
152,Lima,0.0,1.7,43.7,77.1,2.7,1.3,0.0,6.82
153,Jonathan Bamba,4,1.4,29.3,82.8,0.6,1.3,0.1,6.82
154,Arnaud Souquet,0.0,0.5,31.8,75.9,0.3,1.2,0.0,6.81
155,Abdoulaye Touré,0.0,0.6,49.1,84.3,0.1,2.4,0.0,6.81
156,Gen Shoji,0.0,0.0,41.0,85.4,0.0,5.0,0.0,6.81
157,Hiroki Sakai,0.0,0.7,43.3,84.2,0.3,1.3,0.0,6.81
158,Wesley Fofana,0.0,0.1,45.9,81.8,0.0,1.7,0.0,6.8
159,Duje Caleta-Car,1,0.3,46.7,86.7,0.0,3.5,0.0,6.8
160,Kalifa Coulibaly,0.0,0.6,15.5,55.7,0.1,0.0,0.0,6.8
161,Julien Faussurier,3,1.2,42.0,71.9,1,3.4,0.0,6.79
162,Léo Dubois,0.0,0.8,46.7,82.7,0.4,2.3,0.0,6.79
163,Remi Oudin,2,1.2,22.7,68.4,0.4,1.5,0.1,6.79
164,Layvin Kurzawa,0.0,0.1,42.1,90.8,0.3,0.5,0.0,6.78
165,Nicolas Cozza,0.0,0.0,35.3,81.8,0.0,2.7,0.0,6.78
166,Wesley Lautoa,1,0.4,42.8,86.4,0.0,3.7,0.0,6.78
167,Ibrahim Sangaré,1,1.1,50.6,78.7,0.1,3.6,0.0,6.77
168,Jason Denayer,1,0.1,64.1,94.0,0.0,3.3,0.0,6.77
169,Joris Gnagnon,1,0.2,34.2,90.0,0.1,1.4,0.0,6.77
170,Yoann Court,7,0.7,20.6,75.3,0.5,1.1,0.0,6.77
171,Max-Alain Gradel,2,0.9,23.5,70.2,0.8,0.3,0.0,6.77
172,Romain Hamouma,1,1.2,15.9,76.7,0.7,0.7,0.1,6.77
173,Pablo Martinez,1,0.2,41.3,77.7,0.0,3.4,0.0,6.76
174,Dennis Appiah,0.0,0.4,40.1,76.6,0.1,0.9,0.0,6.76
175,Arthur Zagre,0.0,0.0,15.0,80.0,0.0,0.0,0.0,6.76
176,Harold Moukoudi,0.0,0.0,52.2,86.8,0.0,1.4,0.0,6.76
177,Jhonder Cádiz,2,0.6,10.6,60.6,0.1,0.4,0.1,6.75
178,Damien Le Tallec,0.0,0.2,35.0,80.2,0.0,2.4,0.0,6.75
179,Sada Thioub,2,1.2,27.5,82.9,0.4,0.7,0.0,6.75
180,Farid El Melali,0.0,0.1,11.3,70.0,0.3,0.4,0.0,6.75
181,Yannis Clementia,0.0,0.0,22.5,57.8,0.0,2.5,0.0,6.75
182,Kevin N'Doram,0.0,0.3,45.1,88.7,0.0,2.0,0.0,6.74
183,Youssouf Sabaly,1,1,39.4,82.5,0.5,1.2,0.2,6.74
184,Rayan Aït-Nouri,2,0.5,36.2,78.2,0.8,1.6,0.0,6.74
185,Boulaye Dia,1,1.2,13.2,74.1,0.0,0.3,0.0,6.74
186,Molla Wagué,0.0,0.1,35.9,83.3,0.1,1.3,0.0,6.74
187,Christophe Jallet,1,1,34.8,78.5,1.1,2.3,0.0,6.74
188,John Boye,0.0,0.0,38.2,85.5,0.0,2.4,0.0,6.74
189,Hamza Mendyl,1,0.4,36.3,79.5,0.3,2.4,0.0,6.74
190,Youssouf Fofana,0.0,0.6,33.1,84.0,0.1,1.8,0.0,6.73
191,Didier Ndong,2,0.6,51.8,89.0,0.1,2.9,0.1,6.73
192,Guillermo Maripán,0.0,0.1,53.8,88.0,0.1,4.6,0.0,6.73
193,Loic Perrin,0.0,0.2,52.3,87.6,0.0,3.2,0.0,6.73
194,Maxence Caqueret,0.0,0.8,47.6,86.4,0.1,1.6,0.0,6.73
195,Mehmet Zeki Çelik,2,0.7,46.0,79.4,0.4,2.7,0.0,6.73
196,Danilo Barbosa,0.0,0.6,49.4,91.7,0.0,1.6,0.0,6.73
197,Mickaël Alphonse,1,0.5,32.1,70.3,0.4,1.1,0.0,6.73
198,Yacine Adli,3,0.9,25.1,83.1,0.4,0.9,0.0,6.73
199,Kamil Glik,0.0,0.1,49.0,88.2,0.0,2.5,0.0,6.73
200,Pablo Sarabia,3,0.9,29.4,82.7,0.3,0.6,0.2,6.73
201,Arturo Calabresi,1,0.3,35.7,72.5,0.2,1.5,0.0,6.72
202,Moses Simon,5,1.4,22.7,78.3,0.5,0.3,0.0,6.72
203,John Steven Mendoza,0.0,0.6,23.8,71.7,0.2,0.5,0.0,6.71
204,Matz Sels,0.0,0.0,27.4,63.4,0.0,8.7,0.0,6.71
205,Fouad Chafik,2,1.1,36.5,77.9,0.9,2.9,0.1,6.71
206,Gaël Kakuta,5,1.1,31.0,73.8,0.5,0.8,0.2,6.71
207,Thilo Kehrer,0.0,0.3,54.6,93.2,0.1,1.9,0.0,6.71
208,Ryad Boudebouz,4,1.8,35.5,77.9,1.1,2.5,0.2,6.71
209,Mathieu Cafaro,2,1.2,19.9,69.1,1.2,1.8,0.0,6.71
210,Adama Soumaoro,0.0,0.0,58.2,96.3,0.0,1.3,0.0,6.71
211,Anthony Lopes,0.0,0.0,25.9,80.2,0.0,4.8,0.0,6.71
212,Hichem Boudaoui,2,0.8,19.6,82.4,0.4,0.3,0.0,6.7
213,Mehdi Abeid,2,1.1,35.8,86.4,0.6,1.3,0.0,6.7
214,Jimmy Briand,1,0.8,14.8,78.5,0.0,0.1,0.0,6.7
215,Pierrick Capelle,2,1.1,30.3,82.3,0.3,0.9,0.0,6.7
216,Majeed Waris,1,0.7,11.1,75.6,0.3,0.0,0.1,6.7
217,Youssouf Kone,0.0,0.7,50.1,87.5,0.2,2.1,0.0,6.7
218,William Saliba,0.0,0.1,45.1,88.0,0.0,2.3,0.0,6.69
219,Kenny Tete,1,0.7,37.6,83.1,0.6,1.7,0.0,6.69
220,Jérémy Pied,0.0,0.4,50.0,75.2,1.4,1.8,0.0,6.69
221,Gaëtan Belaud,0.0,0.3,41.3,81.0,0.1,3.4,0.0,6.69
222,Joachim Andersen,0.0,0.2,73.8,89.9,0.0,4.8,0.0,6.69
223,Arnaud Lusamba,2,1.2,28.5,84.8,0.3,1.3,0.0,6.69
224,Lovre Kalinic,0.0,0.0,26.3,42.9,0.0,6.8,0.0,6.69
225,Keylor Navas,0.0,0.0,22.2,84.5,0.0,2.8,0.0,6.69
226,Remi Oudin,1,0.6,30.5,68.9,0.0,0.3,0.1,6.69
227,Domagoj Bradaric,1,0.9,33.6,83.0,0.9,1.1,0.0,6.69
228,El Bilal Touré,0.0,0.6,10.7,68.0,0.0,0.4,0.0,6.68
229,Vukasin Jovanovic,1,0.3,50.3,88.3,0.0,2.8,0.0,6.68
230,Bruno Ecuele Manga,0.0,0.2,48.5,84.5,0.0,4.2,0.0,6.68
231,Daniel Congré,1,0.1,37.3,82.7,0.1,2.8,0.0,6.68
232,Sidy Sarr,2,0.5,23.9,70.5,0.0,1.6,0.0,6.68
233,Dylan Bronn,0.0,0.0,34.8,78.6,0.0,3.4,0.0,6.68
234,José Fonte,1,0.2,58.8,86.7,0.0,3.2,0.0,6.68
235,Frédéric Sammaritano,2,2,21.1,86.3,1.3,1.1,0.0,6.68
236,Laurent Koscielny,0.0,0.1,54.8,87.9,0.0,2.8,0.0,6.68
237,Mama Baldé,2,0.9,13.5,70.8,0.3,0.2,0.0,6.67
238,Irvin Cardona,3,0.9,19.5,65.6,0.1,0.8,0.0,6.67
239,Lamine Koné,0.0,0.2,40.7,80.9,0.1,3.7,0.0,6.67
240,Benjamin Lecomte,0.0,0.0,25.5,70.5,0.0,6.8,0.0,6.67
241,Jonathan Cafú,0.0,0.7,26.3,84.8,0.0,0.3,0.0,6.67
242,William Vainqueur,0.0,0.4,46.3,89.6,0.1,1.7,0.0,6.67
243,Haris Belkebla,0.0,0.4,36.8,86.2,0.0,2.0,0.0,6.66
244,Marshall Munetsi,2,0.3,22.2,77.5,0.1,1.3,0.0,6.66
245,Jean-Charles Castelletto,0.0,0.2,45.8,84.8,0.0,3.2,0.0,6.66
246,Loïck Landre,0.0,0.2,35.8,78.2,0.0,2.3,0.0,6.66
247,Steve Mandanda,0.0,0.0,26.2,62.7,0.0,4.7,0.0,6.66
248,Ibrahima Diallo,1,0.5,44.8,86.0,0.0,3.0,0.1,6.66
249,Jean Eudes Aholou,1,0.4,27.7,85.2,0.0,0.7,0.0,6.65
250,Luiz Gustavo,0.0,0.7,32.3,95.9,0.0,1.0,0.0,6.65
251,Benoît Costil,0.0,0.0,28.0,66.8,0.0,7.1,0.0,6.64
252,Jean-Ricner Bellegarde,0.0,0.9,27.9,86.6,0.3,2.2,0.0,6.64
253,Bafodé Diakité,0.0,0.1,39.8,87.1,0.1,1.8,0.0,6.64
254,Yassine Benzia,0.0,1.3,26.7,78.8,0.0,0.7,0.0,6.64
255,Clément Grenier,0.0,1.1,38.6,77.4,0.2,2.3,0.1,6.64
256,Adrien Hunou,1,0.6,13.2,75.9,0.1,0.2,0.0,6.64
257,Ismael Traoré,0.0,0.2,45.3,83.8,0.0,2.1,0.0,6.64
258,Jérémy Morel,0.0,0.4,46.0,82.9,0.2,3.0,0.0,6.63
259,Nemanja Radonjic,1,0.7,14.9,72.8,0.2,0.5,0.0,6.63
260,Alban Lafont,0.0,0.0,27.8,56.6,0.0,6.4,0.0,6.63
261,Pedro Mendes,0.0,0.1,44.3,80.7,0.1,4.1,0.0,6.63
262,Adrien Silva,2,0.7,37.6,86.7,0.4,1.9,0.0,6.63
263,Ruben Aguilar,2,0.9,32.4,89.3,0.8,0.6,0.0,6.63
264,Matthieu Dossevi,2,1.9,20.1,75.5,2.2,0.3,0.0,6.63
265,Álvaro González,0.0,0.2,44.0,85.7,0.0,2.7,0.0,6.62
266,Rémi Walter,0.0,1,24.0,95.8,0.0,2.0,0.0,6.62
267,Cristian Battocchio,1,0.8,33.6,81.0,0.5,2.7,0.0,6.62
268,Patrick Burner,1,0.4,46.9,86.4,0.3,1.5,0.0,6.61
269,Yaya Sanogo,1,0.5,11.5,65.1,0.0,0.1,0.0,6.61
270,Jean-Kévin Duverne,0.0,0.1,61.3,84.1,0.0,5.6,0.1,6.61
271,Paul Bernardoni,0.0,0.0,25.0,57.8,0.0,5.8,0.0,6.61
272,Flavien Tait,2,1.1,22.3,76.0,0.2,0.5,0.0,6.61
273,Ibrahim Cissé,0.0,1,48.0,87.5,1,4.0,0.0,6.61
274,Leandro Paredes,1,0.3,54.9,93.4,0.0,3.4,0.0,6.61
275,Stevan Jovetic,0.0,0.7,22.0,64.6,0.1,1.0,0.0,6.61
276,Saman Ghoddos,0.0,1,15.8,77.2,1.2,0.8,0.0,6.61
277,Moussa Wague,2,1,24.8,77.4,0.6,1.0,0.0,6.6
278,Rafael,0.0,0.2,27.8,81.5,0.2,0.8,0.0,6.6
279,Aurélien Chedjou,0.0,0.1,47.5,78.8,0.0,4.8,0.0,6.6
280,Jordan Ferri,0.0,1.4,43.3,83.8,0.6,2.7,0.0,6.6
281,Loris Benito,0.0,0.7,48.4,83.8,0.3,1.7,0.0,6.6
282,Jacques-Alaixys Romao,0.0,0.5,44.3,83.1,0.0,3.2,0.0,6.6
283,Abdoulaye Bamba,0.0,0.4,29.6,76.3,0.4,0.9,0.0,6.59
284,Rachid Alioui,1,0.6,16.4,74.1,0.1,0.3,0.0,6.59
285,Mamadou Fofana I,0.0,0.3,37.9,84.7,0.0,2.0,0.0,6.59
286,Romain Amalfitano,1,0.5,33.2,79.9,0.2,2.2,0.1,6.59
287,Mike Maignan,0.0,0.0,22.4,57.3,0.0,5.6,0.0,6.58
288,Anthony Briançon,0.0,0.1,39.7,82.0,0.0,3.9,0.0,6.58
289,Mexer,2,0.3,54.4,81.2,0.1,2.8,0.0,6.58
290,Matis Carvalho,0.0,0.0,23.0,43.5,0.0,4.0,0.0,6.58
291,Ambroise Oyongo,0.0,0.6,32.3,77.3,0.6,2.0,0.0,6.58
292,Loïc Rémy,0.0,0.4,10.3,80.1,0.1,0.6,0.0,6.58
293,Martin Terrier,2,0.7,18.3,79.8,0.2,0.8,0.0,6.58
294,Kevin Strootman,3,0.5,37.9,85.6,0.0,2.0,0.0,6.57
295,Romain Perraud,1,0.8,42.4,78.1,0.8,1.3,0.0,6.57
296,Mathias Pereira Lage,3,0.9,19.2,75.2,0.4,0.2,0.1,6.57
297,Yassine Benrahou,2,1.2,15.7,79.8,0.5,0.5,0.0,6.57
298,Jérémy Gelin,0.0,0.1,39.1,88.1,0.0,3.9,0.0,6.57
299,Brendan Chardonnet,0.0,0.2,45.9,87.7,0.0,4.8,0.0,6.57
300,Ngonda Muzinga,0.0,0.3,43.7,74.4,0.3,1.7,0.0,6.57
301,Romain Philippoteaux,2,0.9,19.7,75.6,0.4,0.4,0.0,6.57
302,Fodé Ballo-Touré,0.0,0.8,31.7,82.4,0.7,1.3,0.0,6.57
303,Reinildo,0.0,0.4,33.3,81.4,0.3,0.9,0.0,6.57
304,Moussa Doumbia,1,1,24.3,81.0,0.4,1.2,0.0,6.56
305,Colin Dagba,0.0,0.7,32.8,92.1,0.6,0.3,0.0,6.56
306,Quentin Boisgard,1,0.9,23.1,80.3,0.5,0.3,0.0,6.56
307,Edinson Cavani,1,0.7,9.5,84.2,0.1,0.2,0.0,6.56
308,Florian Miguel,0.0,0.5,27.9,70.1,0.4,1.4,0.0,6.56
309,Denis Petric,0.0,0.0,18.0,38.9,0.0,3.0,0.0,6.56
310,Ibrahima Sissoko,1,0.6,27.3,83.8,0.2,1.4,0.0,6.56
311,Antonin Bobichon,1,0.6,23.8,81.3,0.8,0.6,0.0,6.56
312,Malang Sarr,0.0,0.1,60.0,90.4,0.1,3.4,0.0,6.56
313,Efthymios Koulouris,2,0.7,20.1,73.5,0.1,0.3,0.0,6.56
314,Abdoulaye Jules Keita,0.0,0.3,11.7,74.3,0.0,0.0,0.3,6.55
315,Haitam Aleesami,1,0.6,42.6,77.6,0.3,1.3,0.0,6.55
316,Theo Valls,1,1.1,28.5,79.7,0.5,1.7,0.0,6.54
317,Sergi Palencia,0.0,0.3,32.3,79.4,0.2,1.7,0.0,6.54
318,Renaud Cohade,0.0,0.7,46.5,84.1,0.3,2.6,0.0,6.54
319,Sofiane Alakouch,0.0,0.6,34.4,80.9,0.5,1.8,0.0,6.54
320,Tiago Djaló,0.0,0.1,48.9,85.9,0.0,3.1,0.0,6.54
321,Christophe Hérelle,0.0,0.1,56.8,89.6,0.1,2.9,0.0,6.54
322,Samuel Grandsir,1,0.8,19.3,75.5,0.5,0.5,0.0,6.54
323,Lamine Fomba,0.0,0.5,19.8,69.9,0.0,0.6,0.0,6.54
324,Miguel Trauco,2,0.5,34.6,74.6,0.2,1.2,0.0,6.53
325,Nuno da Costa,0.0,0.4,9.8,64.2,0.0,0.2,0.0,6.53
326,Ibrahima Niane,0.0,0.4,12.2,73.0,0.2,0.2,0.0,6.53
327,Stefan Mitrovic,1,0.2,41.4,89.4,0.0,3.3,0.0,6.53
328,Luiz Araújo,1,0.6,13.1,76.4,0.3,0.4,0.0,6.53
329,Nicolas Isimat-Mirin,0.0,0.1,38.5,82.6,0.0,2.5,0.0,6.53
330,Prince-Désir Gouano,0.0,0.0,34.0,89.2,0.0,2.3,0.0,6.53
331,Wahbi Khazri,2,1.2,18.0,70.5,0.6,1.3,0.1,6.52
332,Yann M'Vila,2,0.4,52.3,85.8,0.0,5.2,0.0,6.52
333,Mahdi Camara,0.0,0.3,37.3,85.5,0.1,0.9,0.0,6.52
334,James Léa Siliki,0.0,0.4,19.1,78.5,0.2,0.7,0.1,6.52
335,Mathias Autret,3,1.3,20.9,71.9,1,1.0,0.0,6.52
336,Hwang Ui-Jo,2,0.3,16.9,83.7,0.0,0.3,0.0,6.52
337,Alexis Blin,1,0.3,42.9,84.8,0.2,2.2,0.0,6.51
338,Lionel Carole,0.0,0.8,35.9,80.7,0.4,2.7,0.0,6.51
339,Juan Ferney Otero,2,0.5,17.4,67.7,0.3,0.4,0.0,6.51
340,Josh Maja,2,0.5,9.7,83.3,0.0,0.0,0.1,6.51
341,Farid Boulaya,1,1.2,19.1,73.8,0.5,0.6,0.1,6.51
342,Régis Gurtner,0.0,0.1,25.9,60.4,0.0,8.1,0.0,6.51
343,Valère Germain,4,0.5,16.1,75.6,0.2,0.4,0.0,6.51
344,Jonas Martin,0.0,1.3,59.7,91.1,0.7,4,0.0,6.5
345,Bakaye Dibassy,0.0,0.1,38.7,79.1,0.1,0.8,0.0,6.5
346,Manuel Cabit,1,0.7,32.7,76.5,0.3,1,0.0,6.5
347,Paul Lasne,1,0.8,34.1,83.3,0.2,1.2,0.1,6.5
348,Franck Honorat,3,1.1,24.5,66.3,0.7,0.8,0.1,6.49
349,Benjamin Henrichs,0.0,0.5,35.2,84.1,0.2,1.5,0.0,6.48
350,Stephy Mavididi,1,0.4,13.8,81.6,0.2,0.3,0.1,6.48
351,Nicholas Opoku,0.0,0.0,31.0,75.1,0.0,2.3,0.1,6.48
352,Yohan Cabaye,1,0.5,32.9,82.0,0.2,2.5,0.0,6.48
353,Thomas Delaine,0.0,0.8,29.9,74.3,0.6,1.3,0.0,6.48
354,Wesley Saïd,1,0.5,16.9,82.8,0.3,0.7,0.0,6.47
355,Senou Coulibaly,0.0,0.1,39.7,81.9,0.0,3.8,0.0,6.47
356,Vincent Manceau,0.0,0.6,48.0,80.2,0.2,2.1,0.0,6.47
357,Lebo Mothiba,3,0.5,10.7,84.8,0.1,0.1,0.0,6.47
358,François Kamano,0.0,0.5,26.5,82.5,0.3,0.5,0.0,6.46
359,Anthony Limbombe,0.0,0.5,10.5,73.8,0.5,0.3,0.0,6.45
360,Racine Coly,0.0,0.1,44.8,85.0,0.1,1.1,0.0,6.45
361,Andy Pelmard,0.0,0.0,58.4,90.9,0.0,1.5,0.0,6.44
362,Jemerson,0.0,0.2,46.7,84.3,0.0,0.9,0.0,6.44
363,Keita Baldé,2,0.3,12.5,70.7,0.0,0.1,0.0,6.43
364,Albert-Nicolas Lottin,0.0,0.0,22.0,95.5,0.0,1.0,0.0,6.43
365,Cesc Fàbregas,3,1.3,40.8,84.3,0.6,2.1,0.3,6.43
366,Clement Vidal,0.0,0.0,46.0,78.3,0.0,3.0,0.0,6.43
367,Yusuf Yazici,4,1.3,20.4,76.9,1.1,0.8,0.1,6.43
368,Haris Duljevic,3,0.8,10.3,72.9,0.1,0.3,0.0,6.43
369,Ignatius Ganago,1,0.5,13.0,79.0,0.1,0.3,0.1,6.43
370,Alexandre Mendy,1,0.3,7.9,72.2,0.1,0.1,0.0,6.42
371,Joris Chotard,1,0.6,26.6,77.6,0.2,2.7,0.0,6.42
372,Baptiste Reynet,0.0,0.0,33.2,59.8,0.0,9.3,0.0,6.42
373,Ibrahim Cissé,0.0,0.0,21.5,79.1,0.0,0.0,0.0,6.42
374,Moussa Koné,0.0,0.2,4.0,85.0,0.0,0.6,0.0,6.42
375,Hugo Magnetti,0.0,0.5,19.4,80.6,0.0,1.3,0.0,6.42
376,Arnaud Nordin,0.0,0.6,12.6,81.9,0.4,0.2,0.1,6.42
377,Khéphren Thuram,0.0,0.2,26.9,87.0,0.1,0.7,0.0,6.41
378,Stoppila Sunzu,0.0,0.1,31.4,86.1,0.0,1.9,0.0,6.41
379,Myziane Maolida,2,0.7,16.8,82.2,0.1,0.3,0.0,6.41
380,Rayan Cherki,0.0,0.2,9.5,68.4,0.0,0.2,0.0,6.4
381,Kouadio Koné,0.0,0.4,28.9,81.1,0.0,0.6,0.0,6.4
382,Thierry Ambrose,0.0,0.7,9.8,75.0,0.2,0.3,0.0,6.4
383,Thomas Monconduit,0.0,0.5,36.5,77.7,0.3,2.8,0.1,6.39
384,Mateo Pavlovic,0.0,0.1,31.1,87.4,0.0,2.3,0.0,6.39
385,Antonin Bobichon,0.0,1,42.5,89.4,2.5,6.5,0.0,6.39
386,Benjamin Jeannot,0.0,0.0,31.5,76.2,0.0,2,0.0,6.39
387,Charles Abi,0.0,0.5,8.5,57.5,0.1,0.1,0.0,6.39
388,Marcus Coco,0.0,0.0,2.0,100.0,0.0,0.0,0.0,6.38
389,Cheick Timité,0.0,0.3,13.3,75.0,0.3,0.7,0.0,6.38
390,Victorien Angban,0.0,0.2,30.7,88.1,0.0,1.4,0.0,6.37
391,Gaëtan Paquiez,0.0,0.2,26.6,71.9,0.2,1.5,0.0,6.37
392,Bastian Badu,0.0,0.0,6.0,100.0,0.0,0.0,0.0,6.37
393,Mathías Suárez,0.0,0.0,15.0,60.0,0.0,0.0,0.0,6.37
394,Kévin Zohi,1,0.2,7.9,74.1,0.1,0.4,0.1,6.37
395,Fousseni Diabaté,3,0.7,21.6,78.2,0.5,0.4,0.0,6.37
396,Suk Hyun-Jun,1,0.2,4.5,44.8,0.1,0.0,0.0,6.36
397,Théo Pellenard,0.0,0.9,26.3,76.7,0.4,0.8,0.0,6.36
398,Timothée Kolodziejczak,0.0,0.5,43.4,78.3,0.1,1.7,0.0,6.36
399,Casimir Ninga,1,0.8,12.3,77.6,0.0,0.6,0.0,6.36
400,Steven Moreira,0.0,0.9,32.9,78.8,0.3,1.5,0.1,6.36
401,Kelvin Amian,2,0.3,27.1,80.4,0.1,0.9,0.0,6.36
402,Boubakary Soumaré,0.0,0.6,37.7,89.8,0.0,1.9,0.0,6.35
403,Lois Diony,0.0,0.5,8.1,64.9,0.0,0.2,0.0,6.35
404,Maxime Lopez,3,0.8,37.7,89.5,0.2,0.7,0.0,6.35
405,Loïc Mbe Soh,0.0,0.0,69.0,95.7,0.0,2.0,0.0,6.35
406,Ruben Gabrielsen,0.0,0.1,37.0,82.4,0.0,1.6,0.0,6.35
407,Stéphane Ruffier,0.0,0.0,25.0,62.9,0.0,5.3,0.0,6.35
408,Thiago Maia,0.0,0.3,12.3,78.4,0.0,0.7,0.0,6.34
409,Matheus Pereira,0.0,1.1,22.1,74.7,0.3,0.7,0.1,6.34
410,Jean Lucas,0.0,0.2,13.2,90.3,0.0,0.3,0.0,6.34
411,Jonas Martin,0.0,0.3,27.7,91.6,0.0,2.0,0.0,6.34
412,Stéphane Bahoken,0.0,0.6,8.8,77.8,0.2,0.1,0.0,6.34
413,Maxence Rivera,0.0,0.0,8.0,37.5,0.0,1.0,0.0,6.33
414,Rúnar Alex Rúnarsson,0.0,0.0,24.8,70.7,0.0,5.5,0.0,6.33
415,Ludovic Butelle,0.0,0.0,22.3,57.8,0.0,5.7,0.0,6.32
416,Xeka,0.0,0.5,26.5,85.6,0.1,1.6,0.1,6.32
417,Anastasios Donis,0.0,0.4,6.4,64.6,0.1,0.1,0.0,6.32
418,Renaud Emond,0.0,0.3,13.0,69.2,0.0,0.7,0.0,6.32
419,Quentin Cornette,2,0.2,6.7,74.7,0.5,0.4,0.0,6.32
420,Bryan Soumaré,0.0,0.4,10.2,76.2,0.1,0.8,0.1,6.32
421,Mickael Le Bihan,1,0.5,10.5,81.0,0.0,0.0,0.0,6.32
422,Chadrac Akolo,1,0.4,13.4,83.6,0.0,0.1,0.0,6.32
423,Adrien Tameze,0.0,0.9,28.4,86.3,0.0,1,0.1,6.32
424,Kévin Denkey,1,0.3,7.9,66.7,0.1,0.2,0.0,6.32
425,Mihailo Ristic,2,0.6,16.4,73.6,0.4,1.1,0.0,6.31
426,Nathanael Mbuku,0.0,0.3,9.4,71.8,0.0,0.2,0.1,6.31
427,Alphonse Areola,0.0,0.0,16.0,100.0,0.0,1.3,0.0,6.3
428,Florian Thauvin,0.0,0.0,6.0,100.0,0.0,0.0,0.0,6.3
429,Arbër Zeneli,0.0,0.0,1.0,100.0,0.0,0.0,0.0,6.3
430,Sacha Boey,0.0,0.3,11.2,79.1,0.2,0.7,0.0,6.3
431,Agustín Rogel,0.0,0.2,34.3,85.1,0.0,1.4,0.0,6.3
432,Youssef Aït Bennasser,1,0.3,33.4,87.0,0.0,1.2,0.1,6.3
433,Adil Taoui,0.0,0.0,5.5,81.8,0.0,0.5,0.0,6.3
434,Tristan Dingome,1,0.8,23.3,74.0,0.2,0.7,0.1,6.28
435,Jean-Victor Makengo,0.0,0.6,22.7,83.1,0.2,0.7,0.0,6.28
436,Jordan Lefort,1,0.3,45.9,82.4,0.2,3.7,0.0,6.28
437,Lucas Da Cunha,0.0,1,12.0,91.7,0.0,1.0,0.0,6.28
438,Jordan Marié,0.0,0.4,12.9,75.7,0.0,1.1,0.0,6.27
439,Thibaut Vargas,0.0,0.7,14.0,69.0,0.7,0.3,0.0,6.27
440,Cristian Benavente,1,0.6,12.6,81.5,0.0,0.0,0.0,6.27
441,Mitchel Bakker,0.0,0.0,89.0,97.8,0.0,1,0.0,6.27
442,Rene Krhin,0.0,0.0,19.5,86.5,0.0,1.4,0.0,6.27
443,Ihsan Sacko,0.0,0.7,13.0,74.4,0.3,0.3,0.3,6.26
444,Marvin Gakpa,0.0,0.8,18.2,78.1,0.6,0.9,0.0,6.26
445,Stefan Bajic,0.0,0.0,15.0,93.3,0.0,1,0.0,6.26
446,Thomas Basila,0.0,0.1,31.9,80.7,0.1,1.9,0.0,6.26
447,Gabriel Silva,0.0,0.3,18.3,67.1,0.5,0.5,0.0,6.26
448,Jonathan Panzo,0.0,0.0,36.0,86.1,0.0,2,0.0,6.26
449,Junior Sambia,1,0.2,10.8,81.4,0.5,0.3,0.0,6.25
450,Moussa Konaté,0.0,0.2,8.8,71.7,0.0,0.2,0.0,6.24
451,Lucas Valls,0.0,0.0,5.0,60.0,0.0,0.0,0.0,6.24
452,Moussa Diarra,0.0,0.0,54.0,75.9,0.0,1,0.0,6.24
453,Keagan Dolly,0.0,0.7,11.7,81.4,0.3,0.0,0.0,6.24
454,Benjamin Corgnet,0.0,0.2,11.2,61.2,0.2,0.0,0.0,6.24
455,Bongani Zungu,0.0,0.1,25.8,79.9,0.0,1.4,0.0,6.24
456,Roli Pereira De Sa,0.0,2,12.0,91.7,1,0.0,0.0,6.23
457,Robert Beric,0.0,0.4,5.5,68.9,0.1,0.0,0.0,6.23
458,Jordan Siebatcheu,1,0.4,6.9,70.8,0.0,0.1,0.0,6.23
459,Petar Skuletic,0.0,0.2,5.4,66.7,0.0,0.0,0.0,6.23
460,Yann Gboho,1,0.6,6.4,76.5,0.0,0.0,0.0,6.23
461,Vincent Pajot,1,0.5,7.8,70.2,0.0,0.3,0.0,6.23
462,Eddy Gnahore,0.0,0.4,42.4,91.0,0.0,1.8,0.0,6.22
463,Jean Onana,0.0,1,47.0,87.2,1,4,0.0,6.22
464,Florent Balmont,0.0,0.2,22.6,83.1,0.3,0.6,0.0,6.22
465,Saif-Eddine Khaoui,0.0,0.3,7.7,72.2,0.1,0.1,0.1,6.22
466,Nicolás Gaitán,0.0,0.3,8.0,53.1,0.0,0.3,0.0,6.22
467,Bilal Benkhedim,0.0,1.7,19.3,81.0,0.7,0.7,0.0,6.22
468,Ahmad Toure Ngouyamsa,0.0,0.0,10.0,40.0,0.0,0.0,0.0,6.21
469,Dereck Kutesa,0.0,0.4,10.1,75.4,0.1,0.2,0.0,6.21
470,Bilal Boutobba,0.0,0.0,2.0,50.0,1,0.0,0.0,6.2
471,Gerzino Nyamsi,0.0,0.0,12.0,89.6,0.0,1,0.0,6.2
472,Henry Onyekuru,1,0.3,10.5,76.2,0.0,0.5,0.0,6.2
473,Ferris N'Goma,0.0,0.0,3.0,66.7,0.0,0.0,0.0,6.19
474,Enzo Loiodice,0.0,0.0,22.6,83.2,0.0,1.4,0.0,6.18
475,Sanjin Prcic,0.0,0.0,19.0,96.5,0.0,2.3,0.0,6.18
476,Mathieu Bodmer,0.0,0.1,10.3,82.8,0.0,0.7,0.0,6.18
477,Vlatko Stojanovski,0.0,0.5,4.5,74.1,0.2,0.0,0.0,6.18
478,Isaac Mbenza,0.0,1,10.0,83.3,0.3,0.0,0.0,6.17
479,Antoine Valério,0.0,0.0,6.4,71.9,0.0,0.4,0.0,6.17
480,Gautier Lloris,0.0,0.0,59.3,91.6,0.0,2,0.0,6.16
481,Moataz Zemzemi,0.0,1,14.0,92.9,0.0,3,0.0,6.15
482,Amine Adli,0.0,0.5,5.5,90.9,0.0,0.3,0.0,6.15
483,Abdallah Ndour,0.0,1,27.0,71.6,1.8,1.8,0.0,6.15
484,Rubén Pardo,0.0,0.2,18.3,86.4,0.0,1.2,0.0,6.15
485,Jean-Kévin Augustin,0.0,0.0,4.0,82.5,0.0,0.1,0.0,6.15
486,Yun Il-Lok,0.0,0.6,9.8,73.5,0.6,0.0,0.0,6.15
487,Eddy Sylvestre,0.0,0.0,19.0,73.7,0.0,1,0.0,6.14
488,Adrien Lebeau,0.0,0.0,2.0,75.0,0.0,0.0,0.0,6.14
489,Sami Ben Amar,0.0,0.0,4.0,75.0,0.0,0.5,0.0,6.14
490,Edmilson Indjai Correia,0.0,0.5,3.0,83.3,0.0,0.0,0.0,6.13
491,Souleymane Camara,0.0,0.4,3.7,68.8,0.0,0.0,0.0,6.13
492,Yvann Maçon,0.0,0.0,20.5,70.7,0.0,1,0.0,6.13
493,Assane Dioussé,0.0,0.3,12.5,76.0,0.0,0.3,0.0,6.13
494,Boschilia,0.0,0.0,14.0,81.4,0.2,0.4,0.0,6.12
495,Aaron Leya Iseka,0.0,0.2,8.0,75.6,0.0,0.0,0.0,6.12
496,Bassem Srarfi,0.0,0.3,13.0,97.4,0.0,0.3,0.0,6.12
497,Marley Aké,0.0,0.0,3.0,92.6,0.0,0.2,0.0,6.12
498,Kalidou Sidibe,0.0,0.0,11.0,88.6,0.0,0.5,0.0,6.1
499,Samuel Moutoussamy,0.0,0.4,15.6,83.6,0.1,0.6,0.0,6.1
500,Timothee Nkada,0.0,0.3,3.0,58.3,0.1,0.0,0.0,6.09
501,Sambou Sissoko,0.0,0.0,2.3,42.9,0.0,0.0,0.0,6.09
502,Percy Ruiz,0.0,0.3,28.0,76.2,0.0,1.7,0.0,6.08
503,Thody Elie Youan,0.0,0.2,10.6,75.5,0.2,0.0,0.0,6.07
504,Georges Mikautadze,0.0,0.0,3.0,66.7,0.0,0.0,0.0,6.07
505,Timothy Weah,0.0,0.3,9.3,75.0,0.0,0.0,0.3,6.06
506,Cheikh Niasse,0.0,0.0,9.0,100.0,0.0,0.0,0.0,6.06
507,Corentin Jean,0.0,0.0,4.0,50.0,0.0,0.0,0.0,6.06
508,Moussa Sylla,0.0,1,2.0,100.0,0.0,0.0,0.0,6.06
509,Nathan N'Goumou Minpole,0.0,0.0,1.0,100.0,0.0,0.0,0.0,6.04
510,Adama Noss Traoré,0.0,0.0,6.5,84.6,0.0,1,0.0,6.04
511,Riza Durmisi,0.0,0.0,19.5,87.2,0.0,0.8,0.0,6.04
512,Kaj Sierhuis,0.0,0.0,3,100,0.0,0.0,0.0,6.03
513,Lucas Buades,0.0,0.0,2.7,62.5,0.0,0.0,0.0,6.03
514,Rony Lopes,0.0,0.0,25,92,0.0,0.0,0.0,6.02
515,Isaac Lihadji,0.0,0.0,7,78.6,0.0,0.0,0.0,6.01
516,Amine Gouiri,0.0,0.0,0.0,0.0,0.0,0.0,0.0,6.0
517,Danijel Subasic,0.0,0.0,0.0,0.0,0.0,0.0,0.0,6.0
518,Diego Benaglio,0.0,0.0,0.0,0.0,0.0,0.0,0.0,6.0
519,Gaëtan Poussin,0.0,0.0,0.0,0.0,0.0,0.0,0.0,6.0
520,Jeremy Grimm,0.0,0.0,0.0,0.0,0.0,0.0,0.0,6.0
521,Jesé,0.0,0.0,2,100,0.0,0.0,0.0,6.0
522,Kévin Mayi,0.0,0.0,0.0,0.0,0.0,0.0,0.0,6.0
523,Oumar Solet,0.0,0.0,5,60,0.0,0.0,0.0,6.0
524,Maxime Poundjé,0.0,0.0,1.5,100,0.0,0.0,0.0,6.0
525,Sergio Rico,0.0,0.0,21.5,76.7,0.0,0.5,0.0,6.0
526,Pierrick Valdivia,0.0,0.0,17.5,85.7,0.0,2.5,0.0,5.99
527,Rafik Guitane,0.0,0.5,6,66.7,0.0,0.0,0.0,5.99
528,Madih Talal,0.0,0.0,2,100,0.0,0.5,0.0,5.98
529,Théo Sainte-Luce,0.0,0.0,0.3,100,0.0,0.0,0.0,5.97
530,Janis Antiste,0.0,0.0,0.0,0.0,0.0,0.0,0.0,5.96
531,Wesley Moustache,0.0,0.0,25,76,0.0,1,0.0,5.96
532,Abou Ouattara,0.0,0.0,3,66.7,0.0,0.0,0.0,5.95
533,Papa Ndiaga Yade,0.0,0.0,1,0.0,0.0,0.0,0.0,5.94
534,Wilfried Kanga,0.0,0.5,5,75,0.0,0.0,0.0,5.94
535,Aurelien Tchouameni,0.0,0.7,8,87.5,0.0,0.3,0.0,5.92
536,Dimitry Bertaud,0.0,0.0,16.3,83.7,0.0,5.3,0.0,5.9
537,Rayan Philippe,0.0,0.0,7,71.4,0.0,0.0,0.0,5.9
538,Mathieu Goncalves,0.0,0.0,34.5,77.5,0.0,1,0.0,5.89
539,Lyle Foster,0.0,0.0,8.5,64.7,0.0,0.0,0.0,5.88
540,Florian Chabrolle,0.0,0.0,15.0,86.7,0.0,1,0.0,5.79
541,Raoul Bellanova,0.0,0.0,22.0,72.7,0.0,1,0.0,5.73
542,Mauro Goicoechea,0.0,0.0,30.0,48.3,0.0,10,0.0,5.61
543,Paul Delecroix,0.0,0.0,19.5,59.0,0.0,7,0.0,5.58
544,Nicolas Lemaitre,0.0,0.0,23.0,78.3,0.0,3,0.0,5.17
